[    4144ms] [ERROR] WebSocket connection to 'wss://localhost:8081/app/app-key?protocol=7&client=js&version=8.4.0&flash=false' failed: Error in connection establishment: net::ERR_SSL_PROTOCOL_ERROR @ http://[::1]:5173/node_modules/.vite/deps/pusher-js.js?v=6cb87dfa:3255
[   17270ms] [ERROR] WebSocket connection to 'wss://localhost:8081/app/app-key?protocol=7&client=js&version=8.4.0&flash=false' failed: Error in connection establishment: net::ERR_SSL_PROTOCOL_ERROR @ http://[::1]:5173/node_modules/.vite/deps/pusher-js.js?v=6cb87dfa:3255
[   32250ms] [ERROR] WebSocket connection to 'wss://localhost:8081/app/app-key?protocol=7&client=js&version=8.4.0&flash=false' failed: Error in connection establishment: net::ERR_SSL_PROTOCOL_ERROR @ http://[::1]:5173/node_modules/.vite/deps/pusher-js.js?v=6cb87dfa:3255
[   33342ms] [ERROR] WebSocket connection to 'wss://localhost:8081/app/app-key?protocol=7&client=js&version=8.4.0&flash=false' failed: Error in connection establishment: net::ERR_SSL_PROTOCOL_ERROR @ http://[::1]:5173/node_modules/.vite/deps/pusher-js.js?v=6cb87dfa:3255
[   48333ms] [ERROR] WebSocket connection to 'wss://localhost:8081/app/app-key?protocol=7&client=js&version=8.4.0&flash=false' failed: Error in connection establishment: net::ERR_SSL_PROTOCOL_ERROR @ http://[::1]:5173/node_modules/.vite/deps/pusher-js.js?v=6cb87dfa:3255
[   56982ms] [LOG] [vite] server connection lost. Polling for restart... @ http://[::1]:5173/@vite/client:963
[   56984ms] [ERROR] WebSocket connection to 'ws://[::1]:5173/' failed: Error in connection establishment: net::ERR_CONNECTION_REFUSED @ http://[::1]:5173/@vite/client:1034
[   63943ms] [ERROR] WebSocket connection to 'wss://localhost:8081/app/app-key?protocol=7&client=js&version=8.4.0&flash=false' failed: Error in connection establishment: net::ERR_SSL_PROTOCOL_ERROR @ http://[::1]:5173/node_modules/.vite/deps/pusher-js.js?v=6cb87dfa:3255
[   78652ms] [ERROR] WebSocket connection to 'wss://localhost:8081/app/app-key?protocol=7&client=js&version=8.4.0&flash=false' failed: Error in connection establishment: net::ERR_SSL_PROTOCOL_ERROR @ http://[::1]:5173/node_modules/.vite/deps/pusher-js.js?v=6cb87dfa:3255
[  108600ms] [ERROR] WebSocket connection to 'wss://localhost:8081/app/app-key?protocol=7&client=js&version=8.4.0&flash=false' failed: Error in connection establishment: net::ERR_SSL_PROTOCOL_ERROR @ http://[::1]:5173/node_modules/.vite/deps/pusher-js.js?v=6cb87dfa:3255
[  152539ms] [LOG] [vite] server connection lost. Polling for restart... @ http://[::1]:5173/@vite/client:963
[  152543ms] [ERROR] WebSocket connection to 'ws://[::1]:5173/' failed: Error in connection establishment: net::ERR_CONNECTION_REFUSED @ http://[::1]:5173/@vite/client:1034
[  156707ms] [ERROR] WebSocket connection to 'wss://localhost:8081/app/app-key?protocol=7&client=js&version=8.4.0&flash=false' failed: Error in connection establishment: net::ERR_SSL_PROTOCOL_ERROR @ http://[::1]:5173/node_modules/.vite/deps/pusher-js.js?v=6cb87dfa:3255
[  171563ms] [ERROR] WebSocket connection to 'wss://localhost:8081/app/app-key?protocol=7&client=js&version=8.4.0&flash=false' failed: Error in connection establishment: net::ERR_SSL_PROTOCOL_ERROR @ http://[::1]:5173/node_modules/.vite/deps/pusher-js.js?v=6cb87dfa:3255
[  189039ms] [ERROR] WebSocket connection to 'wss://localhost:8081/app/app-key?protocol=7&client=js&version=8.4.0&flash=false' failed: Error in connection establishment: net::ERR_SSL_PROTOCOL_ERROR @ http://[::1]:5173/node_modules/.vite/deps/pusher-js.js?v=6cb87dfa:3255
[  203931ms] [ERROR] WebSocket connection to 'wss://localhost:8081/app/app-key?protocol=7&client=js&version=8.4.0&flash=false' failed: Error in connection establishment: net::ERR_SSL_PROTOCOL_ERROR @ http://[::1]:5173/node_modules/.vite/deps/pusher-js.js?v=6cb87dfa:3255
[  233911ms] [ERROR] WebSocket connection to 'wss://localhost:8081/app/app-key?protocol=7&client=js&version=8.4.0&flash=false' failed: Error in connection establishment: net::ERR_SSL_PROTOCOL_ERROR @ http://[::1]:5173/node_modules/.vite/deps/pusher-js.js?v=6cb87dfa:3255
[  293913ms] [ERROR] WebSocket connection to 'wss://localhost:8081/app/app-key?protocol=7&client=js&version=8.4.0&flash=false' failed: Error in connection establishment: net::ERR_SSL_PROTOCOL_ERROR @ http://[::1]:5173/node_modules/.vite/deps/pusher-js.js?v=6cb87dfa:3255
[  353913ms] [ERROR] WebSocket connection to 'wss://localhost:8081/app/app-key?protocol=7&client=js&version=8.4.0&flash=false' failed: Error in connection establishment: net::ERR_SSL_PROTOCOL_ERROR @ http://[::1]:5173/node_modules/.vite/deps/pusher-js.js?v=6cb87dfa:3255
[  413913ms] [ERROR] WebSocket connection to 'wss://localhost:8081/app/app-key?protocol=7&client=js&version=8.4.0&flash=false' failed: Error in connection establishment: net::ERR_SSL_PROTOCOL_ERROR @ http://[::1]:5173/node_modules/.vite/deps/pusher-js.js?v=6cb87dfa:3255
[  473929ms] [ERROR] WebSocket connection to 'wss://localhost:8081/app/app-key?protocol=7&client=js&version=8.4.0&flash=false' failed: Error in connection establishment: net::ERR_SSL_PROTOCOL_ERROR @ http://[::1]:5173/node_modules/.vite/deps/pusher-js.js?v=6cb87dfa:3255
[  509048ms] [WARNING] VIDEOJS: WARN: A plugin named "qualityLevels" already exists. You may want to avoid re-registering plugins! @ http://[::1]:5173/node_modules/.vite/deps/chunk-DTGHR6ZK.js?v=6cb87dfa:12022
[  509133ms] [LOG] Internal navigation detected - will try unmuted autoplay @ http://[::1]:5173/resources/js/Components/Livestream/StreamPlayer.vue:35
[  509159ms] [LOG] Chromecast plugin loaded successfully @ http://[::1]:5173/resources/js/Components/Livestream/VideoJsPlayer.vue:102
[  509159ms] [LOG] Chromecast plugin is registered with Video.js @ http://[::1]:5173/resources/js/Components/Livestream/VideoJsPlayer.vue:106
[  509245ms] [LOG] Cast SDK loaded @ http://[::1]:5173/resources/js/Components/Livestream/VideoJsPlayer.vue:116
[  509246ms] [LOG] Internal navigation - attempting unmuted autoplay @ http://[::1]:5173/resources/js/Components/Livestream/VideoJsPlayer.vue:162
[  509357ms] [LOG] Cast API is available @ http://[::1]:5173/resources/js/Components/Livestream/VideoJsPlayer.vue:120
[  509365ms] [LOG] Player is ready @ http://[::1]:5173/resources/js/Components/Livestream/VideoJsPlayer.vue:332
[  509366ms] [LOG] Hotkeys plugin initialized @ http://[::1]:5173/resources/js/Components/Livestream/VideoJsPlayer.vue:451
[  509366ms] [LOG] Player ready - Initial volume: 1 Muted: false @ http://[::1]:5173/resources/js/Components/Livestream/VideoJsPlayer.vue:469
[  509366ms] [LOG] Chromecast plugin is available on player @ http://[::1]:5173/resources/js/Components/Livestream/VideoJsPlayer.vue:473
[  509377ms] [WARNING] Mixed Content: The page at 'https://streaming.test/show/ef-prime' was loaded over HTTPS, but requested an insecure element 'http://[::1]:5173/node_modules/@silvermine/videojs-chromecast/dist/images/ic_cast_white_24dp.png'. This request was not upgraded to HTTPS because its URL's host is an IP address. @ http://[::1]:5173/node_modules/.vite/deps/videojs-hotkeys.js?v=6cb87dfa:71
[  509466ms] [LOG] Attempting unmuted autoplay (internal navigation)... @ http://[::1]:5173/resources/js/Components/Livestream/VideoJsPlayer.vue:341
[  509905ms] [LOG] Quality level added: 480p @ 1790800 bps @ http://[::1]:5173/resources/js/Components/Livestream/VideoJsPlayer.vue:826
[  509905ms] [LOG] Quality level added: 720p @ 4026000 bps @ http://[::1]:5173/resources/js/Components/Livestream/VideoJsPlayer.vue:826
[  509905ms] [LOG] Quality level added: 1080p @ 6811200 bps @ http://[::1]:5173/resources/js/Components/Livestream/VideoJsPlayer.vue:826
[  509905ms] [LOG] Quality switched to: 1080p @ 6811200 bps @ http://[::1]:5173/resources/js/Components/Livestream/VideoJsPlayer.vue:857
[  509905ms] [LOG] Quality changed: {height: 1080, width: 1920, bitrate: 6811200, index: 2, label: 1080p} @ http://[::1]:5173/resources/js/Components/Livestream/StreamPlayer.vue:92
[  509907ms] [LOG] Playing show: EF Prime @ http://[::1]:5173/resources/js/Components/Livestream/StreamPlayer.vue:94
[  510040ms] [LOG] Metadata loaded @ http://[::1]:5173/resources/js/Components/Livestream/VideoJsPlayer.vue:704
[  510041ms] [WARNING] VIDEOJS: WARN: Using the tech directly can be dangerous. I hope you know what you're doing.
See https://github.com/videojs/video.js/issues/2617 for more info.
 @ http://[::1]:5173/node_modules/.vite/deps/chunk-DTGHR6ZK.js?v=6cb87dfa:12022
[  510055ms] [LOG] Data loaded @ http://[::1]:5173/resources/js/Components/Livestream/VideoJsPlayer.vue:736
[  510055ms] [LOG] Can play @ http://[::1]:5173/resources/js/Components/Livestream/VideoJsPlayer.vue:757
[  510056ms] [LOG] Stream is playing @ http://[::1]:5173/resources/js/Components/Livestream/StreamPlayer.vue:57
[  510056ms] [LOG] Unmuted autoplay successful! @ http://[::1]:5173/resources/js/Components/Livestream/VideoJsPlayer.vue:343
[  510367ms] [LOG] Chromecast button found in control bar @ http://[::1]:5173/resources/js/Components/Livestream/VideoJsPlayer.vue:479
[  510370ms] [LOG] Adaptive quality selector added with 3 qualities @ http://[::1]:5173/resources/js/Components/Livestream/VideoJsPlayer.vue:669
[  511056ms] [WARNING] VIDEOJS: WARN: Using the tech directly can be dangerous. I hope you know what you're doing.
See https://github.com/videojs/video.js/issues/2617 for more info.
 @ http://[::1]:5173/node_modules/.vite/deps/chunk-DTGHR6ZK.js?v=6cb87dfa:12022
[  511568ms] [WARNING] VIDEOJS: WARN: Using the tech directly can be dangerous. I hope you know what you're doing.
See https://github.com/videojs/video.js/issues/2617 for more info.
 @ http://[::1]:5173/node_modules/.vite/deps/chunk-DTGHR6ZK.js?v=6cb87dfa:12022
[  511570ms] [LOG] Can play @ http://[::1]:5173/resources/js/Components/Livestream/VideoJsPlayer.vue:757
[  511570ms] [LOG] Stream is playing @ http://[::1]:5173/resources/js/Components/Livestream/StreamPlayer.vue:57
[  512578ms] [WARNING] VIDEOJS: WARN: Using the tech directly can be dangerous. I hope you know what you're doing.
See https://github.com/videojs/video.js/issues/2617 for more info.
 @ http://[::1]:5173/node_modules/.vite/deps/chunk-DTGHR6ZK.js?v=6cb87dfa:12022
[  518949ms] [WARNING] VIDEOJS: WARN: Problem encountered with playlist 0-/hls/prime_sd.m3u8. Playlist no longer updating. Switching to playlist 1-/hls/prime_hd.m3u8. @ http://[::1]:5173/node_modules/.vite/deps/chunk-DTGHR6ZK.js?v=6cb87dfa:12022
[  519031ms] [LOG] Quality switched to: 1080p @ 6811200 bps @ http://[::1]:5173/resources/js/Components/Livestream/VideoJsPlayer.vue:857
[  519031ms] [LOG] Quality changed: {height: 1080, width: 1920, bitrate: 6811200, index: 2, label: 1080p} @ http://[::1]:5173/resources/js/Components/Livestream/StreamPlayer.vue:92
[  519031ms] [LOG] Playing show: EF Prime @ http://[::1]:5173/resources/js/Components/Livestream/StreamPlayer.vue:94
[  521265ms] [WARNING] VIDEOJS: WARN: Problem encountered with playlist 1-/hls/prime_hd.m3u8. Playlist no longer updating. Switching to playlist 2-/hls/prime_fhd.m3u8. @ http://[::1]:5173/node_modules/.vite/deps/chunk-DTGHR6ZK.js?v=6cb87dfa:12022
[  521324ms] [LOG] Quality switched to: 1080p @ 6811200 bps @ http://[::1]:5173/resources/js/Components/Livestream/VideoJsPlayer.vue:857
[  521324ms] [LOG] Quality changed: {height: 1080, width: 1920, bitrate: 6811200, index: 2, label: 1080p} @ http://[::1]:5173/resources/js/Components/Livestream/StreamPlayer.vue:92
[  521324ms] [LOG] Playing show: EF Prime @ http://[::1]:5173/resources/js/Components/Livestream/StreamPlayer.vue:94
[  523426ms] [WARNING] VIDEOJS: WARN: Removing other playlists from the exclusion list because the last rendition is about to be excluded. @ http://[::1]:5173/node_modules/.vite/deps/chunk-DTGHR6ZK.js?v=6cb87dfa:12022
[  523426ms] [WARNING] VIDEOJS: WARN: Problem encountered with playlist 2-/hls/prime_fhd.m3u8. Playlist no longer updating. Switching to playlist 0-/hls/prime_sd.m3u8. @ http://[::1]:5173/node_modules/.vite/deps/chunk-DTGHR6ZK.js?v=6cb87dfa:12022
[  524681ms] [LOG] Quality switched to: 720p @ 4026000 bps @ http://[::1]:5173/resources/js/Components/Livestream/VideoJsPlayer.vue:857
[  524681ms] [LOG] Quality changed: {height: 720, width: 1280, bitrate: 4026000, index: 1, label: 720p} @ http://[::1]:5173/resources/js/Components/Livestream/StreamPlayer.vue:92
[  524681ms] [LOG] Playing show: EF Prime @ http://[::1]:5173/resources/js/Components/Livestream/StreamPlayer.vue:94
[  533014ms] [LOG] Internal navigation detected - will try unmuted autoplay @ http://[::1]:5173/resources/js/Components/Livestream/StreamPlayer.vue:35
[  533022ms] [LOG] Chromecast plugin loaded successfully @ http://[::1]:5173/resources/js/Components/Livestream/VideoJsPlayer.vue:102
[  533022ms] [LOG] Chromecast plugin is registered with Video.js @ http://[::1]:5173/resources/js/Components/Livestream/VideoJsPlayer.vue:106
[  533022ms] [LOG] Cast SDK already loaded @ http://[::1]:5173/resources/js/Components/Livestream/VideoJsPlayer.vue:131
[  533022ms] [LOG] Internal navigation - attempting unmuted autoplay @ http://[::1]:5173/resources/js/Components/Livestream/VideoJsPlayer.vue:162
[  533065ms] [LOG] Player is ready @ http://[::1]:5173/resources/js/Components/Livestream/VideoJsPlayer.vue:332
[  533065ms] [LOG] Hotkeys plugin initialized @ http://[::1]:5173/resources/js/Components/Livestream/VideoJsPlayer.vue:451
[  533065ms] [LOG] Player ready - Initial volume: 1 Muted: false @ http://[::1]:5173/resources/js/Components/Livestream/VideoJsPlayer.vue:469
[  533065ms] [LOG] Chromecast plugin is available on player @ http://[::1]:5173/resources/js/Components/Livestream/VideoJsPlayer.vue:473
[  533165ms] [LOG] Attempting unmuted autoplay (internal navigation)... @ http://[::1]:5173/resources/js/Components/Livestream/VideoJsPlayer.vue:341
[  533268ms] [LOG] Quality level added: 480p @ 1790800 bps @ http://[::1]:5173/resources/js/Components/Livestream/VideoJsPlayer.vue:826
[  533268ms] [LOG] Quality level added: 720p @ 4026000 bps @ http://[::1]:5173/resources/js/Components/Livestream/VideoJsPlayer.vue:826
[  533268ms] [LOG] Quality level added: 1080p @ 6811200 bps @ http://[::1]:5173/resources/js/Components/Livestream/VideoJsPlayer.vue:826
[  533268ms] [LOG] Quality switched to: 1080p @ 6811200 bps @ http://[::1]:5173/resources/js/Components/Livestream/VideoJsPlayer.vue:857
[  533268ms] [LOG] Quality changed: {height: 1080, width: 1920, bitrate: 6811200, index: 2, label: 1080p} @ http://[::1]:5173/resources/js/Components/Livestream/StreamPlayer.vue:92
[  533269ms] [LOG] Playing show: Art Show Walkthrough @ http://[::1]:5173/resources/js/Components/Livestream/StreamPlayer.vue:94
[  533412ms] [LOG] Metadata loaded @ http://[::1]:5173/resources/js/Components/Livestream/VideoJsPlayer.vue:704
[  533412ms] [WARNING] VIDEOJS: WARN: Using the tech directly can be dangerous. I hope you know what you're doing.
See https://github.com/videojs/video.js/issues/2617 for more info.
 @ http://[::1]:5173/node_modules/.vite/deps/chunk-DTGHR6ZK.js?v=6cb87dfa:12022
[  533428ms] [LOG] Data loaded @ http://[::1]:5173/resources/js/Components/Livestream/VideoJsPlayer.vue:736
[  533429ms] [LOG] Can play @ http://[::1]:5173/resources/js/Components/Livestream/VideoJsPlayer.vue:757
[  533433ms] [LOG] Stream is playing @ http://[::1]:5173/resources/js/Components/Livestream/StreamPlayer.vue:57
[  533434ms] [LOG] Unmuted autoplay successful! @ http://[::1]:5173/resources/js/Components/Livestream/VideoJsPlayer.vue:343
[  533570ms] [LOG] Adaptive quality selector added with 3 qualities @ http://[::1]:5173/resources/js/Components/Livestream/VideoJsPlayer.vue:669
[  533921ms] [ERROR] WebSocket connection to 'wss://localhost:8081/app/app-key?protocol=7&client=js&version=8.4.0&flash=false' failed: Error in connection establishment: net::ERR_SSL_PROTOCOL_ERROR @ http://[::1]:5173/node_modules/.vite/deps/pusher-js.js?v=6cb87dfa:3255
[  534066ms] [LOG] Chromecast button found in control bar @ http://[::1]:5173/resources/js/Components/Livestream/VideoJsPlayer.vue:479
[  534429ms] [WARNING] VIDEOJS: WARN: Using the tech directly can be dangerous. I hope you know what you're doing.
See https://github.com/videojs/video.js/issues/2617 for more info.
 @ http://[::1]:5173/node_modules/.vite/deps/chunk-DTGHR6ZK.js?v=6cb87dfa:12022
[  535146ms] [WARNING] VIDEOJS: WARN: Using the tech directly can be dangerous. I hope you know what you're doing.
See https://github.com/videojs/video.js/issues/2617 for more info.
 @ http://[::1]:5173/node_modules/.vite/deps/chunk-DTGHR6ZK.js?v=6cb87dfa:12022
[  535307ms] [LOG] Can play @ http://[::1]:5173/resources/js/Components/Livestream/VideoJsPlayer.vue:757
[  535308ms] [LOG] Stream is playing @ http://[::1]:5173/resources/js/Components/Livestream/StreamPlayer.vue:57
[  535678ms] [WARNING] VIDEOJS: WARN: Using the tech directly can be dangerous. I hope you know what you're doing.
See https://github.com/videojs/video.js/issues/2617 for more info.
 @ http://[::1]:5173/node_modules/.vite/deps/chunk-DTGHR6ZK.js?v=6cb87dfa:12022
[  535789ms] [LOG] Can play @ http://[::1]:5173/resources/js/Components/Livestream/VideoJsPlayer.vue:757
[  535789ms] [LOG] Final autoplay attempt on canplay... @ http://[::1]:5173/resources/js/Components/Livestream/VideoJsPlayer.vue:761
[  535789ms] [LOG] Stream is playing @ http://[::1]:5173/resources/js/Components/Livestream/StreamPlayer.vue:57
[  536163ms] [WARNING] VIDEOJS: WARN: Using the tech directly can be dangerous. I hope you know what you're doing.
See https://github.com/videojs/video.js/issues/2617 for more info.
 @ http://[::1]:5173/node_modules/.vite/deps/chunk-DTGHR6ZK.js?v=6cb87dfa:12022
[  536169ms] [WARNING] VIDEOJS: WARN: Using the tech directly can be dangerous. I hope you know what you're doing.
See https://github.com/videojs/video.js/issues/2617 for more info.
 @ http://[::1]:5173/node_modules/.vite/deps/chunk-DTGHR6ZK.js?v=6cb87dfa:12022
[  536170ms] [WARNING] VIDEOJS: WARN: Using the tech directly can be dangerous. I hope you know what you're doing.
See https://github.com/videojs/video.js/issues/2617 for more info.
 @ http://[::1]:5173/node_modules/.vite/deps/chunk-DTGHR6ZK.js?v=6cb87dfa:12022
[  536180ms] [WARNING] VIDEOJS: WARN: Using the tech directly can be dangerous. I hope you know what you're doing.
See https://github.com/videojs/video.js/issues/2617 for more info.
 @ http://[::1]:5173/node_modules/.vite/deps/chunk-DTGHR6ZK.js?v=6cb87dfa:12022
[  536254ms] [WARNING] VIDEOJS: WARN: Using the tech directly can be dangerous. I hope you know what you're doing.
See https://github.com/videojs/video.js/issues/2617 for more info.
 @ http://[::1]:5173/node_modules/.vite/deps/chunk-DTGHR6ZK.js?v=6cb87dfa:12022
[  536255ms] [WARNING] VIDEOJS: WARN: Using the tech directly can be dangerous. I hope you know what you're doing.
See https://github.com/videojs/video.js/issues/2617 for more info.
 @ http://[::1]:5173/node_modules/.vite/deps/chunk-DTGHR6ZK.js?v=6cb87dfa:12022
[  536259ms] [WARNING] VIDEOJS: WARN: Using the tech directly can be dangerous. I hope you know what you're doing.
See https://github.com/videojs/video.js/issues/2617 for more info.
 @ http://[::1]:5173/node_modules/.vite/deps/chunk-DTGHR6ZK.js?v=6cb87dfa:12022
[  536266ms] [WARNING] VIDEOJS: WARN: Using the tech directly can be dangerous. I hope you know what you're doing.
See https://github.com/videojs/video.js/issues/2617 for more info.
 @ http://[::1]:5173/node_modules/.vite/deps/chunk-DTGHR6ZK.js?v=6cb87dfa:12022
[  536454ms] [WARNING] VIDEOJS: WARN: Using the tech directly can be dangerous. I hope you know what you're doing.
See https://github.com/videojs/video.js/issues/2617 for more info.
 @ http://[::1]:5173/node_modules/.vite/deps/chunk-DTGHR6ZK.js?v=6cb87dfa:12022
[  536582ms] [LOG] Can play @ http://[::1]:5173/resources/js/Components/Livestream/VideoJsPlayer.vue:757
[  536582ms] [LOG] Stream is playing @ http://[::1]:5173/resources/js/Components/Livestream/StreamPlayer.vue:57
[  537048ms] [WARNING] VIDEOJS: WARN: Using the tech directly can be dangerous. I hope you know what you're doing.
See https://github.com/videojs/video.js/issues/2617 for more info.
 @ http://[::1]:5173/node_modules/.vite/deps/chunk-DTGHR6ZK.js?v=6cb87dfa:12022
[  537048ms] [WARNING] VIDEOJS: WARN: Using the tech directly can be dangerous. I hope you know what you're doing.
See https://github.com/videojs/video.js/issues/2617 for more info.
 @ http://[::1]:5173/node_modules/.vite/deps/chunk-DTGHR6ZK.js?v=6cb87dfa:12022
[  537048ms] [WARNING] VIDEOJS: WARN: Using the tech directly can be dangerous. I hope you know what you're doing.
See https://github.com/videojs/video.js/issues/2617 for more info.
 @ http://[::1]:5173/node_modules/.vite/deps/chunk-DTGHR6ZK.js?v=6cb87dfa:12022
[  537078ms] [WARNING] VIDEOJS: WARN: Using the tech directly can be dangerous. I hope you know what you're doing.
See https://github.com/videojs/video.js/issues/2617 for more info.
 @ http://[::1]:5173/node_modules/.vite/deps/chunk-DTGHR6ZK.js?v=6cb87dfa:12022
[  537078ms] [WARNING] VIDEOJS: WARN: Using the tech directly can be dangerous. I hope you know what you're doing.
See https://github.com/videojs/video.js/issues/2617 for more info.
 @ http://[::1]:5173/node_modules/.vite/deps/chunk-DTGHR6ZK.js?v=6cb87dfa:12022
[  537150ms] [WARNING] VIDEOJS: WARN: Using the tech directly can be dangerous. I hope you know what you're doing.
See https://github.com/videojs/video.js/issues/2617 for more info.
 @ http://[::1]:5173/node_modules/.vite/deps/chunk-DTGHR6ZK.js?v=6cb87dfa:12022
[  537150ms] [WARNING] VIDEOJS: WARN: Using the tech directly can be dangerous. I hope you know what you're doing.
See https://github.com/videojs/video.js/issues/2617 for more info.
 @ http://[::1]:5173/node_modules/.vite/deps/chunk-DTGHR6ZK.js?v=6cb87dfa:12022
[  537273ms] [LOG] Can play @ http://[::1]:5173/resources/js/Components/Livestream/VideoJsPlayer.vue:757
[  537274ms] [LOG] Stream is playing @ http://[::1]:5173/resources/js/Components/Livestream/StreamPlayer.vue:57
[  537562ms] [WARNING] VIDEOJS: WARN: Using the tech directly can be dangerous. I hope you know what you're doing.
See https://github.com/videojs/video.js/issues/2617 for more info.
 @ http://[::1]:5173/node_modules/.vite/deps/chunk-DTGHR6ZK.js?v=6cb87dfa:12022
[  537669ms] [LOG] Can play @ http://[::1]:5173/resources/js/Components/Livestream/VideoJsPlayer.vue:757
[  537669ms] [LOG] Final autoplay attempt on canplay... @ http://[::1]:5173/resources/js/Components/Livestream/VideoJsPlayer.vue:761
[  537670ms] [LOG] Stream is playing @ http://[::1]:5173/resources/js/Components/Livestream/StreamPlayer.vue:57
[  538670ms] [WARNING] VIDEOJS: WARN: Using the tech directly can be dangerous. I hope you know what you're doing.
See https://github.com/videojs/video.js/issues/2617 for more info.
 @ http://[::1]:5173/node_modules/.vite/deps/chunk-DTGHR6ZK.js?v=6cb87dfa:12022
[  543380ms] [WARNING] Mixed Content: The page at 'https://streaming.test/' was loaded over HTTPS, but requested an insecure element 'http://localhost:7070/ef-streaming/shows/thumbnails/show_1_20260730024409.jpg?X-Amz-Content-Sha256=UNSIGNED-PAYLOAD&X-Amz-Algorithm=AWS4-HMAC-SHA256&X-Amz-Credential=devkey%2F20260730%2Feu-central-1%2Fs3%2Faws4_request&X-Amz-Date=20260730T004949Z&X-Amz-SignedHeaders=host&X-Amz-Expires=3600&X-Amz-Signature=870429f7bd700855de3850db0fc80532c4423072de7280d5422c0d1d196b7aec'. This request was not upgraded to HTTPS because it is a local network request. @ https://streaming.test/:0
[  543380ms] [WARNING] Mixed Content: The page at 'https://streaming.test/' was loaded over HTTPS, but requested an insecure element 'http://localhost:7070/ef-streaming/shows/thumbnails/show_1_20260730024409.jpg?X-Amz-Content-Sha256=UNSIGNED-PAYLOAD&X-Amz-Algorithm=AWS4-HMAC-SHA256&X-Amz-Credential=devkey%2F20260730%2Feu-central-1%2Fs3%2Faws4_request&X-Amz-Date=20260730T004949Z&X-Amz-SignedHeaders=host&X-Amz-Expires=3600&X-Amz-Signature=870429f7bd700855de3850db0fc80532c4423072de7280d5422c0d1d196b7aec'. This request was not upgraded to HTTPS because it is a local network request. @ https://streaming.test/:0
[  546231ms] [LOG] Internal navigation detected - will try unmuted autoplay @ http://[::1]:5173/resources/js/Components/Livestream/StreamPlayer.vue:35
[  546240ms] [LOG] Chromecast plugin loaded successfully @ http://[::1]:5173/resources/js/Components/Livestream/VideoJsPlayer.vue:102
[  546240ms] [LOG] Chromecast plugin is registered with Video.js @ http://[::1]:5173/resources/js/Components/Livestream/VideoJsPlayer.vue:106
[  546240ms] [LOG] Cast SDK already loaded @ http://[::1]:5173/resources/js/Components/Livestream/VideoJsPlayer.vue:131
[  546240ms] [LOG] Internal navigation - attempting unmuted autoplay @ http://[::1]:5173/resources/js/Components/Livestream/VideoJsPlayer.vue:162
[  546265ms] [LOG] Player is ready @ http://[::1]:5173/resources/js/Components/Livestream/VideoJsPlayer.vue:332
[  546265ms] [LOG] Hotkeys plugin initialized @ http://[::1]:5173/resources/js/Components/Livestream/VideoJsPlayer.vue:451
[  546265ms] [LOG] Player ready - Initial volume: 1 Muted: false @ http://[::1]:5173/resources/js/Components/Livestream/VideoJsPlayer.vue:469
[  546265ms] [LOG] Chromecast plugin is available on player @ http://[::1]:5173/resources/js/Components/Livestream/VideoJsPlayer.vue:473
[  546365ms] [LOG] Attempting unmuted autoplay (internal navigation)... @ http://[::1]:5173/resources/js/Components/Livestream/VideoJsPlayer.vue:341
[  546396ms] [LOG] Quality level added: 480p @ 1790800 bps @ http://[::1]:5173/resources/js/Components/Livestream/VideoJsPlayer.vue:826
[  546396ms] [LOG] Quality level added: 720p @ 4026000 bps @ http://[::1]:5173/resources/js/Components/Livestream/VideoJsPlayer.vue:826
[  546396ms] [LOG] Quality level added: 1080p @ 6811200 bps @ http://[::1]:5173/resources/js/Components/Livestream/VideoJsPlayer.vue:826
[  546396ms] [LOG] Quality switched to: 1080p @ 6811200 bps @ http://[::1]:5173/resources/js/Components/Livestream/VideoJsPlayer.vue:857
[  546396ms] [LOG] Quality changed: {height: 1080, width: 1920, bitrate: 6811200, index: 2, label: 1080p} @ http://[::1]:5173/resources/js/Components/Livestream/StreamPlayer.vue:92
[  546396ms] [LOG] Playing show: EF Prime @ http://[::1]:5173/resources/js/Components/Livestream/StreamPlayer.vue:94
[  546409ms] [LOG] Metadata loaded @ http://[::1]:5173/resources/js/Components/Livestream/VideoJsPlayer.vue:704
[  546409ms] [WARNING] VIDEOJS: WARN: Using the tech directly can be dangerous. I hope you know what you're doing.
See https://github.com/videojs/video.js/issues/2617 for more info.
 @ http://[::1]:5173/node_modules/.vite/deps/chunk-DTGHR6ZK.js?v=6cb87dfa:12022
[  546416ms] [LOG] Data loaded @ http://[::1]:5173/resources/js/Components/Livestream/VideoJsPlayer.vue:736
[  546416ms] [LOG] Can play @ http://[::1]:5173/resources/js/Components/Livestream/VideoJsPlayer.vue:757
[  546416ms] [LOG] Stream is playing @ http://[::1]:5173/resources/js/Components/Livestream/StreamPlayer.vue:57
[  546416ms] [LOG] Unmuted autoplay successful! @ http://[::1]:5173/resources/js/Components/Livestream/VideoJsPlayer.vue:343
[  546767ms] [LOG] Adaptive quality selector added with 3 qualities @ http://[::1]:5173/resources/js/Components/Livestream/VideoJsPlayer.vue:669
[  547267ms] [LOG] Chromecast button found in control bar @ http://[::1]:5173/resources/js/Components/Livestream/VideoJsPlayer.vue:479
[  547418ms] [WARNING] VIDEOJS: WARN: Using the tech directly can be dangerous. I hope you know what you're doing.
See https://github.com/videojs/video.js/issues/2617 for more info.
 @ http://[::1]:5173/node_modules/.vite/deps/chunk-DTGHR6ZK.js?v=6cb87dfa:12022
[  553372ms] [WARNING] VIDEOJS: WARN: Problem encountered with playlist 0-/hls/prime_sd.m3u8. Playlist no longer updating. Switching to playlist 1-/hls/prime_hd.m3u8. @ http://[::1]:5173/node_modules/.vite/deps/chunk-DTGHR6ZK.js?v=6cb87dfa:12022
[  553448ms] [LOG] Quality switched to: 1080p @ 6811200 bps @ http://[::1]:5173/resources/js/Components/Livestream/VideoJsPlayer.vue:857
[  553448ms] [LOG] Quality changed: {height: 1080, width: 1920, bitrate: 6811200, index: 2, label: 1080p} @ http://[::1]:5173/resources/js/Components/Livestream/StreamPlayer.vue:92
[  553448ms] [LOG] Playing show: EF Prime @ http://[::1]:5173/resources/js/Components/Livestream/StreamPlayer.vue:94
[  555533ms] [WARNING] VIDEOJS: WARN: Problem encountered with playlist 1-/hls/prime_hd.m3u8. Playlist no longer updating. Switching to playlist 2-/hls/prime_fhd.m3u8. @ http://[::1]:5173/node_modules/.vite/deps/chunk-DTGHR6ZK.js?v=6cb87dfa:12022
[  555597ms] [LOG] Quality switched to: 1080p @ 6811200 bps @ http://[::1]:5173/resources/js/Components/Livestream/VideoJsPlayer.vue:857
[  555597ms] [LOG] Quality changed: {height: 1080, width: 1920, bitrate: 6811200, index: 2, label: 1080p} @ http://[::1]:5173/resources/js/Components/Livestream/StreamPlayer.vue:92
[  555597ms] [LOG] Playing show: EF Prime @ http://[::1]:5173/resources/js/Components/Livestream/StreamPlayer.vue:94
[  558214ms] [WARNING] VIDEOJS: WARN: Removing other playlists from the exclusion list because the last rendition is about to be excluded. @ http://[::1]:5173/node_modules/.vite/deps/chunk-DTGHR6ZK.js?v=6cb87dfa:12022
[  558214ms] [WARNING] VIDEOJS: WARN: Problem encountered with playlist 2-/hls/prime_fhd.m3u8. Playlist no longer updating. Switching to playlist 0-/hls/prime_sd.m3u8. @ http://[::1]:5173/node_modules/.vite/deps/chunk-DTGHR6ZK.js?v=6cb87dfa:12022
[  559292ms] [LOG] Quality switched to: 720p @ 4026000 bps @ http://[::1]:5173/resources/js/Components/Livestream/VideoJsPlayer.vue:857
[  559292ms] [LOG] Quality changed: {height: 720, width: 1280, bitrate: 4026000, index: 1, label: 720p} @ http://[::1]:5173/resources/js/Components/Livestream/StreamPlayer.vue:92
[  559292ms] [LOG] Playing show: EF Prime @ http://[::1]:5173/resources/js/Components/Livestream/StreamPlayer.vue:94
[  593926ms] [ERROR] WebSocket connection to 'wss://localhost:8081/app/app-key?protocol=7&client=js&version=8.4.0&flash=false' failed: Error in connection establishment: net::ERR_SSL_PROTOCOL_ERROR @ http://[::1]:5173/node_modules/.vite/deps/pusher-js.js?v=6cb87dfa:3255
[  627696ms] [WARNING] VIDEOJS: WARN: Using the tech directly can be dangerous. I hope you know what you're doing.
See https://github.com/videojs/video.js/issues/2617 for more info.
 @ http://[::1]:5173/node_modules/.vite/deps/chunk-DTGHR6ZK.js?v=6cb87dfa:12022
[  627696ms] [WARNING] VIDEOJS: WARN: Using the tech directly can be dangerous. I hope you know what you're doing.
See https://github.com/videojs/video.js/issues/2617 for more info.
 @ http://[::1]:5173/node_modules/.vite/deps/chunk-DTGHR6ZK.js?v=6cb87dfa:12022
[  627696ms] [WARNING] VIDEOJS: WARN: Using the tech directly can be dangerous. I hope you know what you're doing.
See https://github.com/videojs/video.js/issues/2617 for more info.
 @ http://[::1]:5173/node_modules/.vite/deps/chunk-DTGHR6ZK.js?v=6cb87dfa:12022
[  627714ms] [WARNING] VIDEOJS: WARN: Using the tech directly can be dangerous. I hope you know what you're doing.
See https://github.com/videojs/video.js/issues/2617 for more info.
 @ http://[::1]:5173/node_modules/.vite/deps/chunk-DTGHR6ZK.js?v=6cb87dfa:12022
[  628401ms] [LOG] Can play @ http://[::1]:5173/resources/js/Components/Livestream/VideoJsPlayer.vue:757
[  628401ms] [LOG] Stream is playing @ http://[::1]:5173/resources/js/Components/Livestream/StreamPlayer.vue:57
[  628648ms] [LOG] Quality switched to: 1080p @ 6811200 bps @ http://[::1]:5173/resources/js/Components/Livestream/VideoJsPlayer.vue:857
[  628648ms] [LOG] Quality changed: {height: 1080, width: 1920, bitrate: 6811200, index: 2, label: 1080p} @ http://[::1]:5173/resources/js/Components/Livestream/StreamPlayer.vue:92
[  628648ms] [LOG] Playing show: EF Prime @ http://[::1]:5173/resources/js/Components/Livestream/StreamPlayer.vue:94
[  628789ms] [LOG] Quality switched to: 1080p @ 6811200 bps @ http://[::1]:5173/resources/js/Components/Livestream/VideoJsPlayer.vue:857
[  628789ms] [LOG] Quality changed: {height: 1080, width: 1920, bitrate: 6811200, index: 2, label: 1080p} @ http://[::1]:5173/resources/js/Components/Livestream/StreamPlayer.vue:92
[  628789ms] [LOG] Playing show: EF Prime @ http://[::1]:5173/resources/js/Components/Livestream/StreamPlayer.vue:94
[  629112ms] [LOG] Quality switched to: 1080p @ 6811200 bps @ http://[::1]:5173/resources/js/Components/Livestream/VideoJsPlayer.vue:857
[  629112ms] [LOG] Quality changed: {height: 1080, width: 1920, bitrate: 6811200, index: 2, label: 1080p} @ http://[::1]:5173/resources/js/Components/Livestream/StreamPlayer.vue:92
[  629112ms] [LOG] Playing show: EF Prime @ http://[::1]:5173/resources/js/Components/Livestream/StreamPlayer.vue:94
[  629259ms] [LOG] Quality switched to: 1080p @ 6811200 bps @ http://[::1]:5173/resources/js/Components/Livestream/VideoJsPlayer.vue:857
[  629259ms] [LOG] Quality changed: {height: 1080, width: 1920, bitrate: 6811200, index: 2, label: 1080p} @ http://[::1]:5173/resources/js/Components/Livestream/StreamPlayer.vue:92
[  629259ms] [LOG] Playing show: EF Prime @ http://[::1]:5173/resources/js/Components/Livestream/StreamPlayer.vue:94
[  629407ms] [WARNING] VIDEOJS: WARN: Using the tech directly can be dangerous. I hope you know what you're doing.
See https://github.com/videojs/video.js/issues/2617 for more info.
 @ http://[::1]:5173/node_modules/.vite/deps/chunk-DTGHR6ZK.js?v=6cb87dfa:12022
[  629410ms] [LOG] Quality switched to: 1080p @ 6811200 bps @ http://[::1]:5173/resources/js/Components/Livestream/VideoJsPlayer.vue:857
[  629410ms] [LOG] Quality changed: {height: 1080, width: 1920, bitrate: 6811200, index: 2, label: 1080p} @ http://[::1]:5173/resources/js/Components/Livestream/StreamPlayer.vue:92
[  629410ms] [LOG] Playing show: EF Prime @ http://[::1]:5173/resources/js/Components/Livestream/StreamPlayer.vue:94
[  629544ms] [LOG] Quality switched to: 1080p @ 6811200 bps @ http://[::1]:5173/resources/js/Components/Livestream/VideoJsPlayer.vue:857
[  629544ms] [LOG] Quality changed: {height: 1080, width: 1920, bitrate: 6811200, index: 2, label: 1080p} @ http://[::1]:5173/resources/js/Components/Livestream/StreamPlayer.vue:92
[  629544ms] [LOG] Playing show: EF Prime @ http://[::1]:5173/resources/js/Components/Livestream/StreamPlayer.vue:94
[  629722ms] [LOG] Quality switched to: 1080p @ 6811200 bps @ http://[::1]:5173/resources/js/Components/Livestream/VideoJsPlayer.vue:857
[  629722ms] [LOG] Quality changed: {height: 1080, width: 1920, bitrate: 6811200, index: 2, label: 1080p} @ http://[::1]:5173/resources/js/Components/Livestream/StreamPlayer.vue:92
[  629722ms] [LOG] Playing show: EF Prime @ http://[::1]:5173/resources/js/Components/Livestream/StreamPlayer.vue:94
[  629970ms] [LOG] Quality switched to: 1080p @ 6811200 bps @ http://[::1]:5173/resources/js/Components/Livestream/VideoJsPlayer.vue:857
[  629970ms] [LOG] Quality changed: {height: 1080, width: 1920, bitrate: 6811200, index: 2, label: 1080p} @ http://[::1]:5173/resources/js/Components/Livestream/StreamPlayer.vue:92
[  629970ms] [LOG] Playing show: EF Prime @ http://[::1]:5173/resources/js/Components/Livestream/StreamPlayer.vue:94
[  630388ms] [LOG] Quality switched to: 1080p @ 6811200 bps @ http://[::1]:5173/resources/js/Components/Livestream/VideoJsPlayer.vue:857
[  630388ms] [LOG] Quality changed: {height: 1080, width: 1920, bitrate: 6811200, index: 2, label: 1080p} @ http://[::1]:5173/resources/js/Components/Livestream/StreamPlayer.vue:92
[  630388ms] [LOG] Playing show: EF Prime @ http://[::1]:5173/resources/js/Components/Livestream/StreamPlayer.vue:94
[  630408ms] [LOG] Quality switched to: 1080p @ 6811200 bps @ http://[::1]:5173/resources/js/Components/Livestream/VideoJsPlayer.vue:857
[  630408ms] [LOG] Quality changed: {height: 1080, width: 1920, bitrate: 6811200, index: 2, label: 1080p} @ http://[::1]:5173/resources/js/Components/Livestream/StreamPlayer.vue:92
[  630408ms] [LOG] Playing show: EF Prime @ http://[::1]:5173/resources/js/Components/Livestream/StreamPlayer.vue:94
[  630426ms] [LOG] Quality switched to: 1080p @ 6811200 bps @ http://[::1]:5173/resources/js/Components/Livestream/VideoJsPlayer.vue:857
[  630426ms] [LOG] Quality changed: {height: 1080, width: 1920, bitrate: 6811200, index: 2, label: 1080p} @ http://[::1]:5173/resources/js/Components/Livestream/StreamPlayer.vue:92
[  630426ms] [LOG] Playing show: EF Prime @ http://[::1]:5173/resources/js/Components/Livestream/StreamPlayer.vue:94
[  632966ms] [WARNING] VIDEOJS: WARN: Using the tech directly can be dangerous. I hope you know what you're doing.
See https://github.com/videojs/video.js/issues/2617 for more info.
 @ http://[::1]:5173/node_modules/.vite/deps/chunk-DTGHR6ZK.js?v=6cb87dfa:12022
[  643672ms] [WARNING] Mixed Content: The page at 'https://streaming.test/' was loaded over HTTPS, but requested an insecure element 'http://localhost:7070/ef-streaming/shows/thumbnails/show_1_20260730024409.jpg?X-Amz-Content-Sha256=UNSIGNED-PAYLOAD&X-Amz-Algorithm=AWS4-HMAC-SHA256&X-Amz-Credential=devkey%2F20260730%2Feu-central-1%2Fs3%2Faws4_request&X-Amz-Date=20260730T005140Z&X-Amz-SignedHeaders=host&X-Amz-Expires=3600&X-Amz-Signature=e16efaf231b71d6c85ff4c086b56a0936c4f03c658aa8ffd9390457e4e21ffbd'. This request was not upgraded to HTTPS because it is a local network request. @ https://streaming.test/:0
[  643672ms] [WARNING] Mixed Content: The page at 'https://streaming.test/' was loaded over HTTPS, but requested an insecure element 'http://localhost:7070/ef-streaming/shows/thumbnails/show_1_20260730024409.jpg?X-Amz-Content-Sha256=UNSIGNED-PAYLOAD&X-Amz-Algorithm=AWS4-HMAC-SHA256&X-Amz-Credential=devkey%2F20260730%2Feu-central-1%2Fs3%2Faws4_request&X-Amz-Date=20260730T005140Z&X-Amz-SignedHeaders=host&X-Amz-Expires=3600&X-Amz-Signature=e16efaf231b71d6c85ff4c086b56a0936c4f03c658aa8ffd9390457e4e21ffbd'. This request was not upgraded to HTTPS because it is a local network request. @ https://streaming.test/:0
[  649432ms] [ERROR] Failed to load resource: the server responded with a status of 502 (Bad Gateway) @ https://streaming.test/hls/panel-room/master.m3u8:0
[  649540ms] [LOG] Internal navigation detected - will try unmuted autoplay @ http://[::1]:5173/resources/js/Components/Livestream/StreamPlayer.vue:35
[  649556ms] [LOG] Chromecast plugin loaded successfully @ http://[::1]:5173/resources/js/Components/Livestream/VideoJsPlayer.vue:102
[  649556ms] [LOG] Chromecast plugin is registered with Video.js @ http://[::1]:5173/resources/js/Components/Livestream/VideoJsPlayer.vue:106
[  649556ms] [LOG] Cast SDK already loaded @ http://[::1]:5173/resources/js/Components/Livestream/VideoJsPlayer.vue:131
[  649557ms] [LOG] Internal navigation - attempting unmuted autoplay @ http://[::1]:5173/resources/js/Components/Livestream/VideoJsPlayer.vue:162
[  649597ms] [LOG] Player is ready @ http://[::1]:5173/resources/js/Components/Livestream/VideoJsPlayer.vue:332
[  649597ms] [LOG] Hotkeys plugin initialized @ http://[::1]:5173/resources/js/Components/Livestream/VideoJsPlayer.vue:451
[  649597ms] [LOG] Player ready - Initial volume: 1 Muted: false @ http://[::1]:5173/resources/js/Components/Livestream/VideoJsPlayer.vue:469
[  649597ms] [LOG] Chromecast plugin is available on player @ http://[::1]:5173/resources/js/Components/Livestream/VideoJsPlayer.vue:473
[  649699ms] [LOG] Attempting unmuted autoplay (internal navigation)... @ http://[::1]:5173/resources/js/Components/Livestream/VideoJsPlayer.vue:341
[  649818ms] [ERROR] Failed to load resource: the server responded with a status of 502 (Bad Gateway) @ https://streaming.test/hls/panel-room/master.m3u8:0
[  649820ms] [ERROR] VIDEOJS: ERROR: (CODE:4 MEDIA_ERR_SRC_NOT_SUPPORTED) The media could not be loaded, either because the server or network failed or because the format is not supported. MediaError @ http://[::1]:5173/node_modules/.vite/deps/chunk-DTGHR6ZK.js?v=6cb87dfa:12022
[  649821ms] [ERROR] Video.js error: {type: error, target: div#video-player.video-js.vjs-default-skin.vjs-big-play-centered.vjs-fluid.video-player-dimensions.…, relatedTarget: undefined, preventDefault: , defaultPrevented: false} @ http://[::1]:5173/resources/js/Components/Livestream/VideoJsPlayer.vue:685
[  649822ms] [ERROR] Player error: {type: error, target: div#video-player.video-js.vjs-default-skin.vjs-big-play-centered.vjs-fluid.video-player-dimensions.…, relatedTarget: undefined, preventDefault: , defaultPrevented: false} @ http://[::1]:5173/resources/js/Components/Livestream/StreamPlayer.vue:53
[  649822ms] [ERROR] Unmuted autoplay failed, falling back to muted: NotSupportedError: Failed to load because no supported source was found. @ http://[::1]:5173/resources/js/Components/Livestream/VideoJsPlayer.vue:345
[  649823ms] [ERROR] Muted autoplay also failed: NotSupportedError: The element has no supported sources. @ http://[::1]:5173/resources/js/Components/Livestream/VideoJsPlayer.vue:352
[  649826ms] [LOG] Volume changed - Volume: 1 Muted: true @ http://[::1]:5173/resources/js/Components/Livestream/VideoJsPlayer.vue:807
[  649826ms] [LOG] Saved to cookies - Volume: 1 Muted: true @ http://[::1]:5173/resources/js/Components/Livestream/VideoJsPlayer.vue:813
[  650598ms] [LOG] Chromecast button found in control bar @ http://[::1]:5173/resources/js/Components/Livestream/VideoJsPlayer.vue:479
[  650702ms] [WARNING] Mixed Content: The page at 'https://streaming.test/' was loaded over HTTPS, but requested an insecure element 'http://localhost:7070/ef-streaming/shows/thumbnails/show_1_20260730024409.jpg?X-Amz-Content-Sha256=UNSIGNED-PAYLOAD&X-Amz-Algorithm=AWS4-HMAC-SHA256&X-Amz-Credential=devkey%2F20260730%2Feu-central-1%2Fs3%2Faws4_request&X-Amz-Date=20260730T005140Z&X-Amz-SignedHeaders=host&X-Amz-Expires=3600&X-Amz-Signature=e16efaf231b71d6c85ff4c086b56a0936c4f03c658aa8ffd9390457e4e21ffbd'. This request was not upgraded to HTTPS because it is a local network request. @ http://[::1]:5173/node_modules/.vite/deps/chunk-HQWNKBGN.js?v=6cb87dfa:11543
[  650711ms] [WARNING] Mixed Content: The page at 'https://streaming.test/' was loaded over HTTPS, but requested an insecure element 'http://localhost:7070/ef-streaming/shows/thumbnails/show_1_20260730024409.jpg?X-Amz-Content-Sha256=UNSIGNED-PAYLOAD&X-Amz-Algorithm=AWS4-HMAC-SHA256&X-Amz-Credential=devkey%2F20260730%2Feu-central-1%2Fs3%2Faws4_request&X-Amz-Date=20260730T005140Z&X-Amz-SignedHeaders=host&X-Amz-Expires=3600&X-Amz-Signature=e16efaf231b71d6c85ff4c086b56a0936c4f03c658aa8ffd9390457e4e21ffbd'. This request was not upgraded to HTTPS because it is a local network request. @ https://streaming.test/:0
[  653929ms] [ERROR] WebSocket connection to 'wss://localhost:8081/app/app-key?protocol=7&client=js&version=8.4.0&flash=false' failed: Error in connection establishment: net::ERR_SSL_PROTOCOL_ERROR @ http://[::1]:5173/node_modules/.vite/deps/pusher-js.js?v=6cb87dfa:3255
[  713939ms] [ERROR] WebSocket connection to 'wss://localhost:8081/app/app-key?protocol=7&client=js&version=8.4.0&flash=false' failed: Error in connection establishment: net::ERR_SSL_PROTOCOL_ERROR @ http://[::1]:5173/node_modules/.vite/deps/pusher-js.js?v=6cb87dfa:3255
[  773928ms] [ERROR] WebSocket connection to 'wss://localhost:8081/app/app-key?protocol=7&client=js&version=8.4.0&flash=false' failed: Error in connection establishment: net::ERR_SSL_PROTOCOL_ERROR @ http://[::1]:5173/node_modules/.vite/deps/pusher-js.js?v=6cb87dfa:3255
[  800010ms] [WARNING] Mixed Content: The page at 'https://streaming.test/' was loaded over HTTPS, but requested an insecure element 'http://localhost:7070/ef-streaming/shows/thumbnails/show_1_20260730024409.jpg?X-Amz-Content-Sha256=UNSIGNED-PAYLOAD&X-Amz-Algorithm=AWS4-HMAC-SHA256&X-Amz-Credential=devkey%2F20260730%2Feu-central-1%2Fs3%2Faws4_request&X-Amz-Date=20260730T005416Z&X-Amz-SignedHeaders=host&X-Amz-Expires=3600&X-Amz-Signature=34431d4880b64dddcff53ed06a531ae4c181e43e3475396c28f79f6491c135f0'. This request was not upgraded to HTTPS because it is a local network request. @ https://streaming.test/:0
[  800011ms] [WARNING] Mixed Content: The page at 'https://streaming.test/' was loaded over HTTPS, but requested an insecure element 'http://localhost:7070/ef-streaming/shows/thumbnails/show_1_20260730024409.jpg?X-Amz-Content-Sha256=UNSIGNED-PAYLOAD&X-Amz-Algorithm=AWS4-HMAC-SHA256&X-Amz-Credential=devkey%2F20260730%2Feu-central-1%2Fs3%2Faws4_request&X-Amz-Date=20260730T005416Z&X-Amz-SignedHeaders=host&X-Amz-Expires=3600&X-Amz-Signature=34431d4880b64dddcff53ed06a531ae4c181e43e3475396c28f79f6491c135f0'. This request was not upgraded to HTTPS because it is a local network request. @ https://streaming.test/:0
[  800055ms] [ERROR] WebSocket connection to 'wss://localhost:8081/app/app-key?protocol=7&client=js&version=8.4.0&flash=false' failed: Error in connection establishment: net::ERR_SSL_PROTOCOL_ERROR @ http://[::1]:5173/node_modules/.vite/deps/pusher-js.js?v=6cb87dfa:3255
[  811397ms] [WARNING] Mixed Content: The page at 'https://streaming.test/' was loaded over HTTPS, but requested an insecure element 'http://localhost:7070/ef-streaming/shows/thumbnails/show_1_20260730024409.jpg?X-Amz-Content-Sha256=UNSIGNED-PAYLOAD&X-Amz-Algorithm=AWS4-HMAC-SHA256&X-Amz-Credential=devkey%2F20260730%2Feu-central-1%2Fs3%2Faws4_request&X-Amz-Date=20260730T005428Z&X-Amz-SignedHeaders=host&X-Amz-Expires=3600&X-Amz-Signature=695d7502f3b3b5d4f4e368d70acf57fbb9eb22bd8c77d469e55100fe0f12c3bd'. This request was not upgraded to HTTPS because it is a local network request. @ https://streaming.test/:0
[  811397ms] [WARNING] Mixed Content: The page at 'https://streaming.test/' was loaded over HTTPS, but requested an insecure element 'http://localhost:7070/ef-streaming/shows/thumbnails/show_1_20260730024409.jpg?X-Amz-Content-Sha256=UNSIGNED-PAYLOAD&X-Amz-Algorithm=AWS4-HMAC-SHA256&X-Amz-Credential=devkey%2F20260730%2Feu-central-1%2Fs3%2Faws4_request&X-Amz-Date=20260730T005428Z&X-Amz-SignedHeaders=host&X-Amz-Expires=3600&X-Amz-Signature=695d7502f3b3b5d4f4e368d70acf57fbb9eb22bd8c77d469e55100fe0f12c3bd'. This request was not upgraded to HTTPS because it is a local network request. @ https://streaming.test/:0
[  811411ms] [ERROR] WebSocket connection to 'wss://localhost:8081/app/app-key?protocol=7&client=js&version=8.4.0&flash=false' failed: Error in connection establishment: net::ERR_SSL_PROTOCOL_ERROR @ http://[::1]:5173/node_modules/.vite/deps/pusher-js.js?v=6cb87dfa:3255
[  824942ms] [WARNING] Mixed Content: The page at 'https://streaming.test/' was loaded over HTTPS, but requested an insecure element 'http://localhost:7070/ef-streaming/shows/thumbnails/show_1_20260730024409.jpg?X-Amz-Content-Sha256=UNSIGNED-PAYLOAD&X-Amz-Algorithm=AWS4-HMAC-SHA256&X-Amz-Credential=devkey%2F20260730%2Feu-central-1%2Fs3%2Faws4_request&X-Amz-Date=20260730T005441Z&X-Amz-SignedHeaders=host&X-Amz-Expires=3600&X-Amz-Signature=3f8cb0cad7c3d0afa5cc29aa94f2c32fa260da60a98da55d8dba746409238e5b'. This request was not upgraded to HTTPS because it is a local network request. @ https://streaming.test/:0
[  824943ms] [WARNING] Mixed Content: The page at 'https://streaming.test/' was loaded over HTTPS, but requested an insecure element 'http://localhost:7070/ef-streaming/shows/thumbnails/show_1_20260730024409.jpg?X-Amz-Content-Sha256=UNSIGNED-PAYLOAD&X-Amz-Algorithm=AWS4-HMAC-SHA256&X-Amz-Credential=devkey%2F20260730%2Feu-central-1%2Fs3%2Faws4_request&X-Amz-Date=20260730T005441Z&X-Amz-SignedHeaders=host&X-Amz-Expires=3600&X-Amz-Signature=3f8cb0cad7c3d0afa5cc29aa94f2c32fa260da60a98da55d8dba746409238e5b'. This request was not upgraded to HTTPS because it is a local network request. @ https://streaming.test/:0
[  824962ms] [ERROR] WebSocket connection to 'wss://localhost:8081/app/app-key?protocol=7&client=js&version=8.4.0&flash=false' failed: Error in connection establishment: net::ERR_SSL_PROTOCOL_ERROR @ http://[::1]:5173/node_modules/.vite/deps/pusher-js.js?v=6cb87dfa:3255
[  839922ms] [ERROR] WebSocket connection to 'wss://localhost:8081/app/app-key?protocol=7&client=js&version=8.4.0&flash=false' failed: Error in connection establishment: net::ERR_SSL_PROTOCOL_ERROR @ http://[::1]:5173/node_modules/.vite/deps/pusher-js.js?v=6cb87dfa:3255
[  865067ms] [WARNING] Mixed Content: The page at 'https://streaming.test/' was loaded over HTTPS, but requested an insecure element 'http://localhost:7070/ef-streaming/shows/thumbnails/show_1_20260730024409.jpg?X-Amz-Content-Sha256=UNSIGNED-PAYLOAD&X-Amz-Algorithm=AWS4-HMAC-SHA256&X-Amz-Credential=devkey%2F20260730%2Feu-central-1%2Fs3%2Faws4_request&X-Amz-Date=20260730T005521Z&X-Amz-SignedHeaders=host&X-Amz-Expires=3600&X-Amz-Signature=396b561ff4d183a75f90ad99dbd6a78314a4b6a1f0882e74b4a34bcdc26eef93'. This request was not upgraded to HTTPS because it is a local network request. @ https://streaming.test/:0
[  865067ms] [WARNING] Mixed Content: The page at 'https://streaming.test/' was loaded over HTTPS, but requested an insecure element 'http://localhost:7070/ef-streaming/shows/thumbnails/show_1_20260730024409.jpg?X-Amz-Content-Sha256=UNSIGNED-PAYLOAD&X-Amz-Algorithm=AWS4-HMAC-SHA256&X-Amz-Credential=devkey%2F20260730%2Feu-central-1%2Fs3%2Faws4_request&X-Amz-Date=20260730T005521Z&X-Amz-SignedHeaders=host&X-Amz-Expires=3600&X-Amz-Signature=396b561ff4d183a75f90ad99dbd6a78314a4b6a1f0882e74b4a34bcdc26eef93'. This request was not upgraded to HTTPS because it is a local network request. @ https://streaming.test/:0
[  865086ms] [ERROR] WebSocket connection to 'wss://localhost:8081/app/app-key?protocol=7&client=js&version=8.4.0&flash=false' failed: Error in connection establishment: net::ERR_SSL_PROTOCOL_ERROR @ http://[::1]:5173/node_modules/.vite/deps/pusher-js.js?v=6cb87dfa:3255
[  880065ms] [ERROR] WebSocket connection to 'wss://localhost:8081/app/app-key?protocol=7&client=js&version=8.4.0&flash=false' failed: Error in connection establishment: net::ERR_SSL_PROTOCOL_ERROR @ http://[::1]:5173/node_modules/.vite/deps/pusher-js.js?v=6cb87dfa:3255
[  910018ms] [WARNING] Mixed Content: The page at 'https://streaming.test/' was loaded over HTTPS, but requested an insecure element 'http://localhost:7070/ef-streaming/shows/thumbnails/show_1_20260730024409.jpg?X-Amz-Content-Sha256=UNSIGNED-PAYLOAD&X-Amz-Algorithm=AWS4-HMAC-SHA256&X-Amz-Credential=devkey%2F20260730%2Feu-central-1%2Fs3%2Faws4_request&X-Amz-Date=20260730T005606Z&X-Amz-SignedHeaders=host&X-Amz-Expires=3600&X-Amz-Signature=e5a76e2e35a3df206a9d841ff6dccdaec3c5d539939b47cf02d4e37c5ca76618'. This request was not upgraded to HTTPS because it is a local network request. @ https://streaming.test/:0
[  910018ms] [WARNING] Mixed Content: The page at 'https://streaming.test/' was loaded over HTTPS, but requested an insecure element 'http://localhost:7070/ef-streaming/shows/thumbnails/show_1_20260730024409.jpg?X-Amz-Content-Sha256=UNSIGNED-PAYLOAD&X-Amz-Algorithm=AWS4-HMAC-SHA256&X-Amz-Credential=devkey%2F20260730%2Feu-central-1%2Fs3%2Faws4_request&X-Amz-Date=20260730T005606Z&X-Amz-SignedHeaders=host&X-Amz-Expires=3600&X-Amz-Signature=e5a76e2e35a3df206a9d841ff6dccdaec3c5d539939b47cf02d4e37c5ca76618'. This request was not upgraded to HTTPS because it is a local network request. @ https://streaming.test/:0
[  910050ms] [ERROR] WebSocket connection to 'wss://localhost:8081/app/app-key?protocol=7&client=js&version=8.4.0&flash=false' failed: Error in connection establishment: net::ERR_SSL_PROTOCOL_ERROR @ http://[::1]:5173/node_modules/.vite/deps/pusher-js.js?v=6cb87dfa:3255
[  924987ms] [ERROR] WebSocket connection to 'wss://localhost:8081/app/app-key?protocol=7&client=js&version=8.4.0&flash=false' failed: Error in connection establishment: net::ERR_SSL_PROTOCOL_ERROR @ http://[::1]:5173/node_modules/.vite/deps/pusher-js.js?v=6cb87dfa:3255
[  928157ms] [WARNING] Mixed Content: The page at 'https://streaming.test/' was loaded over HTTPS, but requested an insecure element 'http://localhost:7070/ef-streaming/shows/thumbnails/show_1_20260730024409.jpg?X-Amz-Content-Sha256=UNSIGNED-PAYLOAD&X-Amz-Algorithm=AWS4-HMAC-SHA256&X-Amz-Credential=devkey%2F20260730%2Feu-central-1%2Fs3%2Faws4_request&X-Amz-Date=20260730T005625Z&X-Amz-SignedHeaders=host&X-Amz-Expires=3600&X-Amz-Signature=d6fa8a2e14d179bda6f0d4cb6d9f6f54809f8896cd9d40f66c33199c52239e79'. This request was not upgraded to HTTPS because it is a local network request. @ https://streaming.test/:0
[  928157ms] [WARNING] Mixed Content: The page at 'https://streaming.test/' was loaded over HTTPS, but requested an insecure element 'http://localhost:7070/ef-streaming/shows/thumbnails/show_1_20260730024409.jpg?X-Amz-Content-Sha256=UNSIGNED-PAYLOAD&X-Amz-Algorithm=AWS4-HMAC-SHA256&X-Amz-Credential=devkey%2F20260730%2Feu-central-1%2Fs3%2Faws4_request&X-Amz-Date=20260730T005625Z&X-Amz-SignedHeaders=host&X-Amz-Expires=3600&X-Amz-Signature=d6fa8a2e14d179bda6f0d4cb6d9f6f54809f8896cd9d40f66c33199c52239e79'. This request was not upgraded to HTTPS because it is a local network request. @ https://streaming.test/:0
[  928167ms] [ERROR] WebSocket connection to 'wss://localhost:8081/app/app-key?protocol=7&client=js&version=8.4.0&flash=false' failed: Error in connection establishment: net::ERR_SSL_PROTOCOL_ERROR @ http://[::1]:5173/node_modules/.vite/deps/pusher-js.js?v=6cb87dfa:3255
[  943154ms] [ERROR] WebSocket connection to 'wss://localhost:8081/app/app-key?protocol=7&client=js&version=8.4.0&flash=false' failed: Error in connection establishment: net::ERR_SSL_PROTOCOL_ERROR @ http://[::1]:5173/node_modules/.vite/deps/pusher-js.js?v=6cb87dfa:3255
[  973163ms] [ERROR] WebSocket connection to 'wss://localhost:8081/app/app-key?protocol=7&client=js&version=8.4.0&flash=false' failed: Error in connection establishment: net::ERR_SSL_PROTOCOL_ERROR @ http://[::1]:5173/node_modules/.vite/deps/pusher-js.js?v=6cb87dfa:3255
[ 1017872ms] [WARNING] Mixed Content: The page at 'https://streaming.test/' was loaded over HTTPS, but requested an insecure element 'http://localhost:7070/ef-streaming/shows/thumbnails/show_1_20260730024409.jpg?X-Amz-Content-Sha256=UNSIGNED-PAYLOAD&X-Amz-Algorithm=AWS4-HMAC-SHA256&X-Amz-Credential=devkey%2F20260730%2Feu-central-1%2Fs3%2Faws4_request&X-Amz-Date=20260730T005754Z&X-Amz-SignedHeaders=host&X-Amz-Expires=3600&X-Amz-Signature=a8f2b34e9953fa5e932fc039de76775534343336d1a89cfb01e216d6b9c09cbb'. This request was not upgraded to HTTPS because it is a local network request. @ https://streaming.test/:0
[ 1017872ms] [WARNING] Mixed Content: The page at 'https://streaming.test/' was loaded over HTTPS, but requested an insecure element 'http://localhost:7070/ef-streaming/shows/thumbnails/show_1_20260730024409.jpg?X-Amz-Content-Sha256=UNSIGNED-PAYLOAD&X-Amz-Algorithm=AWS4-HMAC-SHA256&X-Amz-Credential=devkey%2F20260730%2Feu-central-1%2Fs3%2Faws4_request&X-Amz-Date=20260730T005754Z&X-Amz-SignedHeaders=host&X-Amz-Expires=3600&X-Amz-Signature=a8f2b34e9953fa5e932fc039de76775534343336d1a89cfb01e216d6b9c09cbb'. This request was not upgraded to HTTPS because it is a local network request. @ https://streaming.test/:0
[ 1017937ms] [ERROR] WebSocket connection to 'wss://localhost:8081/app/app-key?protocol=7&client=js&version=8.4.0&flash=false' failed: Error in connection establishment: net::ERR_SSL_PROTOCOL_ERROR @ http://[::1]:5173/node_modules/.vite/deps/pusher-js.js?v=6cb87dfa:3255
[ 1030617ms] [WARNING] Mixed Content: The page at 'https://streaming.test/' was loaded over HTTPS, but requested an insecure element 'http://localhost:7070/ef-streaming/shows/thumbnails/show_1_20260730024409.jpg?X-Amz-Content-Sha256=UNSIGNED-PAYLOAD&X-Amz-Algorithm=AWS4-HMAC-SHA256&X-Amz-Credential=devkey%2F20260730%2Feu-central-1%2Fs3%2Faws4_request&X-Amz-Date=20260730T005807Z&X-Amz-SignedHeaders=host&X-Amz-Expires=3600&X-Amz-Signature=1ac805a16ddbfa6bde5205a31a54983d809985ed77562367d4b00876be3043ff'. This request was not upgraded to HTTPS because it is a local network request. @ https://streaming.test/:0
[ 1030617ms] [WARNING] Mixed Content: The page at 'https://streaming.test/' was loaded over HTTPS, but requested an insecure element 'http://localhost:7070/ef-streaming/shows/thumbnails/show_1_20260730024409.jpg?X-Amz-Content-Sha256=UNSIGNED-PAYLOAD&X-Amz-Algorithm=AWS4-HMAC-SHA256&X-Amz-Credential=devkey%2F20260730%2Feu-central-1%2Fs3%2Faws4_request&X-Amz-Date=20260730T005807Z&X-Amz-SignedHeaders=host&X-Amz-Expires=3600&X-Amz-Signature=1ac805a16ddbfa6bde5205a31a54983d809985ed77562367d4b00876be3043ff'. This request was not upgraded to HTTPS because it is a local network request. @ https://streaming.test/:0
[ 1030632ms] [ERROR] WebSocket connection to 'wss://localhost:8081/app/app-key?protocol=7&client=js&version=8.4.0&flash=false' failed: Error in connection establishment: net::ERR_SSL_PROTOCOL_ERROR @ http://[::1]:5173/node_modules/.vite/deps/pusher-js.js?v=6cb87dfa:3255
[ 1045618ms] [ERROR] WebSocket connection to 'wss://localhost:8081/app/app-key?protocol=7&client=js&version=8.4.0&flash=false' failed: Error in connection establishment: net::ERR_SSL_PROTOCOL_ERROR @ http://[::1]:5173/node_modules/.vite/deps/pusher-js.js?v=6cb87dfa:3255
[ 1057531ms] [WARNING] Mixed Content: The page at 'https://streaming.test/' was loaded over HTTPS, but requested an insecure element 'http://localhost:7070/ef-streaming/shows/thumbnails/show_1_20260730024409.jpg?X-Amz-Content-Sha256=UNSIGNED-PAYLOAD&X-Amz-Algorithm=AWS4-HMAC-SHA256&X-Amz-Credential=devkey%2F20260730%2Feu-central-1%2Fs3%2Faws4_request&X-Amz-Date=20260730T005834Z&X-Amz-SignedHeaders=host&X-Amz-Expires=3600&X-Amz-Signature=2eae4b846636df89ba62c869770566144386a45a4b1e4bef4652108ffd3ef62f'. This request was not upgraded to HTTPS because it is a local network request. @ https://streaming.test/:0
[ 1057531ms] [WARNING] Mixed Content: The page at 'https://streaming.test/' was loaded over HTTPS, but requested an insecure element 'http://localhost:7070/ef-streaming/shows/thumbnails/show_1_20260730024409.jpg?X-Amz-Content-Sha256=UNSIGNED-PAYLOAD&X-Amz-Algorithm=AWS4-HMAC-SHA256&X-Amz-Credential=devkey%2F20260730%2Feu-central-1%2Fs3%2Faws4_request&X-Amz-Date=20260730T005834Z&X-Amz-SignedHeaders=host&X-Amz-Expires=3600&X-Amz-Signature=2eae4b846636df89ba62c869770566144386a45a4b1e4bef4652108ffd3ef62f'. This request was not upgraded to HTTPS because it is a local network request. @ https://streaming.test/:0
[ 1057575ms] [ERROR] WebSocket connection to 'wss://localhost:8081/app/app-key?protocol=7&client=js&version=8.4.0&flash=false' failed: Error in connection establishment: net::ERR_SSL_PROTOCOL_ERROR @ http://[::1]:5173/node_modules/.vite/deps/pusher-js.js?v=6cb87dfa:3255
[ 1072507ms] [ERROR] WebSocket connection to 'wss://localhost:8081/app/app-key?protocol=7&client=js&version=8.4.0&flash=false' failed: Error in connection establishment: net::ERR_SSL_PROTOCOL_ERROR @ http://[::1]:5173/node_modules/.vite/deps/pusher-js.js?v=6cb87dfa:3255
[ 1102518ms] [ERROR] WebSocket connection to 'wss://localhost:8081/app/app-key?protocol=7&client=js&version=8.4.0&flash=false' failed: Error in connection establishment: net::ERR_SSL_PROTOCOL_ERROR @ http://[::1]:5173/node_modules/.vite/deps/pusher-js.js?v=6cb87dfa:3255
[ 1107604ms] [WARNING] Mixed Content: The page at 'https://streaming.test/' was loaded over HTTPS, but requested an insecure element 'http://localhost:7070/ef-streaming/shows/thumbnails/show_1_20260730024409.jpg?X-Amz-Content-Sha256=UNSIGNED-PAYLOAD&X-Amz-Algorithm=AWS4-HMAC-SHA256&X-Amz-Credential=devkey%2F20260730%2Feu-central-1%2Fs3%2Faws4_request&X-Amz-Date=20260730T005924Z&X-Amz-SignedHeaders=host&X-Amz-Expires=3600&X-Amz-Signature=e2fcc168ba91e12f58f9fc8fc1c200ce6c0bd6047bf0b33463af98c89c1993ef'. This request was not upgraded to HTTPS because it is a local network request. @ https://streaming.test/:0
[ 1107605ms] [WARNING] Mixed Content: The page at 'https://streaming.test/' was loaded over HTTPS, but requested an insecure element 'http://localhost:7070/ef-streaming/shows/thumbnails/show_1_20260730024409.jpg?X-Amz-Content-Sha256=UNSIGNED-PAYLOAD&X-Amz-Algorithm=AWS4-HMAC-SHA256&X-Amz-Credential=devkey%2F20260730%2Feu-central-1%2Fs3%2Faws4_request&X-Amz-Date=20260730T005924Z&X-Amz-SignedHeaders=host&X-Amz-Expires=3600&X-Amz-Signature=e2fcc168ba91e12f58f9fc8fc1c200ce6c0bd6047bf0b33463af98c89c1993ef'. This request was not upgraded to HTTPS because it is a local network request. @ https://streaming.test/:0
[ 1107619ms] [ERROR] WebSocket connection to 'wss://localhost:8081/app/app-key?protocol=7&client=js&version=8.4.0&flash=false' failed: Error in connection establishment: net::ERR_SSL_PROTOCOL_ERROR @ http://[::1]:5173/node_modules/.vite/deps/pusher-js.js?v=6cb87dfa:3255
[ 1108798ms] [WARNING] Mixed Content: The page at 'https://streaming.test/' was loaded over HTTPS, but requested an insecure element 'http://localhost:7070/ef-streaming/shows/thumbnails/show_1_20260730024409.jpg?X-Amz-Content-Sha256=UNSIGNED-PAYLOAD&X-Amz-Algorithm=AWS4-HMAC-SHA256&X-Amz-Credential=devkey%2F20260730%2Feu-central-1%2Fs3%2Faws4_request&X-Amz-Date=20260730T005925Z&X-Amz-SignedHeaders=host&X-Amz-Expires=3600&X-Amz-Signature=86a97326d97c6122838354c8eb3b7c2f4f0d0cf06021ed0b2a21867cabb2587b'. This request was not upgraded to HTTPS because it is a local network request. @ https://streaming.test/:0
[ 1108798ms] [WARNING] Mixed Content: The page at 'https://streaming.test/' was loaded over HTTPS, but requested an insecure element 'http://localhost:7070/ef-streaming/shows/thumbnails/show_1_20260730024409.jpg?X-Amz-Content-Sha256=UNSIGNED-PAYLOAD&X-Amz-Algorithm=AWS4-HMAC-SHA256&X-Amz-Credential=devkey%2F20260730%2Feu-central-1%2Fs3%2Faws4_request&X-Amz-Date=20260730T005925Z&X-Amz-SignedHeaders=host&X-Amz-Expires=3600&X-Amz-Signature=86a97326d97c6122838354c8eb3b7c2f4f0d0cf06021ed0b2a21867cabb2587b'. This request was not upgraded to HTTPS because it is a local network request. @ https://streaming.test/:0
[ 1108809ms] [ERROR] WebSocket connection to 'wss://localhost:8081/app/app-key?protocol=7&client=js&version=8.4.0&flash=false' failed: Error in connection establishment: net::ERR_SSL_PROTOCOL_ERROR @ http://[::1]:5173/node_modules/.vite/deps/pusher-js.js?v=6cb87dfa:3255
[ 1121069ms] [WARNING] Mixed Content: The page at 'https://streaming.test/' was loaded over HTTPS, but requested an insecure element 'http://localhost:7070/ef-streaming/shows/thumbnails/show_1_20260730024409.jpg?X-Amz-Content-Sha256=UNSIGNED-PAYLOAD&X-Amz-Algorithm=AWS4-HMAC-SHA256&X-Amz-Credential=devkey%2F20260730%2Feu-central-1%2Fs3%2Faws4_request&X-Amz-Date=20260730T005937Z&X-Amz-SignedHeaders=host&X-Amz-Expires=3600&X-Amz-Signature=3380df7af4e089ce95161f2823a548f711dadaa64fa7b7bd86118c1012a565c8'. This request was not upgraded to HTTPS because it is a local network request. @ https://streaming.test/:0
[ 1121070ms] [WARNING] Mixed Content: The page at 'https://streaming.test/' was loaded over HTTPS, but requested an insecure element 'http://localhost:7070/ef-streaming/shows/thumbnails/show_1_20260730024409.jpg?X-Amz-Content-Sha256=UNSIGNED-PAYLOAD&X-Amz-Algorithm=AWS4-HMAC-SHA256&X-Amz-Credential=devkey%2F20260730%2Feu-central-1%2Fs3%2Faws4_request&X-Amz-Date=20260730T005937Z&X-Amz-SignedHeaders=host&X-Amz-Expires=3600&X-Amz-Signature=3380df7af4e089ce95161f2823a548f711dadaa64fa7b7bd86118c1012a565c8'. This request was not upgraded to HTTPS because it is a local network request. @ https://streaming.test/:0
[ 1121105ms] [ERROR] WebSocket connection to 'wss://localhost:8081/app/app-key?protocol=7&client=js&version=8.4.0&flash=false' failed: Error in connection establishment: net::ERR_SSL_PROTOCOL_ERROR @ http://[::1]:5173/node_modules/.vite/deps/pusher-js.js?v=6cb87dfa:3255
[ 1126835ms] [WARNING] Mixed Content: The page at 'https://streaming.test/' was loaded over HTTPS, but requested an insecure element 'http://localhost:7070/ef-streaming/shows/thumbnails/show_1_20260730024409.jpg?X-Amz-Content-Sha256=UNSIGNED-PAYLOAD&X-Amz-Algorithm=AWS4-HMAC-SHA256&X-Amz-Credential=devkey%2F20260730%2Feu-central-1%2Fs3%2Faws4_request&X-Amz-Date=20260730T005943Z&X-Amz-SignedHeaders=host&X-Amz-Expires=3600&X-Amz-Signature=435a54846cd2811f83697d8d0eeff8fefba203f46672130705222872951847d6'. This request was not upgraded to HTTPS because it is a local network request. @ https://streaming.test/:0
[ 1126835ms] [WARNING] Mixed Content: The page at 'https://streaming.test/' was loaded over HTTPS, but requested an insecure element 'http://localhost:7070/ef-streaming/shows/thumbnails/show_1_20260730024409.jpg?X-Amz-Content-Sha256=UNSIGNED-PAYLOAD&X-Amz-Algorithm=AWS4-HMAC-SHA256&X-Amz-Credential=devkey%2F20260730%2Feu-central-1%2Fs3%2Faws4_request&X-Amz-Date=20260730T005943Z&X-Amz-SignedHeaders=host&X-Amz-Expires=3600&X-Amz-Signature=435a54846cd2811f83697d8d0eeff8fefba203f46672130705222872951847d6'. This request was not upgraded to HTTPS because it is a local network request. @ https://streaming.test/:0
[ 1126895ms] [ERROR] WebSocket connection to 'wss://localhost:8081/app/app-key?protocol=7&client=js&version=8.4.0&flash=false' failed: Error in connection establishment: net::ERR_SSL_PROTOCOL_ERROR @ http://[::1]:5173/node_modules/.vite/deps/pusher-js.js?v=6cb87dfa:3255
[ 1128379ms] [WARNING] Mixed Content: The page at 'https://streaming.test/' was loaded over HTTPS, but requested an insecure element 'http://localhost:7070/ef-streaming/shows/thumbnails/show_1_20260730024409.jpg?X-Amz-Content-Sha256=UNSIGNED-PAYLOAD&X-Amz-Algorithm=AWS4-HMAC-SHA256&X-Amz-Credential=devkey%2F20260730%2Feu-central-1%2Fs3%2Faws4_request&X-Amz-Date=20260730T005945Z&X-Amz-SignedHeaders=host&X-Amz-Expires=3600&X-Amz-Signature=aeb6e3d264b3fc6a048b1fee133a614d579fcb914710f96a11dc3f257255cc52'. This request was not upgraded to HTTPS because it is a local network request. @ https://streaming.test/:0
[ 1128379ms] [WARNING] Mixed Content: The page at 'https://streaming.test/' was loaded over HTTPS, but requested an insecure element 'http://localhost:7070/ef-streaming/shows/thumbnails/show_1_20260730024409.jpg?X-Amz-Content-Sha256=UNSIGNED-PAYLOAD&X-Amz-Algorithm=AWS4-HMAC-SHA256&X-Amz-Credential=devkey%2F20260730%2Feu-central-1%2Fs3%2Faws4_request&X-Amz-Date=20260730T005945Z&X-Amz-SignedHeaders=host&X-Amz-Expires=3600&X-Amz-Signature=aeb6e3d264b3fc6a048b1fee133a614d579fcb914710f96a11dc3f257255cc52'. This request was not upgraded to HTTPS because it is a local network request. @ https://streaming.test/:0
[ 1128425ms] [ERROR] WebSocket connection to 'wss://localhost:8081/app/app-key?protocol=7&client=js&version=8.4.0&flash=false' failed: Error in connection establishment: net::ERR_SSL_PROTOCOL_ERROR @ http://[::1]:5173/node_modules/.vite/deps/pusher-js.js?v=6cb87dfa:3255
[ 1143364ms] [ERROR] WebSocket connection to 'wss://localhost:8081/app/app-key?protocol=7&client=js&version=8.4.0&flash=false' failed: Error in connection establishment: net::ERR_SSL_PROTOCOL_ERROR @ http://[::1]:5173/node_modules/.vite/deps/pusher-js.js?v=6cb87dfa:3255
[ 1146877ms] [WARNING] Mixed Content: The page at 'https://streaming.test/' was loaded over HTTPS, but requested an insecure element 'http://localhost:7070/ef-streaming/shows/thumbnails/show_1_20260730024409.jpg?X-Amz-Content-Sha256=UNSIGNED-PAYLOAD&X-Amz-Algorithm=AWS4-HMAC-SHA256&X-Amz-Credential=devkey%2F20260730%2Feu-central-1%2Fs3%2Faws4_request&X-Amz-Date=20260730T010003Z&X-Amz-SignedHeaders=host&X-Amz-Expires=3600&X-Amz-Signature=5b9954f2178edeb835bb63dac439fb9d765df110e9b59d58636d353f6aada2f4'. This request was not upgraded to HTTPS because it is a local network request. @ https://streaming.test/:0
[ 1146877ms] [WARNING] Mixed Content: The page at 'https://streaming.test/' was loaded over HTTPS, but requested an insecure element 'http://localhost:7070/ef-streaming/shows/thumbnails/show_1_20260730024409.jpg?X-Amz-Content-Sha256=UNSIGNED-PAYLOAD&X-Amz-Algorithm=AWS4-HMAC-SHA256&X-Amz-Credential=devkey%2F20260730%2Feu-central-1%2Fs3%2Faws4_request&X-Amz-Date=20260730T010003Z&X-Amz-SignedHeaders=host&X-Amz-Expires=3600&X-Amz-Signature=5b9954f2178edeb835bb63dac439fb9d765df110e9b59d58636d353f6aada2f4'. This request was not upgraded to HTTPS because it is a local network request. @ https://streaming.test/:0
[ 1146888ms] [ERROR] WebSocket connection to 'wss://localhost:8081/app/app-key?protocol=7&client=js&version=8.4.0&flash=false' failed: Error in connection establishment: net::ERR_SSL_PROTOCOL_ERROR @ http://[::1]:5173/node_modules/.vite/deps/pusher-js.js?v=6cb87dfa:3255
[ 1157755ms] [WARNING] Mixed Content: The page at 'https://streaming.test/' was loaded over HTTPS, but requested an insecure element 'http://localhost:7070/ef-streaming/shows/thumbnails/show_1_20260730024409.jpg?X-Amz-Content-Sha256=UNSIGNED-PAYLOAD&X-Amz-Algorithm=AWS4-HMAC-SHA256&X-Amz-Credential=devkey%2F20260730%2Feu-central-1%2Fs3%2Faws4_request&X-Amz-Date=20260730T010014Z&X-Amz-SignedHeaders=host&X-Amz-Expires=3600&X-Amz-Signature=6dc660643abd0bc74899f6cc53c04861f5757519213c98ade3320b86c6942b38'. This request was not upgraded to HTTPS because it is a local network request. @ https://streaming.test/:0
[ 1157755ms] [WARNING] Mixed Content: The page at 'https://streaming.test/' was loaded over HTTPS, but requested an insecure element 'http://localhost:7070/ef-streaming/shows/thumbnails/show_1_20260730024409.jpg?X-Amz-Content-Sha256=UNSIGNED-PAYLOAD&X-Amz-Algorithm=AWS4-HMAC-SHA256&X-Amz-Credential=devkey%2F20260730%2Feu-central-1%2Fs3%2Faws4_request&X-Amz-Date=20260730T010014Z&X-Amz-SignedHeaders=host&X-Amz-Expires=3600&X-Amz-Signature=6dc660643abd0bc74899f6cc53c04861f5757519213c98ade3320b86c6942b38'. This request was not upgraded to HTTPS because it is a local network request. @ https://streaming.test/:0
[ 1157787ms] [ERROR] WebSocket connection to 'wss://localhost:8081/app/app-key?protocol=7&client=js&version=8.4.0&flash=false' failed: Error in connection establishment: net::ERR_SSL_PROTOCOL_ERROR @ http://[::1]:5173/node_modules/.vite/deps/pusher-js.js?v=6cb87dfa:3255
[ 1165514ms] [WARNING] Mixed Content: The page at 'https://streaming.test/' was loaded over HTTPS, but requested an insecure element 'http://localhost:7070/ef-streaming/shows/thumbnails/show_1_20260730024409.jpg?X-Amz-Content-Sha256=UNSIGNED-PAYLOAD&X-Amz-Algorithm=AWS4-HMAC-SHA256&X-Amz-Credential=devkey%2F20260730%2Feu-central-1%2Fs3%2Faws4_request&X-Amz-Date=20260730T010022Z&X-Amz-SignedHeaders=host&X-Amz-Expires=3600&X-Amz-Signature=fec4b5a0d8a6526e082b1724255af0283dd9728e79519d6882f32465a11a3bae'. This request was not upgraded to HTTPS because it is a local network request. @ https://streaming.test/:0
[ 1165514ms] [WARNING] Mixed Content: The page at 'https://streaming.test/' was loaded over HTTPS, but requested an insecure element 'http://localhost:7070/ef-streaming/shows/thumbnails/show_1_20260730024409.jpg?X-Amz-Content-Sha256=UNSIGNED-PAYLOAD&X-Amz-Algorithm=AWS4-HMAC-SHA256&X-Amz-Credential=devkey%2F20260730%2Feu-central-1%2Fs3%2Faws4_request&X-Amz-Date=20260730T010022Z&X-Amz-SignedHeaders=host&X-Amz-Expires=3600&X-Amz-Signature=fec4b5a0d8a6526e082b1724255af0283dd9728e79519d6882f32465a11a3bae'. This request was not upgraded to HTTPS because it is a local network request. @ https://streaming.test/:0
[ 1165527ms] [ERROR] WebSocket connection to 'wss://localhost:8081/app/app-key?protocol=7&client=js&version=8.4.0&flash=false' failed: Error in connection establishment: net::ERR_SSL_PROTOCOL_ERROR @ http://[::1]:5173/node_modules/.vite/deps/pusher-js.js?v=6cb87dfa:3255
[ 1174487ms] [WARNING] Mixed Content: The page at 'https://streaming.test/' was loaded over HTTPS, but requested an insecure element 'http://localhost:7070/ef-streaming/shows/thumbnails/show_1_20260730024409.jpg?X-Amz-Content-Sha256=UNSIGNED-PAYLOAD&X-Amz-Algorithm=AWS4-HMAC-SHA256&X-Amz-Credential=devkey%2F20260730%2Feu-central-1%2Fs3%2Faws4_request&X-Amz-Date=20260730T010031Z&X-Amz-SignedHeaders=host&X-Amz-Expires=3600&X-Amz-Signature=a9bfae85b2e1158b8f39d029fd2fe8fc2d44595d9c81862151159612680b3fa6'. This request was not upgraded to HTTPS because it is a local network request. @ https://streaming.test/:0
[ 1174487ms] [WARNING] Mixed Content: The page at 'https://streaming.test/' was loaded over HTTPS, but requested an insecure element 'http://localhost:7070/ef-streaming/shows/thumbnails/show_1_20260730024409.jpg?X-Amz-Content-Sha256=UNSIGNED-PAYLOAD&X-Amz-Algorithm=AWS4-HMAC-SHA256&X-Amz-Credential=devkey%2F20260730%2Feu-central-1%2Fs3%2Faws4_request&X-Amz-Date=20260730T010031Z&X-Amz-SignedHeaders=host&X-Amz-Expires=3600&X-Amz-Signature=a9bfae85b2e1158b8f39d029fd2fe8fc2d44595d9c81862151159612680b3fa6'. This request was not upgraded to HTTPS because it is a local network request. @ https://streaming.test/:0
[ 1174571ms] [ERROR] WebSocket connection to 'wss://localhost:8081/app/app-key?protocol=7&client=js&version=8.4.0&flash=false' failed: Error in connection establishment: net::ERR_SSL_PROTOCOL_ERROR @ http://[::1]:5173/node_modules/.vite/deps/pusher-js.js?v=6cb87dfa:3255
[ 1176595ms] [WARNING] Mixed Content: The page at 'https://streaming.test/' was loaded over HTTPS, but requested an insecure element 'http://localhost:7070/ef-streaming/shows/thumbnails/show_1_20260730024409.jpg?X-Amz-Content-Sha256=UNSIGNED-PAYLOAD&X-Amz-Algorithm=AWS4-HMAC-SHA256&X-Amz-Credential=devkey%2F20260730%2Feu-central-1%2Fs3%2Faws4_request&X-Amz-Date=20260730T010033Z&X-Amz-SignedHeaders=host&X-Amz-Expires=3600&X-Amz-Signature=78cb22bda400ce896ea59404f11f0435f7884e4a03c8add51d5de0da40852eb3'. This request was not upgraded to HTTPS because it is a local network request. @ https://streaming.test/:0
[ 1176595ms] [WARNING] Mixed Content: The page at 'https://streaming.test/' was loaded over HTTPS, but requested an insecure element 'http://localhost:7070/ef-streaming/shows/thumbnails/show_1_20260730024409.jpg?X-Amz-Content-Sha256=UNSIGNED-PAYLOAD&X-Amz-Algorithm=AWS4-HMAC-SHA256&X-Amz-Credential=devkey%2F20260730%2Feu-central-1%2Fs3%2Faws4_request&X-Amz-Date=20260730T010033Z&X-Amz-SignedHeaders=host&X-Amz-Expires=3600&X-Amz-Signature=78cb22bda400ce896ea59404f11f0435f7884e4a03c8add51d5de0da40852eb3'. This request was not upgraded to HTTPS because it is a local network request. @ https://streaming.test/:0
[ 1176605ms] [ERROR] WebSocket connection to 'wss://localhost:8081/app/app-key?protocol=7&client=js&version=8.4.0&flash=false' failed: Error in connection establishment: net::ERR_SSL_PROTOCOL_ERROR @ http://[::1]:5173/node_modules/.vite/deps/pusher-js.js?v=6cb87dfa:3255
[ 1181447ms] [WARNING] Mixed Content: The page at 'https://streaming.test/' was loaded over HTTPS, but requested an insecure element 'http://localhost:7070/ef-streaming/shows/thumbnails/show_1_20260730024409.jpg?X-Amz-Content-Sha256=UNSIGNED-PAYLOAD&X-Amz-Algorithm=AWS4-HMAC-SHA256&X-Amz-Credential=devkey%2F20260730%2Feu-central-1%2Fs3%2Faws4_request&X-Amz-Date=20260730T010038Z&X-Amz-SignedHeaders=host&X-Amz-Expires=3600&X-Amz-Signature=a80ddd0613b792b34211de09468f5fcbf080d807fdf89777e02dbde225edbf22'. This request was not upgraded to HTTPS because it is a local network request. @ https://streaming.test/:0
[ 1181447ms] [WARNING] Mixed Content: The page at 'https://streaming.test/' was loaded over HTTPS, but requested an insecure element 'http://localhost:7070/ef-streaming/shows/thumbnails/show_1_20260730024409.jpg?X-Amz-Content-Sha256=UNSIGNED-PAYLOAD&X-Amz-Algorithm=AWS4-HMAC-SHA256&X-Amz-Credential=devkey%2F20260730%2Feu-central-1%2Fs3%2Faws4_request&X-Amz-Date=20260730T010038Z&X-Amz-SignedHeaders=host&X-Amz-Expires=3600&X-Amz-Signature=a80ddd0613b792b34211de09468f5fcbf080d807fdf89777e02dbde225edbf22'. This request was not upgraded to HTTPS because it is a local network request. @ https://streaming.test/:0
[ 1181463ms] [ERROR] WebSocket connection to 'wss://localhost:8081/app/app-key?protocol=7&client=js&version=8.4.0&flash=false' failed: Error in connection establishment: net::ERR_SSL_PROTOCOL_ERROR @ http://[::1]:5173/node_modules/.vite/deps/pusher-js.js?v=6cb87dfa:3255
[ 1196439ms] [ERROR] WebSocket connection to 'wss://localhost:8081/app/app-key?protocol=7&client=js&version=8.4.0&flash=false' failed: Error in connection establishment: net::ERR_SSL_PROTOCOL_ERROR @ http://[::1]:5173/node_modules/.vite/deps/pusher-js.js?v=6cb87dfa:3255
[ 1225116ms] [WARNING] Mixed Content: The page at 'https://streaming.test/' was loaded over HTTPS, but requested an insecure element 'http://localhost:7070/ef-streaming/shows/thumbnails/show_1_20260730024409.jpg?X-Amz-Content-Sha256=UNSIGNED-PAYLOAD&X-Amz-Algorithm=AWS4-HMAC-SHA256&X-Amz-Credential=devkey%2F20260730%2Feu-central-1%2Fs3%2Faws4_request&X-Amz-Date=20260730T010121Z&X-Amz-SignedHeaders=host&X-Amz-Expires=3600&X-Amz-Signature=3f79615b463b0dc2e5baceddf7daba82739e64f0106ae2dd9606436d40b34af2'. This request was not upgraded to HTTPS because it is a local network request. @ https://streaming.test/:0
[ 1225116ms] [WARNING] Mixed Content: The page at 'https://streaming.test/' was loaded over HTTPS, but requested an insecure element 'http://localhost:7070/ef-streaming/shows/thumbnails/show_1_20260730024409.jpg?X-Amz-Content-Sha256=UNSIGNED-PAYLOAD&X-Amz-Algorithm=AWS4-HMAC-SHA256&X-Amz-Credential=devkey%2F20260730%2Feu-central-1%2Fs3%2Faws4_request&X-Amz-Date=20260730T010121Z&X-Amz-SignedHeaders=host&X-Amz-Expires=3600&X-Amz-Signature=3f79615b463b0dc2e5baceddf7daba82739e64f0106ae2dd9606436d40b34af2'. This request was not upgraded to HTTPS because it is a local network request. @ https://streaming.test/:0
[ 1225135ms] [ERROR] WebSocket connection to 'wss://localhost:8081/app/app-key?protocol=7&client=js&version=8.4.0&flash=false' failed: Error in connection establishment: net::ERR_SSL_PROTOCOL_ERROR @ http://[::1]:5173/node_modules/.vite/deps/pusher-js.js?v=6cb87dfa:3255
[ 1232273ms] [WARNING] Mixed Content: The page at 'https://streaming.test/' was loaded over HTTPS, but requested an insecure element 'http://localhost:7070/ef-streaming/shows/thumbnails/show_1_20260730024409.jpg?X-Amz-Content-Sha256=UNSIGNED-PAYLOAD&X-Amz-Algorithm=AWS4-HMAC-SHA256&X-Amz-Credential=devkey%2F20260730%2Feu-central-1%2Fs3%2Faws4_request&X-Amz-Date=20260730T010129Z&X-Amz-SignedHeaders=host&X-Amz-Expires=3600&X-Amz-Signature=d140a3bc1caa21d45a609a6c5404518f7320236368f20bc923181b5999bb1b7d'. This request was not upgraded to HTTPS because it is a local network request. @ https://streaming.test/:0
[ 1232273ms] [WARNING] Mixed Content: The page at 'https://streaming.test/' was loaded over HTTPS, but requested an insecure element 'http://localhost:7070/ef-streaming/shows/thumbnails/show_1_20260730024409.jpg?X-Amz-Content-Sha256=UNSIGNED-PAYLOAD&X-Amz-Algorithm=AWS4-HMAC-SHA256&X-Amz-Credential=devkey%2F20260730%2Feu-central-1%2Fs3%2Faws4_request&X-Amz-Date=20260730T010129Z&X-Amz-SignedHeaders=host&X-Amz-Expires=3600&X-Amz-Signature=d140a3bc1caa21d45a609a6c5404518f7320236368f20bc923181b5999bb1b7d'. This request was not upgraded to HTTPS because it is a local network request. @ https://streaming.test/:0
[ 1232289ms] [ERROR] WebSocket connection to 'wss://localhost:8081/app/app-key?protocol=7&client=js&version=8.4.0&flash=false' failed: Error in connection establishment: net::ERR_SSL_PROTOCOL_ERROR @ http://[::1]:5173/node_modules/.vite/deps/pusher-js.js?v=6cb87dfa:3255
[ 1239987ms] [WARNING] Mixed Content: The page at 'https://streaming.test/' was loaded over HTTPS, but requested an insecure element 'http://localhost:7070/ef-streaming/shows/thumbnails/show_1_20260730024409.jpg?X-Amz-Content-Sha256=UNSIGNED-PAYLOAD&X-Amz-Algorithm=AWS4-HMAC-SHA256&X-Amz-Credential=devkey%2F20260730%2Feu-central-1%2Fs3%2Faws4_request&X-Amz-Date=20260730T010136Z&X-Amz-SignedHeaders=host&X-Amz-Expires=3600&X-Amz-Signature=8824897dd903a968fa284ca6e11f7c394381a8c581f307ea43c3276c6df8d5ea'. This request was not upgraded to HTTPS because it is a local network request. @ https://streaming.test/:0
[ 1239988ms] [WARNING] Mixed Content: The page at 'https://streaming.test/' was loaded over HTTPS, but requested an insecure element 'http://localhost:7070/ef-streaming/shows/thumbnails/show_1_20260730024409.jpg?X-Amz-Content-Sha256=UNSIGNED-PAYLOAD&X-Amz-Algorithm=AWS4-HMAC-SHA256&X-Amz-Credential=devkey%2F20260730%2Feu-central-1%2Fs3%2Faws4_request&X-Amz-Date=20260730T010136Z&X-Amz-SignedHeaders=host&X-Amz-Expires=3600&X-Amz-Signature=8824897dd903a968fa284ca6e11f7c394381a8c581f307ea43c3276c6df8d5ea'. This request was not upgraded to HTTPS because it is a local network request. @ https://streaming.test/:0
[ 1240001ms] [ERROR] WebSocket connection to 'wss://localhost:8081/app/app-key?protocol=7&client=js&version=8.4.0&flash=false' failed: Error in connection establishment: net::ERR_SSL_PROTOCOL_ERROR @ http://[::1]:5173/node_modules/.vite/deps/pusher-js.js?v=6cb87dfa:3255
[ 1252548ms] [WARNING] Mixed Content: The page at 'https://streaming.test/' was loaded over HTTPS, but requested an insecure element 'http://localhost:7070/ef-streaming/shows/thumbnails/show_1_20260730024409.jpg?X-Amz-Content-Sha256=UNSIGNED-PAYLOAD&X-Amz-Algorithm=AWS4-HMAC-SHA256&X-Amz-Credential=devkey%2F20260730%2Feu-central-1%2Fs3%2Faws4_request&X-Amz-Date=20260730T010149Z&X-Amz-SignedHeaders=host&X-Amz-Expires=3600&X-Amz-Signature=b3bd39a9e1e2f2cf598119478192e6633924ec0482cae55321678207203f6d47'. This request was not upgraded to HTTPS because it is a local network request. @ https://streaming.test/:0
[ 1252549ms] [WARNING] Mixed Content: The page at 'https://streaming.test/' was loaded over HTTPS, but requested an insecure element 'http://localhost:7070/ef-streaming/shows/thumbnails/show_1_20260730024409.jpg?X-Amz-Content-Sha256=UNSIGNED-PAYLOAD&X-Amz-Algorithm=AWS4-HMAC-SHA256&X-Amz-Credential=devkey%2F20260730%2Feu-central-1%2Fs3%2Faws4_request&X-Amz-Date=20260730T010149Z&X-Amz-SignedHeaders=host&X-Amz-Expires=3600&X-Amz-Signature=b3bd39a9e1e2f2cf598119478192e6633924ec0482cae55321678207203f6d47'. This request was not upgraded to HTTPS because it is a local network request. @ https://streaming.test/:0
[ 1252563ms] [ERROR] WebSocket connection to 'wss://localhost:8081/app/app-key?protocol=7&client=js&version=8.4.0&flash=false' failed: Error in connection establishment: net::ERR_SSL_PROTOCOL_ERROR @ http://[::1]:5173/node_modules/.vite/deps/pusher-js.js?v=6cb87dfa:3255
[ 1257214ms] [WARNING] Mixed Content: The page at 'https://streaming.test/' was loaded over HTTPS, but requested an insecure element 'http://localhost:7070/ef-streaming/shows/thumbnails/show_1_20260730024409.jpg?X-Amz-Content-Sha256=UNSIGNED-PAYLOAD&X-Amz-Algorithm=AWS4-HMAC-SHA256&X-Amz-Credential=devkey%2F20260730%2Feu-central-1%2Fs3%2Faws4_request&X-Amz-Date=20260730T010154Z&X-Amz-SignedHeaders=host&X-Amz-Expires=3600&X-Amz-Signature=32143f11d1bd9e18bcd4a1b16a7beee1f65df951b9ec66f0b61a2d49ec0c5f3b'. This request was not upgraded to HTTPS because it is a local network request. @ https://streaming.test/:0
[ 1257214ms] [WARNING] Mixed Content: The page at 'https://streaming.test/' was loaded over HTTPS, but requested an insecure element 'http://localhost:7070/ef-streaming/shows/thumbnails/show_1_20260730024409.jpg?X-Amz-Content-Sha256=UNSIGNED-PAYLOAD&X-Amz-Algorithm=AWS4-HMAC-SHA256&X-Amz-Credential=devkey%2F20260730%2Feu-central-1%2Fs3%2Faws4_request&X-Amz-Date=20260730T010154Z&X-Amz-SignedHeaders=host&X-Amz-Expires=3600&X-Amz-Signature=32143f11d1bd9e18bcd4a1b16a7beee1f65df951b9ec66f0b61a2d49ec0c5f3b'. This request was not upgraded to HTTPS because it is a local network request. @ https://streaming.test/:0
[ 1257226ms] [ERROR] WebSocket connection to 'wss://localhost:8081/app/app-key?protocol=7&client=js&version=8.4.0&flash=false' failed: Error in connection establishment: net::ERR_SSL_PROTOCOL_ERROR @ http://[::1]:5173/node_modules/.vite/deps/pusher-js.js?v=6cb87dfa:3255
[ 1266640ms] [WARNING] Mixed Content: The page at 'https://streaming.test/' was loaded over HTTPS, but requested an insecure element 'http://localhost:7070/ef-streaming/shows/thumbnails/show_1_20260730024409.jpg?X-Amz-Content-Sha256=UNSIGNED-PAYLOAD&X-Amz-Algorithm=AWS4-HMAC-SHA256&X-Amz-Credential=devkey%2F20260730%2Feu-central-1%2Fs3%2Faws4_request&X-Amz-Date=20260730T010203Z&X-Amz-SignedHeaders=host&X-Amz-Expires=3600&X-Amz-Signature=27c52c5139e5728d9a8f37163e9e0ecf94aba1ed14981719c373f3f44ad5631b'. This request was not upgraded to HTTPS because it is a local network request. @ https://streaming.test/:0
[ 1266640ms] [WARNING] Mixed Content: The page at 'https://streaming.test/' was loaded over HTTPS, but requested an insecure element 'http://localhost:7070/ef-streaming/shows/thumbnails/show_1_20260730024409.jpg?X-Amz-Content-Sha256=UNSIGNED-PAYLOAD&X-Amz-Algorithm=AWS4-HMAC-SHA256&X-Amz-Credential=devkey%2F20260730%2Feu-central-1%2Fs3%2Faws4_request&X-Amz-Date=20260730T010203Z&X-Amz-SignedHeaders=host&X-Amz-Expires=3600&X-Amz-Signature=27c52c5139e5728d9a8f37163e9e0ecf94aba1ed14981719c373f3f44ad5631b'. This request was not upgraded to HTTPS because it is a local network request. @ https://streaming.test/:0
[ 1266690ms] [ERROR] WebSocket connection to 'wss://localhost:8081/app/app-key?protocol=7&client=js&version=8.4.0&flash=false' failed: Error in connection establishment: net::ERR_SSL_PROTOCOL_ERROR @ http://[::1]:5173/node_modules/.vite/deps/pusher-js.js?v=6cb87dfa:3255
[ 1273804ms] [WARNING] Mixed Content: The page at 'https://streaming.test/' was loaded over HTTPS, but requested an insecure element 'http://localhost:7070/ef-streaming/shows/thumbnails/show_1_20260730024409.jpg?X-Amz-Content-Sha256=UNSIGNED-PAYLOAD&X-Amz-Algorithm=AWS4-HMAC-SHA256&X-Amz-Credential=devkey%2F20260730%2Feu-central-1%2Fs3%2Faws4_request&X-Amz-Date=20260730T010210Z&X-Amz-SignedHeaders=host&X-Amz-Expires=3600&X-Amz-Signature=e1dd0799975c5be6c36eca0f0102f5f4281f2da39b2ac1fce4875d80d818cf0a'. This request was not upgraded to HTTPS because it is a local network request. @ https://streaming.test/:0
[ 1273804ms] [WARNING] Mixed Content: The page at 'https://streaming.test/' was loaded over HTTPS, but requested an insecure element 'http://localhost:7070/ef-streaming/shows/thumbnails/show_1_20260730024409.jpg?X-Amz-Content-Sha256=UNSIGNED-PAYLOAD&X-Amz-Algorithm=AWS4-HMAC-SHA256&X-Amz-Credential=devkey%2F20260730%2Feu-central-1%2Fs3%2Faws4_request&X-Amz-Date=20260730T010210Z&X-Amz-SignedHeaders=host&X-Amz-Expires=3600&X-Amz-Signature=e1dd0799975c5be6c36eca0f0102f5f4281f2da39b2ac1fce4875d80d818cf0a'. This request was not upgraded to HTTPS because it is a local network request. @ https://streaming.test/:0
[ 1273815ms] [ERROR] WebSocket connection to 'wss://localhost:8081/app/app-key?protocol=7&client=js&version=8.4.0&flash=false' failed: Error in connection establishment: net::ERR_SSL_PROTOCOL_ERROR @ http://[::1]:5173/node_modules/.vite/deps/pusher-js.js?v=6cb87dfa:3255
[ 1277504ms] [WARNING] Mixed Content: The page at 'https://streaming.test/' was loaded over HTTPS, but requested an insecure element 'http://localhost:7070/ef-streaming/shows/thumbnails/show_1_20260730024409.jpg?X-Amz-Content-Sha256=UNSIGNED-PAYLOAD&X-Amz-Algorithm=AWS4-HMAC-SHA256&X-Amz-Credential=devkey%2F20260730%2Feu-central-1%2Fs3%2Faws4_request&X-Amz-Date=20260730T010214Z&X-Amz-SignedHeaders=host&X-Amz-Expires=3600&X-Amz-Signature=2a60a5359f28e6008782c695bcea490461a6a1781df052ee8adbfc5eba710070'. This request was not upgraded to HTTPS because it is a local network request. @ https://streaming.test/:0
[ 1277504ms] [WARNING] Mixed Content: The page at 'https://streaming.test/' was loaded over HTTPS, but requested an insecure element 'http://localhost:7070/ef-streaming/shows/thumbnails/show_1_20260730024409.jpg?X-Amz-Content-Sha256=UNSIGNED-PAYLOAD&X-Amz-Algorithm=AWS4-HMAC-SHA256&X-Amz-Credential=devkey%2F20260730%2Feu-central-1%2Fs3%2Faws4_request&X-Amz-Date=20260730T010214Z&X-Amz-SignedHeaders=host&X-Amz-Expires=3600&X-Amz-Signature=2a60a5359f28e6008782c695bcea490461a6a1781df052ee8adbfc5eba710070'. This request was not upgraded to HTTPS because it is a local network request. @ https://streaming.test/:0
[ 1277639ms] [ERROR] WebSocket connection to 'wss://localhost:8081/app/app-key?protocol=7&client=js&version=8.4.0&flash=false' failed: Error in connection establishment: net::ERR_SSL_PROTOCOL_ERROR @ http://[::1]:5173/node_modules/.vite/deps/pusher-js.js?v=6cb87dfa:3255
[ 1281925ms] [WARNING] Mixed Content: The page at 'https://streaming.test/' was loaded over HTTPS, but requested an insecure element 'http://localhost:7070/ef-streaming/shows/thumbnails/show_1_20260730024409.jpg?X-Amz-Content-Sha256=UNSIGNED-PAYLOAD&X-Amz-Algorithm=AWS4-HMAC-SHA256&X-Amz-Credential=devkey%2F20260730%2Feu-central-1%2Fs3%2Faws4_request&X-Amz-Date=20260730T010218Z&X-Amz-SignedHeaders=host&X-Amz-Expires=3600&X-Amz-Signature=8b2517d08c4c9c52d56fc19827d8e35d97762c785fe24094fc1641b8ff516536'. This request was not upgraded to HTTPS because it is a local network request. @ https://streaming.test/:0
[ 1281926ms] [WARNING] Mixed Content: The page at 'https://streaming.test/' was loaded over HTTPS, but requested an insecure element 'http://localhost:7070/ef-streaming/shows/thumbnails/show_1_20260730024409.jpg?X-Amz-Content-Sha256=UNSIGNED-PAYLOAD&X-Amz-Algorithm=AWS4-HMAC-SHA256&X-Amz-Credential=devkey%2F20260730%2Feu-central-1%2Fs3%2Faws4_request&X-Amz-Date=20260730T010218Z&X-Amz-SignedHeaders=host&X-Amz-Expires=3600&X-Amz-Signature=8b2517d08c4c9c52d56fc19827d8e35d97762c785fe24094fc1641b8ff516536'. This request was not upgraded to HTTPS because it is a local network request. @ https://streaming.test/:0
[ 1281937ms] [ERROR] WebSocket connection to 'wss://localhost:8081/app/app-key?protocol=7&client=js&version=8.4.0&flash=false' failed: Error in connection establishment: net::ERR_SSL_PROTOCOL_ERROR @ http://[::1]:5173/node_modules/.vite/deps/pusher-js.js?v=6cb87dfa:3255
[ 1285192ms] [WARNING] Mixed Content: The page at 'https://streaming.test/' was loaded over HTTPS, but requested an insecure element 'http://localhost:7070/ef-streaming/shows/thumbnails/show_1_20260730024409.jpg?X-Amz-Content-Sha256=UNSIGNED-PAYLOAD&X-Amz-Algorithm=AWS4-HMAC-SHA256&X-Amz-Credential=devkey%2F20260730%2Feu-central-1%2Fs3%2Faws4_request&X-Amz-Date=20260730T010222Z&X-Amz-SignedHeaders=host&X-Amz-Expires=3600&X-Amz-Signature=51803f4f6db5821d0af380a140785232a5f7b4013b87a41a8e74d55b8c93f910'. This request was not upgraded to HTTPS because it is a local network request. @ https://streaming.test/:0
[ 1285192ms] [WARNING] Mixed Content: The page at 'https://streaming.test/' was loaded over HTTPS, but requested an insecure element 'http://localhost:7070/ef-streaming/shows/thumbnails/show_1_20260730024409.jpg?X-Amz-Content-Sha256=UNSIGNED-PAYLOAD&X-Amz-Algorithm=AWS4-HMAC-SHA256&X-Amz-Credential=devkey%2F20260730%2Feu-central-1%2Fs3%2Faws4_request&X-Amz-Date=20260730T010222Z&X-Amz-SignedHeaders=host&X-Amz-Expires=3600&X-Amz-Signature=51803f4f6db5821d0af380a140785232a5f7b4013b87a41a8e74d55b8c93f910'. This request was not upgraded to HTTPS because it is a local network request. @ https://streaming.test/:0
[ 1285204ms] [ERROR] WebSocket connection to 'wss://localhost:8081/app/app-key?protocol=7&client=js&version=8.4.0&flash=false' failed: Error in connection establishment: net::ERR_SSL_PROTOCOL_ERROR @ http://[::1]:5173/node_modules/.vite/deps/pusher-js.js?v=6cb87dfa:3255
[ 1288069ms] [ERROR] Failed to load resource: the server responded with a status of 500 (Internal Server Error) @ https://streaming.test/show/ef-prime:0
[ 1288118ms] [LOG] {report: Object, shareableReport: Object, config: Object, solutions: Array(0), updateConfigEndpoint: /_ignition/update-config} {frames: Array(81), context_items: Object, custom_context_items: Array(0), type: web, entry_point: https://streaming.test/show/ef-prime} @ :7
[ 1297722ms] [WARNING] Mixed Content: The page at 'https://streaming.test/' was loaded over HTTPS, but requested an insecure element 'http://localhost:7070/ef-streaming/shows/thumbnails/show_1_20260730024409.jpg?X-Amz-Content-Sha256=UNSIGNED-PAYLOAD&X-Amz-Algorithm=AWS4-HMAC-SHA256&X-Amz-Credential=devkey%2F20260730%2Feu-central-1%2Fs3%2Faws4_request&X-Amz-Date=20260730T010234Z&X-Amz-SignedHeaders=host&X-Amz-Expires=3600&X-Amz-Signature=66d11ed8f86e580e70f4d15a03dbdf9583365abc9b9ddea6895dd20e184eedb6'. This request was not upgraded to HTTPS because it is a local network request. @ https://streaming.test/:0
[ 1297722ms] [WARNING] Mixed Content: The page at 'https://streaming.test/' was loaded over HTTPS, but requested an insecure element 'http://localhost:7070/ef-streaming/shows/thumbnails/show_1_20260730024409.jpg?X-Amz-Content-Sha256=UNSIGNED-PAYLOAD&X-Amz-Algorithm=AWS4-HMAC-SHA256&X-Amz-Credential=devkey%2F20260730%2Feu-central-1%2Fs3%2Faws4_request&X-Amz-Date=20260730T010234Z&X-Amz-SignedHeaders=host&X-Amz-Expires=3600&X-Amz-Signature=66d11ed8f86e580e70f4d15a03dbdf9583365abc9b9ddea6895dd20e184eedb6'. This request was not upgraded to HTTPS because it is a local network request. @ https://streaming.test/:0
[ 1297731ms] [ERROR] WebSocket connection to 'wss://localhost:8081/app/app-key?protocol=7&client=js&version=8.4.0&flash=false' failed: Error in connection establishment: net::ERR_SSL_PROTOCOL_ERROR @ http://[::1]:5173/node_modules/.vite/deps/pusher-js.js?v=6cb87dfa:3255
[ 1299506ms] [WARNING] Mixed Content: The page at 'https://streaming.test/' was loaded over HTTPS, but requested an insecure element 'http://localhost:7070/ef-streaming/shows/thumbnails/show_1_20260730024409.jpg?X-Amz-Content-Sha256=UNSIGNED-PAYLOAD&X-Amz-Algorithm=AWS4-HMAC-SHA256&X-Amz-Credential=devkey%2F20260730%2Feu-central-1%2Fs3%2Faws4_request&X-Amz-Date=20260730T010236Z&X-Amz-SignedHeaders=host&X-Amz-Expires=3600&X-Amz-Signature=147b4d25d38ce736c9b1cddad443189fe2d0ba1c85df0e2841d2f91bac50369e'. This request was not upgraded to HTTPS because it is a local network request. @ https://streaming.test/:0
[ 1299506ms] [WARNING] Mixed Content: The page at 'https://streaming.test/' was loaded over HTTPS, but requested an insecure element 'http://localhost:7070/ef-streaming/shows/thumbnails/show_1_20260730024409.jpg?X-Amz-Content-Sha256=UNSIGNED-PAYLOAD&X-Amz-Algorithm=AWS4-HMAC-SHA256&X-Amz-Credential=devkey%2F20260730%2Feu-central-1%2Fs3%2Faws4_request&X-Amz-Date=20260730T010236Z&X-Amz-SignedHeaders=host&X-Amz-Expires=3600&X-Amz-Signature=147b4d25d38ce736c9b1cddad443189fe2d0ba1c85df0e2841d2f91bac50369e'. This request was not upgraded to HTTPS because it is a local network request. @ https://streaming.test/:0
[ 1299517ms] [ERROR] WebSocket connection to 'wss://localhost:8081/app/app-key?protocol=7&client=js&version=8.4.0&flash=false' failed: Error in connection establishment: net::ERR_SSL_PROTOCOL_ERROR @ http://[::1]:5173/node_modules/.vite/deps/pusher-js.js?v=6cb87dfa:3255
[ 1314497ms] [ERROR] WebSocket connection to 'wss://localhost:8081/app/app-key?protocol=7&client=js&version=8.4.0&flash=false' failed: Error in connection establishment: net::ERR_SSL_PROTOCOL_ERROR @ http://[::1]:5173/node_modules/.vite/deps/pusher-js.js?v=6cb87dfa:3255
[ 1344488ms] [ERROR] WebSocket connection to 'wss://localhost:8081/app/app-key?protocol=7&client=js&version=8.4.0&flash=false' failed: Error in connection establishment: net::ERR_SSL_PROTOCOL_ERROR @ http://[::1]:5173/node_modules/.vite/deps/pusher-js.js?v=6cb87dfa:3255
[ 1362500ms] [ERROR] Failed to load resource: the server responded with a status of 404 (Not Found) @ http://[::1]:5173/resources/js/composables/useNow.js?t=1785373419435:0
[ 1362500ms] [ERROR] [vite] Failed to reload /resources/js/Components/Shows/StageHero.vue. This could be due to syntax errors or importing non-existent modules. (see errors above) @ http://[::1]:5173/@vite/client:881
[ 1362500ms] [ERROR] [vite] Failed to reload /resources/js/Components/Shows/ShowTile.vue. This could be due to syntax errors or importing non-existent modules. (see errors above) @ http://[::1]:5173/@vite/client:881
[ 1399110ms] [WARNING] Mixed Content: The page at 'https://streaming.test/' was loaded over HTTPS, but requested an insecure element 'http://localhost:7070/ef-streaming/shows/thumbnails/show_1_20260730024409.jpg?X-Amz-Content-Sha256=UNSIGNED-PAYLOAD&X-Amz-Algorithm=AWS4-HMAC-SHA256&X-Amz-Credential=devkey%2F20260730%2Feu-central-1%2Fs3%2Faws4_request&X-Amz-Date=20260730T010236Z&X-Amz-SignedHeaders=host&X-Amz-Expires=3600&X-Amz-Signature=147b4d25d38ce736c9b1cddad443189fe2d0ba1c85df0e2841d2f91bac50369e'. This request was not upgraded to HTTPS because it is a local network request. @ http://[::1]:5173/node_modules/.vite/deps/chunk-HQWNKBGN.js?v=6cb87dfa:11543
[ 1399113ms] [WARNING] Mixed Content: The page at 'https://streaming.test/' was loaded over HTTPS, but requested an insecure element 'http://localhost:7070/ef-streaming/shows/thumbnails/show_1_20260730024409.jpg?X-Amz-Content-Sha256=UNSIGNED-PAYLOAD&X-Amz-Algorithm=AWS4-HMAC-SHA256&X-Amz-Credential=devkey%2F20260730%2Feu-central-1%2Fs3%2Faws4_request&X-Amz-Date=20260730T010236Z&X-Amz-SignedHeaders=host&X-Amz-Expires=3600&X-Amz-Signature=147b4d25d38ce736c9b1cddad443189fe2d0ba1c85df0e2841d2f91bac50369e'. This request was not upgraded to HTTPS because it is a local network request. @ https://streaming.test/:0
[ 1399221ms] [WARNING] Mixed Content: The page at 'https://streaming.test/' was loaded over HTTPS, but requested an insecure element 'http://localhost:7070/ef-streaming/shows/thumbnails/show_1_20260730024409.jpg?X-Amz-Content-Sha256=UNSIGNED-PAYLOAD&X-Amz-Algorithm=AWS4-HMAC-SHA256&X-Amz-Credential=devkey%2F20260730%2Feu-central-1%2Fs3%2Faws4_request&X-Amz-Date=20260730T010236Z&X-Amz-SignedHeaders=host&X-Amz-Expires=3600&X-Amz-Signature=147b4d25d38ce736c9b1cddad443189fe2d0ba1c85df0e2841d2f91bac50369e'. This request was not upgraded to HTTPS because it is a local network request. @ http://[::1]:5173/node_modules/.vite/deps/chunk-HQWNKBGN.js?v=6cb87dfa:11543
[ 1399222ms] [WARNING] Mixed Content: The page at 'https://streaming.test/' was loaded over HTTPS, but requested an insecure element 'http://localhost:7070/ef-streaming/shows/thumbnails/show_1_20260730024409.jpg?X-Amz-Content-Sha256=UNSIGNED-PAYLOAD&X-Amz-Algorithm=AWS4-HMAC-SHA256&X-Amz-Credential=devkey%2F20260730%2Feu-central-1%2Fs3%2Faws4_request&X-Amz-Date=20260730T010236Z&X-Amz-SignedHeaders=host&X-Amz-Expires=3600&X-Amz-Signature=147b4d25d38ce736c9b1cddad443189fe2d0ba1c85df0e2841d2f91bac50369e'. This request was not upgraded to HTTPS because it is a local network request. @ https://streaming.test/:0
[ 1401246ms] [WARNING] Mixed Content: The page at 'https://streaming.test/' was loaded over HTTPS, but requested an insecure element 'http://localhost:7070/ef-streaming/shows/thumbnails/show_1_20260730024409.jpg?X-Amz-Content-Sha256=UNSIGNED-PAYLOAD&X-Amz-Algorithm=AWS4-HMAC-SHA256&X-Amz-Credential=devkey%2F20260730%2Feu-central-1%2Fs3%2Faws4_request&X-Amz-Date=20260730T010417Z&X-Amz-SignedHeaders=host&X-Amz-Expires=3600&X-Amz-Signature=0d4138a056e6291f069f29c374ddcd9a2efdd02cb909678b6b0ba9d2d0321b89'. This request was not upgraded to HTTPS because it is a local network request. @ https://streaming.test/:0
[ 1401246ms] [WARNING] Mixed Content: The page at 'https://streaming.test/' was loaded over HTTPS, but requested an insecure element 'http://localhost:7070/ef-streaming/shows/thumbnails/show_1_20260730024409.jpg?X-Amz-Content-Sha256=UNSIGNED-PAYLOAD&X-Amz-Algorithm=AWS4-HMAC-SHA256&X-Amz-Credential=devkey%2F20260730%2Feu-central-1%2Fs3%2Faws4_request&X-Amz-Date=20260730T010417Z&X-Amz-SignedHeaders=host&X-Amz-Expires=3600&X-Amz-Signature=0d4138a056e6291f069f29c374ddcd9a2efdd02cb909678b6b0ba9d2d0321b89'. This request was not upgraded to HTTPS because it is a local network request. @ https://streaming.test/:0
[ 1401268ms] [ERROR] WebSocket connection to 'wss://localhost:8081/app/app-key?protocol=7&client=js&version=8.4.0&flash=false' failed: Error in connection establishment: net::ERR_SSL_PROTOCOL_ERROR @ http://[::1]:5173/node_modules/.vite/deps/pusher-js.js?v=6cb87dfa:3255
[ 1408907ms] [WARNING] Mixed Content: The page at 'https://streaming.test/' was loaded over HTTPS, but requested an insecure element 'http://localhost:7070/ef-streaming/shows/thumbnails/show_1_20260730024409.jpg?X-Amz-Content-Sha256=UNSIGNED-PAYLOAD&X-Amz-Algorithm=AWS4-HMAC-SHA256&X-Amz-Credential=devkey%2F20260730%2Feu-central-1%2Fs3%2Faws4_request&X-Amz-Date=20260730T010425Z&X-Amz-SignedHeaders=host&X-Amz-Expires=3600&X-Amz-Signature=5873bfc9ffb6e34cec4ed3e7b283d2aff859ebb0c3e06bd86094a1a79b3ca100'. This request was not upgraded to HTTPS because it is a local network request. @ https://streaming.test/:0
[ 1408907ms] [WARNING] Mixed Content: The page at 'https://streaming.test/' was loaded over HTTPS, but requested an insecure element 'http://localhost:7070/ef-streaming/shows/thumbnails/show_1_20260730024409.jpg?X-Amz-Content-Sha256=UNSIGNED-PAYLOAD&X-Amz-Algorithm=AWS4-HMAC-SHA256&X-Amz-Credential=devkey%2F20260730%2Feu-central-1%2Fs3%2Faws4_request&X-Amz-Date=20260730T010425Z&X-Amz-SignedHeaders=host&X-Amz-Expires=3600&X-Amz-Signature=5873bfc9ffb6e34cec4ed3e7b283d2aff859ebb0c3e06bd86094a1a79b3ca100'. This request was not upgraded to HTTPS because it is a local network request. @ https://streaming.test/:0
[ 1408993ms] [ERROR] WebSocket connection to 'wss://localhost:8081/app/app-key?protocol=7&client=js&version=8.4.0&flash=false' failed: Error in connection establishment: net::ERR_SSL_PROTOCOL_ERROR @ http://[::1]:5173/node_modules/.vite/deps/pusher-js.js?v=6cb87dfa:3255
[ 1423874ms] [ERROR] WebSocket connection to 'wss://localhost:8081/app/app-key?protocol=7&client=js&version=8.4.0&flash=false' failed: Error in connection establishment: net::ERR_SSL_PROTOCOL_ERROR @ http://[::1]:5173/node_modules/.vite/deps/pusher-js.js?v=6cb87dfa:3255
[ 1453877ms] [ERROR] WebSocket connection to 'wss://localhost:8081/app/app-key?protocol=7&client=js&version=8.4.0&flash=false' failed: Error in connection establishment: net::ERR_SSL_PROTOCOL_ERROR @ http://[::1]:5173/node_modules/.vite/deps/pusher-js.js?v=6cb87dfa:3255
[ 1513894ms] [ERROR] WebSocket connection to 'wss://localhost:8081/app/app-key?protocol=7&client=js&version=8.4.0&flash=false' failed: Error in connection establishment: net::ERR_SSL_PROTOCOL_ERROR @ http://[::1]:5173/node_modules/.vite/deps/pusher-js.js?v=6cb87dfa:3255
[ 1538249ms] [WARNING] Mixed Content: The page at 'https://streaming.test/' was loaded over HTTPS, but requested an insecure element 'http://localhost:7070/ef-streaming/shows/thumbnails/show_1_20260730024409.jpg?X-Amz-Content-Sha256=UNSIGNED-PAYLOAD&X-Amz-Algorithm=AWS4-HMAC-SHA256&X-Amz-Credential=devkey%2F20260730%2Feu-central-1%2Fs3%2Faws4_request&X-Amz-Date=20260730T010634Z&X-Amz-SignedHeaders=host&X-Amz-Expires=3600&X-Amz-Signature=8de685da13d9ec55d2558497eaef4763dd14a07138e7a7828170c441245d6dec'. This request was not upgraded to HTTPS because it is a local network request. @ https://streaming.test/:0
[ 1538249ms] [WARNING] Mixed Content: The page at 'https://streaming.test/' was loaded over HTTPS, but requested an insecure element 'http://localhost:7070/ef-streaming/shows/thumbnails/show_1_20260730024409.jpg?X-Amz-Content-Sha256=UNSIGNED-PAYLOAD&X-Amz-Algorithm=AWS4-HMAC-SHA256&X-Amz-Credential=devkey%2F20260730%2Feu-central-1%2Fs3%2Faws4_request&X-Amz-Date=20260730T010634Z&X-Amz-SignedHeaders=host&X-Amz-Expires=3600&X-Amz-Signature=8de685da13d9ec55d2558497eaef4763dd14a07138e7a7828170c441245d6dec'. This request was not upgraded to HTTPS because it is a local network request. @ https://streaming.test/:0
[ 1538268ms] [ERROR] WebSocket connection to 'wss://localhost:8081/app/app-key?protocol=7&client=js&version=8.4.0&flash=false' failed: Error in connection establishment: net::ERR_SSL_PROTOCOL_ERROR @ http://[::1]:5173/node_modules/.vite/deps/pusher-js.js?v=6cb87dfa:3255
[ 1550343ms] [WARNING] Mixed Content: The page at 'https://streaming.test/' was loaded over HTTPS, but requested an insecure element 'http://localhost:7070/ef-streaming/shows/thumbnails/show_1_20260730024409.jpg?X-Amz-Content-Sha256=UNSIGNED-PAYLOAD&X-Amz-Algorithm=AWS4-HMAC-SHA256&X-Amz-Credential=devkey%2F20260730%2Feu-central-1%2Fs3%2Faws4_request&X-Amz-Date=20260730T010647Z&X-Amz-SignedHeaders=host&X-Amz-Expires=3600&X-Amz-Signature=90cc00a3548fa1037a5575df7e6abf6828a18602744feccdce9b7798d1cfe089'. This request was not upgraded to HTTPS because it is a local network request. @ https://streaming.test/:0
[ 1550343ms] [WARNING] Mixed Content: The page at 'https://streaming.test/' was loaded over HTTPS, but requested an insecure element 'http://localhost:7070/ef-streaming/shows/thumbnails/show_1_20260730024409.jpg?X-Amz-Content-Sha256=UNSIGNED-PAYLOAD&X-Amz-Algorithm=AWS4-HMAC-SHA256&X-Amz-Credential=devkey%2F20260730%2Feu-central-1%2Fs3%2Faws4_request&X-Amz-Date=20260730T010647Z&X-Amz-SignedHeaders=host&X-Amz-Expires=3600&X-Amz-Signature=90cc00a3548fa1037a5575df7e6abf6828a18602744feccdce9b7798d1cfe089'. This request was not upgraded to HTTPS because it is a local network request. @ https://streaming.test/:0
[ 1550419ms] [ERROR] WebSocket connection to 'wss://localhost:8081/app/app-key?protocol=7&client=js&version=8.4.0&flash=false' failed: Error in connection establishment: net::ERR_SSL_PROTOCOL_ERROR @ http://[::1]:5173/node_modules/.vite/deps/pusher-js.js?v=6cb87dfa:3255
[ 1565374ms] [ERROR] WebSocket connection to 'wss://localhost:8081/app/app-key?protocol=7&client=js&version=8.4.0&flash=false' failed: Error in connection establishment: net::ERR_SSL_PROTOCOL_ERROR @ http://[::1]:5173/node_modules/.vite/deps/pusher-js.js?v=6cb87dfa:3255
[ 1595300ms] [ERROR] WebSocket connection to 'wss://localhost:8081/app/app-key?protocol=7&client=js&version=8.4.0&flash=false' failed: Error in connection establishment: net::ERR_SSL_PROTOCOL_ERROR @ http://[::1]:5173/node_modules/.vite/deps/pusher-js.js?v=6cb87dfa:3255
[ 1655303ms] [ERROR] WebSocket connection to 'wss://localhost:8081/app/app-key?protocol=7&client=js&version=8.4.0&flash=false' failed: Error in connection establishment: net::ERR_SSL_PROTOCOL_ERROR @ http://[::1]:5173/node_modules/.vite/deps/pusher-js.js?v=6cb87dfa:3255
[ 1690483ms] [WARNING] Mixed Content: The page at 'https://streaming.test/' was loaded over HTTPS, but requested an insecure element 'http://localhost:7070/ef-streaming/shows/thumbnails/show_1_20260730024409.jpg?X-Amz-Content-Sha256=UNSIGNED-PAYLOAD&X-Amz-Algorithm=AWS4-HMAC-SHA256&X-Amz-Credential=devkey%2F20260730%2Feu-central-1%2Fs3%2Faws4_request&X-Amz-Date=20260730T010907Z&X-Amz-SignedHeaders=host&X-Amz-Expires=3600&X-Amz-Signature=4414e4da7eea67e66ef7ace464dbad6d44a3c4ba4a175393131112a6a0022ea6'. This request was not upgraded to HTTPS because it is a local network request. @ https://streaming.test/:0
[ 1690484ms] [WARNING] Mixed Content: The page at 'https://streaming.test/' was loaded over HTTPS, but requested an insecure element 'http://localhost:7070/ef-streaming/shows/thumbnails/show_1_20260730024409.jpg?X-Amz-Content-Sha256=UNSIGNED-PAYLOAD&X-Amz-Algorithm=AWS4-HMAC-SHA256&X-Amz-Credential=devkey%2F20260730%2Feu-central-1%2Fs3%2Faws4_request&X-Amz-Date=20260730T010907Z&X-Amz-SignedHeaders=host&X-Amz-Expires=3600&X-Amz-Signature=4414e4da7eea67e66ef7ace464dbad6d44a3c4ba4a175393131112a6a0022ea6'. This request was not upgraded to HTTPS because it is a local network request. @ https://streaming.test/:0
[ 1690496ms] [ERROR] WebSocket connection to 'wss://localhost:8081/app/app-key?protocol=7&client=js&version=8.4.0&flash=false' failed: Error in connection establishment: net::ERR_SSL_PROTOCOL_ERROR @ http://[::1]:5173/node_modules/.vite/deps/pusher-js.js?v=6cb87dfa:3255
[ 1694777ms] [WARNING] Mixed Content: The page at 'https://streaming.test/' was loaded over HTTPS, but requested an insecure element 'http://localhost:7070/ef-streaming/shows/thumbnails/show_1_20260730024409.jpg?X-Amz-Content-Sha256=UNSIGNED-PAYLOAD&X-Amz-Algorithm=AWS4-HMAC-SHA256&X-Amz-Credential=devkey%2F20260730%2Feu-central-1%2Fs3%2Faws4_request&X-Amz-Date=20260730T010911Z&X-Amz-SignedHeaders=host&X-Amz-Expires=3600&X-Amz-Signature=b12f0dd9ac390dd694e831f98ca8ff7d10b9e401a6c7abe9ad6c98545c3b2dd4'. This request was not upgraded to HTTPS because it is a local network request. @ https://streaming.test/:0
[ 1694777ms] [WARNING] Mixed Content: The page at 'https://streaming.test/' was loaded over HTTPS, but requested an insecure element 'http://localhost:7070/ef-streaming/shows/thumbnails/show_1_20260730024409.jpg?X-Amz-Content-Sha256=UNSIGNED-PAYLOAD&X-Amz-Algorithm=AWS4-HMAC-SHA256&X-Amz-Credential=devkey%2F20260730%2Feu-central-1%2Fs3%2Faws4_request&X-Amz-Date=20260730T010911Z&X-Amz-SignedHeaders=host&X-Amz-Expires=3600&X-Amz-Signature=b12f0dd9ac390dd694e831f98ca8ff7d10b9e401a6c7abe9ad6c98545c3b2dd4'. This request was not upgraded to HTTPS because it is a local network request. @ https://streaming.test/:0
[ 1694793ms] [ERROR] WebSocket connection to 'wss://localhost:8081/app/app-key?protocol=7&client=js&version=8.4.0&flash=false' failed: Error in connection establishment: net::ERR_SSL_PROTOCOL_ERROR @ http://[::1]:5173/node_modules/.vite/deps/pusher-js.js?v=6cb87dfa:3255
[ 1699452ms] [WARNING] Mixed Content: The page at 'https://streaming.test/' was loaded over HTTPS, but requested an insecure element 'http://localhost:7070/ef-streaming/shows/thumbnails/show_1_20260730024409.jpg?X-Amz-Content-Sha256=UNSIGNED-PAYLOAD&X-Amz-Algorithm=AWS4-HMAC-SHA256&X-Amz-Credential=devkey%2F20260730%2Feu-central-1%2Fs3%2Faws4_request&X-Amz-Date=20260730T010916Z&X-Amz-SignedHeaders=host&X-Amz-Expires=3600&X-Amz-Signature=014ad78354e601bd60ac792b36a6b47150b8666f3974f740c29a6fd38340453b'. This request was not upgraded to HTTPS because it is a local network request. @ https://streaming.test/:0
[ 1699452ms] [WARNING] Mixed Content: The page at 'https://streaming.test/' was loaded over HTTPS, but requested an insecure element 'http://localhost:7070/ef-streaming/shows/thumbnails/show_1_20260730024409.jpg?X-Amz-Content-Sha256=UNSIGNED-PAYLOAD&X-Amz-Algorithm=AWS4-HMAC-SHA256&X-Amz-Credential=devkey%2F20260730%2Feu-central-1%2Fs3%2Faws4_request&X-Amz-Date=20260730T010916Z&X-Amz-SignedHeaders=host&X-Amz-Expires=3600&X-Amz-Signature=014ad78354e601bd60ac792b36a6b47150b8666f3974f740c29a6fd38340453b'. This request was not upgraded to HTTPS because it is a local network request. @ https://streaming.test/:0
[ 1699468ms] [ERROR] WebSocket connection to 'wss://localhost:8081/app/app-key?protocol=7&client=js&version=8.4.0&flash=false' failed: Error in connection establishment: net::ERR_SSL_PROTOCOL_ERROR @ http://[::1]:5173/node_modules/.vite/deps/pusher-js.js?v=6cb87dfa:3255
[ 1700187ms] [WARNING] Mixed Content: The page at 'https://streaming.test/' was loaded over HTTPS, but requested an insecure element 'http://localhost:7070/ef-streaming/shows/thumbnails/show_1_20260730024409.jpg?X-Amz-Content-Sha256=UNSIGNED-PAYLOAD&X-Amz-Algorithm=AWS4-HMAC-SHA256&X-Amz-Credential=devkey%2F20260730%2Feu-central-1%2Fs3%2Faws4_request&X-Amz-Date=20260730T010917Z&X-Amz-SignedHeaders=host&X-Amz-Expires=3600&X-Amz-Signature=7cf4a386c39345582e6b3e0758f61ac27a14b35c43802234d2a6ea3aa4094d5a'. This request was not upgraded to HTTPS because it is a local network request. @ https://streaming.test/:0
[ 1700187ms] [WARNING] Mixed Content: The page at 'https://streaming.test/' was loaded over HTTPS, but requested an insecure element 'http://localhost:7070/ef-streaming/shows/thumbnails/show_1_20260730024409.jpg?X-Amz-Content-Sha256=UNSIGNED-PAYLOAD&X-Amz-Algorithm=AWS4-HMAC-SHA256&X-Amz-Credential=devkey%2F20260730%2Feu-central-1%2Fs3%2Faws4_request&X-Amz-Date=20260730T010917Z&X-Amz-SignedHeaders=host&X-Amz-Expires=3600&X-Amz-Signature=7cf4a386c39345582e6b3e0758f61ac27a14b35c43802234d2a6ea3aa4094d5a'. This request was not upgraded to HTTPS because it is a local network request. @ https://streaming.test/:0
[ 1700210ms] [ERROR] WebSocket connection to 'wss://localhost:8081/app/app-key?protocol=7&client=js&version=8.4.0&flash=false' failed: Error in connection establishment: net::ERR_SSL_PROTOCOL_ERROR @ http://[::1]:5173/node_modules/.vite/deps/pusher-js.js?v=6cb87dfa:3255
[ 1706975ms] [WARNING] Mixed Content: The page at 'https://streaming.test/' was loaded over HTTPS, but requested an insecure element 'http://localhost:7070/ef-streaming/shows/thumbnails/show_1_20260730024409.jpg?X-Amz-Content-Sha256=UNSIGNED-PAYLOAD&X-Amz-Algorithm=AWS4-HMAC-SHA256&X-Amz-Credential=devkey%2F20260730%2Feu-central-1%2Fs3%2Faws4_request&X-Amz-Date=20260730T010923Z&X-Amz-SignedHeaders=host&X-Amz-Expires=3600&X-Amz-Signature=2a5933691dbed8060cb7ffa022dbc8fdb7c188836f3470f9a0c2b321be15d6aa'. This request was not upgraded to HTTPS because it is a local network request. @ https://streaming.test/:0
[ 1706976ms] [WARNING] Mixed Content: The page at 'https://streaming.test/' was loaded over HTTPS, but requested an insecure element 'http://localhost:7070/ef-streaming/shows/thumbnails/show_1_20260730024409.jpg?X-Amz-Content-Sha256=UNSIGNED-PAYLOAD&X-Amz-Algorithm=AWS4-HMAC-SHA256&X-Amz-Credential=devkey%2F20260730%2Feu-central-1%2Fs3%2Faws4_request&X-Amz-Date=20260730T010923Z&X-Amz-SignedHeaders=host&X-Amz-Expires=3600&X-Amz-Signature=2a5933691dbed8060cb7ffa022dbc8fdb7c188836f3470f9a0c2b321be15d6aa'. This request was not upgraded to HTTPS because it is a local network request. @ https://streaming.test/:0
[ 1706990ms] [ERROR] WebSocket connection to 'wss://localhost:8081/app/app-key?protocol=7&client=js&version=8.4.0&flash=false' failed: Error in connection establishment: net::ERR_SSL_PROTOCOL_ERROR @ http://[::1]:5173/node_modules/.vite/deps/pusher-js.js?v=6cb87dfa:3255
[ 1713304ms] [WARNING] Mixed Content: The page at 'https://streaming.test/' was loaded over HTTPS, but requested an insecure element 'http://localhost:7070/ef-streaming/shows/thumbnails/show_1_20260730024409.jpg?X-Amz-Content-Sha256=UNSIGNED-PAYLOAD&X-Amz-Algorithm=AWS4-HMAC-SHA256&X-Amz-Credential=devkey%2F20260730%2Feu-central-1%2Fs3%2Faws4_request&X-Amz-Date=20260730T010930Z&X-Amz-SignedHeaders=host&X-Amz-Expires=3600&X-Amz-Signature=b160ed1c13b31a3a60faa3313fc7587d522d6cf701f505e05eb080f518371c69'. This request was not upgraded to HTTPS because it is a local network request. @ https://streaming.test/:0
[ 1713305ms] [WARNING] Mixed Content: The page at 'https://streaming.test/' was loaded over HTTPS, but requested an insecure element 'http://localhost:7070/ef-streaming/shows/thumbnails/show_1_20260730024409.jpg?X-Amz-Content-Sha256=UNSIGNED-PAYLOAD&X-Amz-Algorithm=AWS4-HMAC-SHA256&X-Amz-Credential=devkey%2F20260730%2Feu-central-1%2Fs3%2Faws4_request&X-Amz-Date=20260730T010930Z&X-Amz-SignedHeaders=host&X-Amz-Expires=3600&X-Amz-Signature=b160ed1c13b31a3a60faa3313fc7587d522d6cf701f505e05eb080f518371c69'. This request was not upgraded to HTTPS because it is a local network request. @ https://streaming.test/:0
[ 1713321ms] [ERROR] WebSocket connection to 'wss://localhost:8081/app/app-key?protocol=7&client=js&version=8.4.0&flash=false' failed: Error in connection establishment: net::ERR_SSL_PROTOCOL_ERROR @ http://[::1]:5173/node_modules/.vite/deps/pusher-js.js?v=6cb87dfa:3255
[ 1718988ms] [WARNING] Mixed Content: The page at 'https://streaming.test/' was loaded over HTTPS, but requested an insecure element 'http://localhost:7070/ef-streaming/shows/thumbnails/show_1_20260730024409.jpg?X-Amz-Content-Sha256=UNSIGNED-PAYLOAD&X-Amz-Algorithm=AWS4-HMAC-SHA256&X-Amz-Credential=devkey%2F20260730%2Feu-central-1%2Fs3%2Faws4_request&X-Amz-Date=20260730T010935Z&X-Amz-SignedHeaders=host&X-Amz-Expires=3600&X-Amz-Signature=f3ee39a61a3e7a57a62109c534b5cc98814574d6df222292ab00ed4d157a6371'. This request was not upgraded to HTTPS because it is a local network request. @ https://streaming.test/:0
[ 1718988ms] [WARNING] Mixed Content: The page at 'https://streaming.test/' was loaded over HTTPS, but requested an insecure element 'http://localhost:7070/ef-streaming/shows/thumbnails/show_1_20260730024409.jpg?X-Amz-Content-Sha256=UNSIGNED-PAYLOAD&X-Amz-Algorithm=AWS4-HMAC-SHA256&X-Amz-Credential=devkey%2F20260730%2Feu-central-1%2Fs3%2Faws4_request&X-Amz-Date=20260730T010935Z&X-Amz-SignedHeaders=host&X-Amz-Expires=3600&X-Amz-Signature=f3ee39a61a3e7a57a62109c534b5cc98814574d6df222292ab00ed4d157a6371'. This request was not upgraded to HTTPS because it is a local network request. @ https://streaming.test/:0
[ 1719014ms] [ERROR] WebSocket connection to 'wss://localhost:8081/app/app-key?protocol=7&client=js&version=8.4.0&flash=false' failed: Error in connection establishment: net::ERR_SSL_PROTOCOL_ERROR @ http://[::1]:5173/node_modules/.vite/deps/pusher-js.js?v=6cb87dfa:3255
[ 1729802ms] [WARNING] Mixed Content: The page at 'https://streaming.test/' was loaded over HTTPS, but requested an insecure element 'http://localhost:7070/ef-streaming/shows/thumbnails/show_1_20260730024409.jpg?X-Amz-Content-Sha256=UNSIGNED-PAYLOAD&X-Amz-Algorithm=AWS4-HMAC-SHA256&X-Amz-Credential=devkey%2F20260730%2Feu-central-1%2Fs3%2Faws4_request&X-Amz-Date=20260730T010946Z&X-Amz-SignedHeaders=host&X-Amz-Expires=3600&X-Amz-Signature=721e32d582a91b22fb6922a4946c4c63d3bc63e300885e182d848514e93f69fa'. This request was not upgraded to HTTPS because it is a local network request. @ https://streaming.test/:0
[ 1729803ms] [WARNING] Mixed Content: The page at 'https://streaming.test/' was loaded over HTTPS, but requested an insecure element 'http://localhost:7070/ef-streaming/shows/thumbnails/show_1_20260730024409.jpg?X-Amz-Content-Sha256=UNSIGNED-PAYLOAD&X-Amz-Algorithm=AWS4-HMAC-SHA256&X-Amz-Credential=devkey%2F20260730%2Feu-central-1%2Fs3%2Faws4_request&X-Amz-Date=20260730T010946Z&X-Amz-SignedHeaders=host&X-Amz-Expires=3600&X-Amz-Signature=721e32d582a91b22fb6922a4946c4c63d3bc63e300885e182d848514e93f69fa'. This request was not upgraded to HTTPS because it is a local network request. @ https://streaming.test/:0
[ 1729819ms] [ERROR] WebSocket connection to 'wss://localhost:8081/app/app-key?protocol=7&client=js&version=8.4.0&flash=false' failed: Error in connection establishment: net::ERR_SSL_PROTOCOL_ERROR @ http://[::1]:5173/node_modules/.vite/deps/pusher-js.js?v=6cb87dfa:3255
[ 1744810ms] [ERROR] WebSocket connection to 'wss://localhost:8081/app/app-key?protocol=7&client=js&version=8.4.0&flash=false' failed: Error in connection establishment: net::ERR_SSL_PROTOCOL_ERROR @ http://[::1]:5173/node_modules/.vite/deps/pusher-js.js?v=6cb87dfa:3255
[ 1747435ms] [WARNING] Mixed Content: The page at 'https://streaming.test/' was loaded over HTTPS, but requested an insecure element 'http://localhost:7070/ef-streaming/shows/thumbnails/show_1_20260730024409.jpg?X-Amz-Content-Sha256=UNSIGNED-PAYLOAD&X-Amz-Algorithm=AWS4-HMAC-SHA256&X-Amz-Credential=devkey%2F20260730%2Feu-central-1%2Fs3%2Faws4_request&X-Amz-Date=20260730T010946Z&X-Amz-SignedHeaders=host&X-Amz-Expires=3600&X-Amz-Signature=721e32d582a91b22fb6922a4946c4c63d3bc63e300885e182d848514e93f69fa'. This request was not upgraded to HTTPS because it is a local network request. @ http://[::1]:5173/node_modules/.vite/deps/chunk-HQWNKBGN.js?v=6cb87dfa:11543
[ 1747438ms] [WARNING] Mixed Content: The page at 'https://streaming.test/' was loaded over HTTPS, but requested an insecure element 'http://localhost:7070/ef-streaming/shows/thumbnails/show_1_20260730024409.jpg?X-Amz-Content-Sha256=UNSIGNED-PAYLOAD&X-Amz-Algorithm=AWS4-HMAC-SHA256&X-Amz-Credential=devkey%2F20260730%2Feu-central-1%2Fs3%2Faws4_request&X-Amz-Date=20260730T010946Z&X-Amz-SignedHeaders=host&X-Amz-Expires=3600&X-Amz-Signature=721e32d582a91b22fb6922a4946c4c63d3bc63e300885e182d848514e93f69fa'. This request was not upgraded to HTTPS because it is a local network request. @ https://streaming.test/:0
[ 1747485ms] [WARNING] Mixed Content: The page at 'https://streaming.test/' was loaded over HTTPS, but requested an insecure element 'http://localhost:7070/ef-streaming/shows/thumbnails/show_1_20260730024409.jpg?X-Amz-Content-Sha256=UNSIGNED-PAYLOAD&X-Amz-Algorithm=AWS4-HMAC-SHA256&X-Amz-Credential=devkey%2F20260730%2Feu-central-1%2Fs3%2Faws4_request&X-Amz-Date=20260730T010946Z&X-Amz-SignedHeaders=host&X-Amz-Expires=3600&X-Amz-Signature=721e32d582a91b22fb6922a4946c4c63d3bc63e300885e182d848514e93f69fa'. This request was not upgraded to HTTPS because it is a local network request. @ http://[::1]:5173/node_modules/.vite/deps/chunk-HQWNKBGN.js?v=6cb87dfa:11543
[ 1747503ms] [WARNING] Mixed Content: The page at 'https://streaming.test/' was loaded over HTTPS, but requested an insecure element 'http://localhost:7070/ef-streaming/shows/thumbnails/show_1_20260730024409.jpg?X-Amz-Content-Sha256=UNSIGNED-PAYLOAD&X-Amz-Algorithm=AWS4-HMAC-SHA256&X-Amz-Credential=devkey%2F20260730%2Feu-central-1%2Fs3%2Faws4_request&X-Amz-Date=20260730T010946Z&X-Amz-SignedHeaders=host&X-Amz-Expires=3600&X-Amz-Signature=721e32d582a91b22fb6922a4946c4c63d3bc63e300885e182d848514e93f69fa'. This request was not upgraded to HTTPS because it is a local network request. @ https://streaming.test/:0
[ 1749057ms] [WARNING] Mixed Content: The page at 'https://streaming.test/' was loaded over HTTPS, but requested an insecure element 'http://localhost:7070/ef-streaming/shows/thumbnails/show_1_20260730024409.jpg?X-Amz-Content-Sha256=UNSIGNED-PAYLOAD&X-Amz-Algorithm=AWS4-HMAC-SHA256&X-Amz-Credential=devkey%2F20260730%2Feu-central-1%2Fs3%2Faws4_request&X-Amz-Date=20260730T011005Z&X-Amz-SignedHeaders=host&X-Amz-Expires=3600&X-Amz-Signature=6bd1ea599c6dbd3dad04544333125a23005cc89a42173ad53fe144254fa45643'. This request was not upgraded to HTTPS because it is a local network request. @ https://streaming.test/:0
[ 1749057ms] [WARNING] Mixed Content: The page at 'https://streaming.test/' was loaded over HTTPS, but requested an insecure element 'http://localhost:7070/ef-streaming/shows/thumbnails/show_1_20260730024409.jpg?X-Amz-Content-Sha256=UNSIGNED-PAYLOAD&X-Amz-Algorithm=AWS4-HMAC-SHA256&X-Amz-Credential=devkey%2F20260730%2Feu-central-1%2Fs3%2Faws4_request&X-Amz-Date=20260730T011005Z&X-Amz-SignedHeaders=host&X-Amz-Expires=3600&X-Amz-Signature=6bd1ea599c6dbd3dad04544333125a23005cc89a42173ad53fe144254fa45643'. This request was not upgraded to HTTPS because it is a local network request. @ https://streaming.test/:0
[ 1749220ms] [ERROR] WebSocket connection to 'wss://localhost:8081/app/app-key?protocol=7&client=js&version=8.4.0&flash=false' failed: Error in connection establishment: net::ERR_SSL_PROTOCOL_ERROR @ http://[::1]:5173/node_modules/.vite/deps/pusher-js.js?v=6cb87dfa:3255
[ 1754156ms] [WARNING] Mixed Content: The page at 'https://streaming.test/' was loaded over HTTPS, but requested an insecure element 'http://localhost:7070/ef-streaming/shows/thumbnails/show_1_20260730024409.jpg?X-Amz-Content-Sha256=UNSIGNED-PAYLOAD&X-Amz-Algorithm=AWS4-HMAC-SHA256&X-Amz-Credential=devkey%2F20260730%2Feu-central-1%2Fs3%2Faws4_request&X-Amz-Date=20260730T011010Z&X-Amz-SignedHeaders=host&X-Amz-Expires=3600&X-Amz-Signature=0929c06d0b2d2c5a42244c2bad1399c4679d216a19ada02177b1dca9e497b6be'. This request was not upgraded to HTTPS because it is a local network request. @ https://streaming.test/:0
[ 1754156ms] [WARNING] Mixed Content: The page at 'https://streaming.test/' was loaded over HTTPS, but requested an insecure element 'http://localhost:7070/ef-streaming/shows/thumbnails/show_1_20260730024409.jpg?X-Amz-Content-Sha256=UNSIGNED-PAYLOAD&X-Amz-Algorithm=AWS4-HMAC-SHA256&X-Amz-Credential=devkey%2F20260730%2Feu-central-1%2Fs3%2Faws4_request&X-Amz-Date=20260730T011010Z&X-Amz-SignedHeaders=host&X-Amz-Expires=3600&X-Amz-Signature=0929c06d0b2d2c5a42244c2bad1399c4679d216a19ada02177b1dca9e497b6be'. This request was not upgraded to HTTPS because it is a local network request. @ https://streaming.test/:0
[ 1754255ms] [ERROR] WebSocket connection to 'wss://localhost:8081/app/app-key?protocol=7&client=js&version=8.4.0&flash=false' failed: Error in connection establishment: net::ERR_SSL_PROTOCOL_ERROR @ http://[::1]:5173/node_modules/.vite/deps/pusher-js.js?v=6cb87dfa:3255
[ 1759485ms] [WARNING] Mixed Content: The page at 'https://streaming.test/' was loaded over HTTPS, but requested an insecure element 'http://localhost:7070/ef-streaming/shows/thumbnails/show_1_20260730024409.jpg?X-Amz-Content-Sha256=UNSIGNED-PAYLOAD&X-Amz-Algorithm=AWS4-HMAC-SHA256&X-Amz-Credential=devkey%2F20260730%2Feu-central-1%2Fs3%2Faws4_request&X-Amz-Date=20260730T011016Z&X-Amz-SignedHeaders=host&X-Amz-Expires=3600&X-Amz-Signature=0510880c248c4afcd6c955a94da805c10ca9935beda7ec4bf3c16fe8272467b0'. This request was not upgraded to HTTPS because it is a local network request. @ https://streaming.test/:0
[ 1759486ms] [WARNING] Mixed Content: The page at 'https://streaming.test/' was loaded over HTTPS, but requested an insecure element 'http://localhost:7070/ef-streaming/shows/thumbnails/show_1_20260730024409.jpg?X-Amz-Content-Sha256=UNSIGNED-PAYLOAD&X-Amz-Algorithm=AWS4-HMAC-SHA256&X-Amz-Credential=devkey%2F20260730%2Feu-central-1%2Fs3%2Faws4_request&X-Amz-Date=20260730T011016Z&X-Amz-SignedHeaders=host&X-Amz-Expires=3600&X-Amz-Signature=0510880c248c4afcd6c955a94da805c10ca9935beda7ec4bf3c16fe8272467b0'. This request was not upgraded to HTTPS because it is a local network request. @ https://streaming.test/:0
[ 1759509ms] [ERROR] WebSocket connection to 'wss://localhost:8081/app/app-key?protocol=7&client=js&version=8.4.0&flash=false' failed: Error in connection establishment: net::ERR_SSL_PROTOCOL_ERROR @ http://[::1]:5173/node_modules/.vite/deps/pusher-js.js?v=6cb87dfa:3255
