[    6955ms] [WARNING] Mixed Content: The page at 'https://streaming.test/' was loaded over HTTPS, but requested an insecure element 'http://localhost:7070/ef-streaming/shows/thumbnails/show_1_20260730024409.jpg?X-Amz-Content-Sha256=UNSIGNED-PAYLOAD&X-Amz-Algorithm=AWS4-HMAC-SHA256&X-Amz-Credential=devkey%2F20260730%2Feu-central-1%2Fs3%2Faws4_request&X-Amz-Date=20260730T011841Z&X-Amz-SignedHeaders=host&X-Amz-Expires=3600&X-Amz-Signature=5ae00de92f244ca0f1419cd9a55403b00cab21a885949a3d677b79a28ecc5e98'. This request was not upgraded to HTTPS because it is a local network request. @ https://streaming.test/:0
[    6955ms] [WARNING] Mixed Content: The page at 'https://streaming.test/' was loaded over HTTPS, but requested an insecure element 'http://localhost:7070/ef-streaming/shows/thumbnails/show_1_20260730024409.jpg?X-Amz-Content-Sha256=UNSIGNED-PAYLOAD&X-Amz-Algorithm=AWS4-HMAC-SHA256&X-Amz-Credential=devkey%2F20260730%2Feu-central-1%2Fs3%2Faws4_request&X-Amz-Date=20260730T011841Z&X-Amz-SignedHeaders=host&X-Amz-Expires=3600&X-Amz-Signature=5ae00de92f244ca0f1419cd9a55403b00cab21a885949a3d677b79a28ecc5e98'. This request was not upgraded to HTTPS because it is a local network request. @ https://streaming.test/:0
[    7237ms] [ERROR] WebSocket connection to 'wss://localhost:8081/app/app-key?protocol=7&client=js&version=8.4.0&flash=false' failed: Error in connection establishment: net::ERR_SSL_PROTOCOL_ERROR @ http://[::1]:5173/node_modules/.vite/deps/pusher-js.js?v=6cb87dfa:3255
[   22013ms] [ERROR] WebSocket connection to 'wss://localhost:8081/app/app-key?protocol=7&client=js&version=8.4.0&flash=false' failed: Error in connection establishment: net::ERR_SSL_PROTOCOL_ERROR @ http://[::1]:5173/node_modules/.vite/deps/pusher-js.js?v=6cb87dfa:3255
[   43175ms] [ERROR] WebSocket connection to 'wss://localhost:8081/app/app-key?protocol=7&client=js&version=8.4.0&flash=false' failed: Error in connection establishment: net::ERR_SSL_PROTOCOL_ERROR @ http://[::1]:5173/node_modules/.vite/deps/pusher-js.js?v=6cb87dfa:3255
[   43457ms] [WARNING] Mixed Content: The page at 'https://streaming.test/' was loaded over HTTPS, but requested an insecure element 'http://localhost:7070/ef-streaming/shows/thumbnails/show_1_20260730024409.jpg?X-Amz-Content-Sha256=UNSIGNED-PAYLOAD&X-Amz-Algorithm=AWS4-HMAC-SHA256&X-Amz-Credential=devkey%2F20260730%2Feu-central-1%2Fs3%2Faws4_request&X-Amz-Date=20260730T011914Z&X-Amz-SignedHeaders=host&X-Amz-Expires=3600&X-Amz-Signature=c40ac21a82481d0d36cc243dcb1d8d0f582ff26af1c1c6edd7ab07443d3879ab'. This request was not upgraded to HTTPS because it is a local network request. @ https://streaming.test/:0
[   43457ms] [WARNING] Mixed Content: The page at 'https://streaming.test/' was loaded over HTTPS, but requested an insecure element 'http://localhost:7070/ef-streaming/shows/thumbnails/show_1_20260730024409.jpg?X-Amz-Content-Sha256=UNSIGNED-PAYLOAD&X-Amz-Algorithm=AWS4-HMAC-SHA256&X-Amz-Credential=devkey%2F20260730%2Feu-central-1%2Fs3%2Faws4_request&X-Amz-Date=20260730T011914Z&X-Amz-SignedHeaders=host&X-Amz-Expires=3600&X-Amz-Signature=c40ac21a82481d0d36cc243dcb1d8d0f582ff26af1c1c6edd7ab07443d3879ab'. This request was not upgraded to HTTPS because it is a local network request. @ https://streaming.test/:0
[   57995ms] [ERROR] WebSocket connection to 'wss://localhost:8081/app/app-key?protocol=7&client=js&version=8.4.0&flash=false' failed: Error in connection establishment: net::ERR_SSL_PROTOCOL_ERROR @ http://[::1]:5173/node_modules/.vite/deps/pusher-js.js?v=6cb87dfa:3255
[   88201ms] [ERROR] WebSocket connection to 'wss://localhost:8081/app/app-key?protocol=7&client=js&version=8.4.0&flash=false' failed: Error in connection establishment: net::ERR_SSL_PROTOCOL_ERROR @ http://[::1]:5173/node_modules/.vite/deps/pusher-js.js?v=6cb87dfa:3255
[  131719ms] [ERROR] WebSocket connection to 'wss://localhost:8081/app/app-key?protocol=7&client=js&version=8.4.0&flash=false' failed: Error in connection establishment: net::ERR_SSL_PROTOCOL_ERROR @ http://[::1]:5173/node_modules/.vite/deps/pusher-js.js?v=6cb87dfa:3255
[  146609ms] [ERROR] WebSocket connection to 'wss://localhost:8081/app/app-key?protocol=7&client=js&version=8.4.0&flash=false' failed: Error in connection establishment: net::ERR_SSL_PROTOCOL_ERROR @ http://[::1]:5173/node_modules/.vite/deps/pusher-js.js?v=6cb87dfa:3255
[  147976ms] [ERROR] WebSocket connection to 'wss://localhost:8081/app/app-key?protocol=7&client=js&version=8.4.0&flash=false' failed: Error in connection establishment: net::ERR_SSL_PROTOCOL_ERROR @ http://[::1]:5173/node_modules/.vite/deps/pusher-js.js?v=6cb87dfa:3255
[  162931ms] [ERROR] WebSocket connection to 'wss://localhost:8081/app/app-key?protocol=7&client=js&version=8.4.0&flash=false' failed: Error in connection establishment: net::ERR_SSL_PROTOCOL_ERROR @ http://[::1]:5173/node_modules/.vite/deps/pusher-js.js?v=6cb87dfa:3255
[  168801ms] [ERROR] WebSocket connection to 'wss://localhost:8081/app/app-key?protocol=7&client=js&version=8.4.0&flash=false' failed: Error in connection establishment: net::ERR_SSL_PROTOCOL_ERROR @ http://[::1]:5173/node_modules/.vite/deps/pusher-js.js?v=6cb87dfa:3255
[  181526ms] [ERROR] WebSocket connection to 'wss://localhost:8081/app/app-key?protocol=7&client=js&version=8.4.0&flash=false' failed: Error in connection establishment: net::ERR_SSL_PROTOCOL_ERROR @ http://[::1]:5173/node_modules/.vite/deps/pusher-js.js?v=6cb87dfa:3255
[  191984ms] [ERROR] WebSocket connection to 'wss://localhost:8081/app/app-key?protocol=7&client=js&version=8.4.0&flash=false' failed: Error in connection establishment: net::ERR_SSL_PROTOCOL_ERROR @ http://[::1]:5173/node_modules/.vite/deps/pusher-js.js?v=6cb87dfa:3255
[  203092ms] [ERROR] WebSocket connection to 'wss://localhost:8081/app/app-key?protocol=7&client=js&version=8.4.0&flash=false' failed: Error in connection establishment: net::ERR_SSL_PROTOCOL_ERROR @ http://[::1]:5173/node_modules/.vite/deps/pusher-js.js?v=6cb87dfa:3255
[  217966ms] [ERROR] WebSocket connection to 'wss://localhost:8081/app/app-key?protocol=7&client=js&version=8.4.0&flash=false' failed: Error in connection establishment: net::ERR_SSL_PROTOCOL_ERROR @ http://[::1]:5173/node_modules/.vite/deps/pusher-js.js?v=6cb87dfa:3255
[  229710ms] [ERROR] WebSocket connection to 'wss://localhost:8081/app/app-key?protocol=7&client=js&version=8.4.0&flash=false' failed: Error in connection establishment: net::ERR_SSL_PROTOCOL_ERROR @ http://[::1]:5173/node_modules/.vite/deps/pusher-js.js?v=6cb87dfa:3255
[  236767ms] [ERROR] WebSocket connection to 'wss://localhost:8081/app/app-key?protocol=7&client=js&version=8.4.0&flash=false' failed: Error in connection establishment: net::ERR_SSL_PROTOCOL_ERROR @ http://[::1]:5173/node_modules/.vite/deps/pusher-js.js?v=6cb87dfa:3255
[  250070ms] [ERROR] WebSocket connection to 'wss://localhost:8081/app/app-key?protocol=7&client=js&version=8.4.0&flash=false' failed: Error in connection establishment: net::ERR_SSL_PROTOCOL_ERROR @ http://[::1]:5173/node_modules/.vite/deps/pusher-js.js?v=6cb87dfa:3255
[  264958ms] [ERROR] WebSocket connection to 'wss://localhost:8081/app/app-key?protocol=7&client=js&version=8.4.0&flash=false' failed: Error in connection establishment: net::ERR_SSL_PROTOCOL_ERROR @ http://[::1]:5173/node_modules/.vite/deps/pusher-js.js?v=6cb87dfa:3255
[  282261ms] [ERROR] WebSocket connection to 'wss://localhost:8081/app/app-key?protocol=7&client=js&version=8.4.0&flash=false' failed: Error in connection establishment: net::ERR_SSL_PROTOCOL_ERROR @ http://[::1]:5173/node_modules/.vite/deps/pusher-js.js?v=366f8e5b:3255
[  297147ms] [ERROR] WebSocket connection to 'wss://localhost:8081/app/app-key?protocol=7&client=js&version=8.4.0&flash=false' failed: Error in connection establishment: net::ERR_SSL_PROTOCOL_ERROR @ http://[::1]:5173/node_modules/.vite/deps/pusher-js.js?v=366f8e5b:3255
[  309154ms] [ERROR] Failed to load resource: the server responded with a status of 500 (Internal Server Error) @ http://localhost:8085/live/prime_sd_1785374591_00005.ts?streamkey=aPcEuvmemJki3cSBdgoQ4RTnv50arst5:0
[  310228ms] [ERROR] Failed to load resource: the server responded with a status of 500 (Internal Server Error) @ http://localhost:8085/live/prime_sd_1785374591_00005.ts?streamkey=aPcEuvmemJki3cSBdgoQ4RTnv50arst5:0
[  312323ms] [ERROR] Failed to load resource: the server responded with a status of 500 (Internal Server Error) @ http://localhost:8085/live/prime_sd_1785374591_00005.ts?streamkey=aPcEuvmemJki3cSBdgoQ4RTnv50arst5:0
[  327153ms] [ERROR] WebSocket connection to 'wss://localhost:8081/app/app-key?protocol=7&client=js&version=8.4.0&flash=false' failed: Error in connection establishment: net::ERR_SSL_PROTOCOL_ERROR @ http://[::1]:5173/node_modules/.vite/deps/pusher-js.js?v=366f8e5b:3255
[  387146ms] [ERROR] WebSocket connection to 'wss://localhost:8081/app/app-key?protocol=7&client=js&version=8.4.0&flash=false' failed: Error in connection establishment: net::ERR_SSL_PROTOCOL_ERROR @ http://[::1]:5173/node_modules/.vite/deps/pusher-js.js?v=366f8e5b:3255
[  419218ms] [ERROR] WebSocket connection to 'wss://localhost:8081/app/app-key?protocol=7&client=js&version=8.4.0&flash=false' failed: Error in connection establishment: net::ERR_SSL_PROTOCOL_ERROR @ http://[::1]:5173/node_modules/.vite/deps/pusher-js.js?v=366f8e5b:3255
[  434177ms] [ERROR] WebSocket connection to 'wss://localhost:8081/app/app-key?protocol=7&client=js&version=8.4.0&flash=false' failed: Error in connection establishment: net::ERR_SSL_PROTOCOL_ERROR @ http://[::1]:5173/node_modules/.vite/deps/pusher-js.js?v=366f8e5b:3255
[  444020ms] [ERROR] WebSocket connection to 'wss://localhost:8081/app/app-key?protocol=7&client=js&version=8.4.0&flash=false' failed: Error in connection establishment: net::ERR_SSL_PROTOCOL_ERROR @ http://[::1]:5173/node_modules/.vite/deps/pusher-js.js?v=366f8e5b:3255
[  455996ms] [ERROR] WebSocket connection to 'wss://localhost:8081/app/app-key?protocol=7&client=js&version=8.4.0&flash=false' failed: Error in connection establishment: net::ERR_SSL_PROTOCOL_ERROR @ http://[::1]:5173/node_modules/.vite/deps/pusher-js.js?v=366f8e5b:3255
[  464534ms] [ERROR] Failed to load resource: the server responded with a status of 500 (Internal Server Error) @ http://localhost:8085/live/prime_fhd_1785374591_00087.ts?streamkey=aPcEuvmemJki3cSBdgoQ4RTnv50arst5:0
[  465732ms] [ERROR] WebSocket connection to 'wss://localhost:8081/app/app-key?protocol=7&client=js&version=8.4.0&flash=false' failed: Error in connection establishment: net::ERR_SSL_PROTOCOL_ERROR @ http://[::1]:5173/node_modules/.vite/deps/pusher-js.js?v=366f8e5b:3255
[  466405ms] [ERROR] Failed to load resource: the server responded with a status of 500 (Internal Server Error) @ http://localhost:8085/live/prime_sd_1785374591_00089.ts?streamkey=aPcEuvmemJki3cSBdgoQ4RTnv50arst5:0
[  467504ms] [ERROR] Failed to load resource: the server responded with a status of 500 (Internal Server Error) @ http://localhost:8085/live/prime_sd_1785374591_00089.ts?streamkey=aPcEuvmemJki3cSBdgoQ4RTnv50arst5:0
[  469599ms] [ERROR] Failed to load resource: the server responded with a status of 500 (Internal Server Error) @ http://localhost:8085/live/prime_sd_1785374591_00090.ts?streamkey=aPcEuvmemJki3cSBdgoQ4RTnv50arst5:0
[  480700ms] [ERROR] WebSocket connection to 'wss://localhost:8081/app/app-key?protocol=7&client=js&version=8.4.0&flash=false' failed: Error in connection establishment: net::ERR_SSL_PROTOCOL_ERROR @ http://[::1]:5173/node_modules/.vite/deps/pusher-js.js?v=366f8e5b:3255
[  510702ms] [ERROR] WebSocket connection to 'wss://localhost:8081/app/app-key?protocol=7&client=js&version=8.4.0&flash=false' failed: Error in connection establishment: net::ERR_SSL_PROTOCOL_ERROR @ http://[::1]:5173/node_modules/.vite/deps/pusher-js.js?v=366f8e5b:3255
[  532199ms] [ERROR] WebSocket connection to 'wss://localhost:8081/app/app-key?protocol=7&client=js&version=8.4.0&flash=false' failed: Error in connection establishment: net::ERR_SSL_PROTOCOL_ERROR @ http://[::1]:5173/node_modules/.vite/deps/pusher-js.js?v=366f8e5b:3255
[  547186ms] [ERROR] WebSocket connection to 'wss://localhost:8081/app/app-key?protocol=7&client=js&version=8.4.0&flash=false' failed: Error in connection establishment: net::ERR_SSL_PROTOCOL_ERROR @ http://[::1]:5173/node_modules/.vite/deps/pusher-js.js?v=366f8e5b:3255
[  577184ms] [ERROR] WebSocket connection to 'wss://localhost:8081/app/app-key?protocol=7&client=js&version=8.4.0&flash=false' failed: Error in connection establishment: net::ERR_SSL_PROTOCOL_ERROR @ http://[::1]:5173/node_modules/.vite/deps/pusher-js.js?v=366f8e5b:3255
[  637187ms] [ERROR] WebSocket connection to 'wss://localhost:8081/app/app-key?protocol=7&client=js&version=8.4.0&flash=false' failed: Error in connection establishment: net::ERR_SSL_PROTOCOL_ERROR @ http://[::1]:5173/node_modules/.vite/deps/pusher-js.js?v=366f8e5b:3255
[  697186ms] [ERROR] WebSocket connection to 'wss://localhost:8081/app/app-key?protocol=7&client=js&version=8.4.0&flash=false' failed: Error in connection establishment: net::ERR_SSL_PROTOCOL_ERROR @ http://[::1]:5173/node_modules/.vite/deps/pusher-js.js?v=366f8e5b:3255
[  708801ms] [ERROR] WebSocket connection to 'wss://localhost:8081/app/app-key?protocol=7&client=js&version=8.4.0&flash=false' failed: Error in connection establishment: net::ERR_SSL_PROTOCOL_ERROR @ http://[::1]:5173/node_modules/.vite/deps/pusher-js.js?v=366f8e5b:3255
[  719455ms] [ERROR] WebSocket connection to 'wss://localhost:8081/app/app-key?protocol=7&client=js&version=8.4.0&flash=false' failed: Error in connection establishment: net::ERR_SSL_PROTOCOL_ERROR @ http://[::1]:5173/node_modules/.vite/deps/pusher-js.js?v=366f8e5b:3255
[  734445ms] [ERROR] WebSocket connection to 'wss://localhost:8081/app/app-key?protocol=7&client=js&version=8.4.0&flash=false' failed: Error in connection establishment: net::ERR_SSL_PROTOCOL_ERROR @ http://[::1]:5173/node_modules/.vite/deps/pusher-js.js?v=366f8e5b:3255
[  741960ms] [ERROR] WebSocket connection to 'wss://localhost:8081/app/app-key?protocol=7&client=js&version=8.4.0&flash=false' failed: Error in connection establishment: net::ERR_SSL_PROTOCOL_ERROR @ http://[::1]:5173/node_modules/.vite/deps/pusher-js.js?v=366f8e5b:3255
[  745288ms] [ERROR] WebSocket connection to 'wss://localhost:8081/app/app-key?protocol=7&client=js&version=8.4.0&flash=false' failed: Error in connection establishment: net::ERR_SSL_PROTOCOL_ERROR @ http://[::1]:5173/node_modules/.vite/deps/pusher-js.js?v=366f8e5b:3255
[  760275ms] [ERROR] WebSocket connection to 'wss://localhost:8081/app/app-key?protocol=7&client=js&version=8.4.0&flash=false' failed: Error in connection establishment: net::ERR_SSL_PROTOCOL_ERROR @ http://[::1]:5173/node_modules/.vite/deps/pusher-js.js?v=366f8e5b:3255
[  760435ms] [ERROR] WebSocket connection to 'wss://localhost:8081/app/app-key?protocol=7&client=js&version=8.4.0&flash=false' failed: Error in connection establishment: net::ERR_SSL_PROTOCOL_ERROR @ http://[::1]:5173/node_modules/.vite/deps/pusher-js.js?v=366f8e5b:3255
[  763969ms] [ERROR] WebSocket connection to 'wss://localhost:8081/app/app-key?protocol=7&client=js&version=8.4.0&flash=false' failed: Error in connection establishment: net::ERR_SSL_PROTOCOL_ERROR @ http://[::1]:5173/node_modules/.vite/deps/pusher-js.js?v=366f8e5b:3255
[  770123ms] [ERROR] WebSocket connection to 'wss://localhost:8081/app/app-key?protocol=7&client=js&version=8.4.0&flash=false' failed: Error in connection establishment: net::ERR_SSL_PROTOCOL_ERROR @ http://[::1]:5173/node_modules/.vite/deps/pusher-js.js?v=366f8e5b:3255
[  785113ms] [ERROR] WebSocket connection to 'wss://localhost:8081/app/app-key?protocol=7&client=js&version=8.4.0&flash=false' failed: Error in connection establishment: net::ERR_SSL_PROTOCOL_ERROR @ http://[::1]:5173/node_modules/.vite/deps/pusher-js.js?v=366f8e5b:3255
[  815116ms] [ERROR] WebSocket connection to 'wss://localhost:8081/app/app-key?protocol=7&client=js&version=8.4.0&flash=false' failed: Error in connection establishment: net::ERR_SSL_PROTOCOL_ERROR @ http://[::1]:5173/node_modules/.vite/deps/pusher-js.js?v=366f8e5b:3255
[  842449ms] [LOG] [vite] server connection lost. Polling for restart... @ http://[::1]:5173/@vite/client:963
[  842451ms] [ERROR] WebSocket connection to 'ws://[::1]:5173/' failed: Error in connection establishment: net::ERR_CONNECTION_REFUSED @ http://[::1]:5173/@vite/client:1034
[  844714ms] [ERROR] WebSocket connection to 'wss://localhost:8081/app/app-key?protocol=7&client=js&version=8.4.0&flash=false' failed: Error in connection establishment: net::ERR_SSL_PROTOCOL_ERROR @ http://[::1]:5173/node_modules/.vite/deps/pusher-js.js?v=b87e66e0:3255
[  852329ms] [ERROR] WebSocket connection to 'wss://localhost:8081/app/app-key?protocol=7&client=js&version=8.4.0&flash=false' failed: Error in connection establishment: net::ERR_SSL_PROTOCOL_ERROR @ http://[::1]:5173/node_modules/.vite/deps/pusher-js.js?v=b87e66e0:3255
[  867334ms] [ERROR] WebSocket connection to 'wss://localhost:8081/app/app-key?protocol=7&client=js&version=8.4.0&flash=false' failed: Error in connection establishment: net::ERR_SSL_PROTOCOL_ERROR @ http://[::1]:5173/node_modules/.vite/deps/pusher-js.js?v=b87e66e0:3255
[  897331ms] [ERROR] WebSocket connection to 'wss://localhost:8081/app/app-key?protocol=7&client=js&version=8.4.0&flash=false' failed: Error in connection establishment: net::ERR_SSL_PROTOCOL_ERROR @ http://[::1]:5173/node_modules/.vite/deps/pusher-js.js?v=b87e66e0:3255
[  911025ms] [ERROR] Failed to load resource: the server responded with a status of 500 (Internal Server Error) @ http://localhost:8085/live/prime_fhd_1785374591_00320.ts?streamkey=aPcEuvmemJki3cSBdgoQ4RTnv50arst5:0
[  912111ms] [ERROR] Failed to load resource: the server responded with a status of 500 (Internal Server Error) @ http://localhost:8085/live/prime_fhd_1785374591_00320.ts?streamkey=aPcEuvmemJki3cSBdgoQ4RTnv50arst5:0
[  957330ms] [ERROR] WebSocket connection to 'wss://localhost:8081/app/app-key?protocol=7&client=js&version=8.4.0&flash=false' failed: Error in connection establishment: net::ERR_SSL_PROTOCOL_ERROR @ http://[::1]:5173/node_modules/.vite/deps/pusher-js.js?v=b87e66e0:3255
[ 1017331ms] [ERROR] WebSocket connection to 'wss://localhost:8081/app/app-key?protocol=7&client=js&version=8.4.0&flash=false' failed: Error in connection establishment: net::ERR_SSL_PROTOCOL_ERROR @ http://[::1]:5173/node_modules/.vite/deps/pusher-js.js?v=b87e66e0:3255
[ 1077337ms] [ERROR] WebSocket connection to 'wss://localhost:8081/app/app-key?protocol=7&client=js&version=8.4.0&flash=false' failed: Error in connection establishment: net::ERR_SSL_PROTOCOL_ERROR @ http://[::1]:5173/node_modules/.vite/deps/pusher-js.js?v=b87e66e0:3255
[ 1137329ms] [ERROR] WebSocket connection to 'wss://localhost:8081/app/app-key?protocol=7&client=js&version=8.4.0&flash=false' failed: Error in connection establishment: net::ERR_SSL_PROTOCOL_ERROR @ http://[::1]:5173/node_modules/.vite/deps/pusher-js.js?v=b87e66e0:3255
[ 1197334ms] [ERROR] WebSocket connection to 'wss://localhost:8081/app/app-key?protocol=7&client=js&version=8.4.0&flash=false' failed: Error in connection establishment: net::ERR_SSL_PROTOCOL_ERROR @ http://[::1]:5173/node_modules/.vite/deps/pusher-js.js?v=b87e66e0:3255
[ 1230472ms] [ERROR] WebSocket connection to 'wss://localhost:8081/app/app-key?protocol=7&client=js&version=8.4.0&flash=false' failed: Error in connection establishment: net::ERR_SSL_PROTOCOL_ERROR @ http://[::1]:5173/node_modules/.vite/deps/pusher-js.js?v=b87e66e0:3255
[ 1245446ms] [ERROR] WebSocket connection to 'wss://localhost:8081/app/app-key?protocol=7&client=js&version=8.4.0&flash=false' failed: Error in connection establishment: net::ERR_SSL_PROTOCOL_ERROR @ http://[::1]:5173/node_modules/.vite/deps/pusher-js.js?v=b87e66e0:3255
[ 1249698ms] [ERROR] WebSocket connection to 'wss://localhost:8081/app/app-key?protocol=7&client=js&version=8.4.0&flash=false' failed: Error in connection establishment: net::ERR_SSL_PROTOCOL_ERROR @ http://[::1]:5173/node_modules/.vite/deps/pusher-js.js?v=b87e66e0:3255
[ 1262159ms] [ERROR] WebSocket connection to 'wss://localhost:8081/app/app-key?protocol=7&client=js&version=8.4.0&flash=false' failed: Error in connection establishment: net::ERR_SSL_PROTOCOL_ERROR @ http://[::1]:5173/node_modules/.vite/deps/pusher-js.js?v=b87e66e0:3255
[ 1270785ms] [ERROR] WebSocket connection to 'wss://localhost:8081/app/app-key?protocol=7&client=js&version=8.4.0&flash=false' failed: Error in connection establishment: net::ERR_SSL_PROTOCOL_ERROR @ http://[::1]:5173/node_modules/.vite/deps/pusher-js.js?v=b87e66e0:3255
[ 1285165ms] [ERROR] WebSocket connection to 'wss://localhost:8081/app/app-key?protocol=7&client=js&version=8.4.0&flash=false' failed: Error in connection establishment: net::ERR_SSL_PROTOCOL_ERROR @ http://[::1]:5173/node_modules/.vite/deps/pusher-js.js?v=b87e66e0:3255
[ 1300156ms] [ERROR] WebSocket connection to 'wss://localhost:8081/app/app-key?protocol=7&client=js&version=8.4.0&flash=false' failed: Error in connection establishment: net::ERR_SSL_PROTOCOL_ERROR @ http://[::1]:5173/node_modules/.vite/deps/pusher-js.js?v=b87e66e0:3255
[ 1312286ms] [ERROR] WebSocket connection to 'wss://localhost:8081/app/app-key?protocol=7&client=js&version=8.4.0&flash=false' failed: Error in connection establishment: net::ERR_SSL_PROTOCOL_ERROR @ http://[::1]:5173/node_modules/.vite/deps/pusher-js.js?v=b87e66e0:3255
[ 1319706ms] [ERROR] WebSocket connection to 'wss://localhost:8081/app/app-key?protocol=7&client=js&version=8.4.0&flash=false' failed: Error in connection establishment: net::ERR_SSL_PROTOCOL_ERROR @ http://[::1]:5173/node_modules/.vite/deps/pusher-js.js?v=b87e66e0:3255
[ 1323806ms] [ERROR] WebSocket connection to 'wss://localhost:8081/app/app-key?protocol=7&client=js&version=8.4.0&flash=false' failed: Error in connection establishment: net::ERR_SSL_PROTOCOL_ERROR @ http://[::1]:5173/node_modules/.vite/deps/pusher-js.js?v=b87e66e0:3255
[ 1338777ms] [ERROR] WebSocket connection to 'wss://localhost:8081/app/app-key?protocol=7&client=js&version=8.4.0&flash=false' failed: Error in connection establishment: net::ERR_SSL_PROTOCOL_ERROR @ http://[::1]:5173/node_modules/.vite/deps/pusher-js.js?v=b87e66e0:3255
[ 1365500ms] [ERROR] WebSocket connection to 'wss://localhost:8081/app/app-key?protocol=7&client=js&version=8.4.0&flash=false' failed: Error in connection establishment: net::ERR_SSL_PROTOCOL_ERROR @ http://[::1]:5173/node_modules/.vite/deps/pusher-js.js?v=b87e66e0:3255
[ 1373698ms] [ERROR] WebSocket connection to 'wss://localhost:8081/app/app-key?protocol=7&client=js&version=8.4.0&flash=false' failed: Error in connection establishment: net::ERR_SSL_PROTOCOL_ERROR @ http://[::1]:5173/node_modules/.vite/deps/pusher-js.js?v=b87e66e0:3255
[ 1385069ms] [ERROR] WebSocket connection to 'wss://localhost:8081/app/app-key?protocol=7&client=js&version=8.4.0&flash=false' failed: Error in connection establishment: net::ERR_SSL_PROTOCOL_ERROR @ http://[::1]:5173/node_modules/.vite/deps/pusher-js.js?v=b87e66e0:3255
[ 1391477ms] [ERROR] WebSocket connection to 'wss://localhost:8081/app/app-key?protocol=7&client=js&version=8.4.0&flash=false' failed: Error in connection establishment: net::ERR_SSL_PROTOCOL_ERROR @ http://[::1]:5173/node_modules/.vite/deps/pusher-js.js?v=b87e66e0:3255
[ 1392347ms] [ERROR] Failed to load resource: the server responded with a status of 500 (Internal Server Error) @ https://streaming.test/hls/prime/master.m3u8:0
[ 1393681ms] [ERROR] Failed to load resource: the server responded with a status of 500 (Internal Server Error) @ https://streaming.test/hls/prime/master.m3u8:0
[ 1398469ms] [ERROR] WebSocket connection to 'wss://localhost:8081/app/app-key?protocol=7&client=js&version=8.4.0&flash=false' failed: Error in connection establishment: net::ERR_SSL_PROTOCOL_ERROR @ http://[::1]:5173/node_modules/.vite/deps/pusher-js.js?v=b87e66e0:3255
[ 1413468ms] [ERROR] WebSocket connection to 'wss://localhost:8081/app/app-key?protocol=7&client=js&version=8.4.0&flash=false' failed: Error in connection establishment: net::ERR_SSL_PROTOCOL_ERROR @ http://[::1]:5173/node_modules/.vite/deps/pusher-js.js?v=b87e66e0:3255
[ 1443460ms] [ERROR] WebSocket connection to 'wss://localhost:8081/app/app-key?protocol=7&client=js&version=8.4.0&flash=false' failed: Error in connection establishment: net::ERR_SSL_PROTOCOL_ERROR @ http://[::1]:5173/node_modules/.vite/deps/pusher-js.js?v=b87e66e0:3255
[ 1444155ms] [ERROR] Failed to load resource: the server responded with a status of 500 (Internal Server Error) @ http://localhost:8085/live/prime_fhd_1785374591_00602.ts?streamkey=aPcEuvmemJki3cSBdgoQ4RTnv50arst5:0
[ 1445168ms] [ERROR] Failed to load resource: the server responded with a status of 500 (Internal Server Error) @ http://localhost:8085/live/prime_fhd_1785374591_00602.ts?streamkey=aPcEuvmemJki3cSBdgoQ4RTnv50arst5:0
[ 1447267ms] [ERROR] Failed to load resource: the server responded with a status of 500 (Internal Server Error) @ http://localhost:8085/live/prime_fhd_1785374591_00602.ts?streamkey=aPcEuvmemJki3cSBdgoQ4RTnv50arst5:0
[ 1451369ms] [ERROR] Failed to load resource: the server responded with a status of 500 (Internal Server Error) @ http://localhost:8085/live/prime_fhd_1785374591_00602.ts?streamkey=aPcEuvmemJki3cSBdgoQ4RTnv50arst5:0
[ 1503468ms] [ERROR] WebSocket connection to 'wss://localhost:8081/app/app-key?protocol=7&client=js&version=8.4.0&flash=false' failed: Error in connection establishment: net::ERR_SSL_PROTOCOL_ERROR @ http://[::1]:5173/node_modules/.vite/deps/pusher-js.js?v=b87e66e0:3255
[ 1523721ms] [ERROR] WebSocket connection to 'wss://localhost:8081/app/app-key?protocol=7&client=js&version=8.4.0&flash=false' failed: Error in connection establishment: net::ERR_SSL_PROTOCOL_ERROR @ http://[::1]:5173/node_modules/.vite/deps/pusher-js.js?v=b87e66e0:3255
[ 1535249ms] [ERROR] WebSocket connection to 'wss://localhost:8081/app/app-key?protocol=7&client=js&version=8.4.0&flash=false' failed: Error in connection establishment: net::ERR_SSL_PROTOCOL_ERROR @ http://[::1]:5173/node_modules/.vite/deps/pusher-js.js?v=b87e66e0:3255
[ 1550235ms] [ERROR] WebSocket connection to 'wss://localhost:8081/app/app-key?protocol=7&client=js&version=8.4.0&flash=false' failed: Error in connection establishment: net::ERR_SSL_PROTOCOL_ERROR @ http://[::1]:5173/node_modules/.vite/deps/pusher-js.js?v=b87e66e0:3255
[ 1561200ms] [ERROR] WebSocket connection to 'wss://localhost:8081/app/app-key?protocol=7&client=js&version=8.4.0&flash=false' failed: Error in connection establishment: net::ERR_SSL_PROTOCOL_ERROR @ http://[::1]:5173/node_modules/.vite/deps/pusher-js.js?v=b87e66e0:3255
[ 1576187ms] [ERROR] WebSocket connection to 'wss://localhost:8081/app/app-key?protocol=7&client=js&version=8.4.0&flash=false' failed: Error in connection establishment: net::ERR_SSL_PROTOCOL_ERROR @ http://[::1]:5173/node_modules/.vite/deps/pusher-js.js?v=b87e66e0:3255
[ 1582186ms] [ERROR] WebSocket connection to 'wss://localhost:8081/app/app-key?protocol=7&client=js&version=8.4.0&flash=false' failed: Error in connection establishment: net::ERR_SSL_PROTOCOL_ERROR @ http://[::1]:5173/node_modules/.vite/deps/pusher-js.js?v=b87e66e0:3255
[ 1587326ms] [ERROR] WebSocket connection to 'wss://localhost:8081/app/app-key?protocol=7&client=js&version=8.4.0&flash=false' failed: Error in connection establishment: net::ERR_SSL_PROTOCOL_ERROR @ http://[::1]:5173/node_modules/.vite/deps/pusher-js.js?v=b87e66e0:3255
[ 1588627ms] [ERROR] WebSocket connection to 'wss://localhost:8081/app/app-key?protocol=7&client=js&version=8.4.0&flash=false' failed: Error in connection establishment: net::ERR_SSL_PROTOCOL_ERROR @ http://[::1]:5173/node_modules/.vite/deps/pusher-js.js?v=b87e66e0:3255
[ 1588852ms] [ERROR] WebSocket connection to 'wss://localhost:8081/app/app-key?protocol=7&client=js&version=8.4.0&flash=false' failed: Error in connection establishment: net::ERR_SSL_PROTOCOL_ERROR @ http://[::1]:5173/node_modules/.vite/deps/pusher-js.js?v=b87e66e0:3255
[ 1590654ms] [ERROR] WebSocket connection to 'wss://localhost:8081/app/app-key?protocol=7&client=js&version=8.4.0&flash=false' failed: Error in connection establishment: net::ERR_SSL_PROTOCOL_ERROR @ http://[::1]:5173/node_modules/.vite/deps/pusher-js.js?v=b87e66e0:3255
[ 1591134ms] [ERROR] WebSocket connection to 'wss://localhost:8081/app/app-key?protocol=7&client=js&version=8.4.0&flash=false' failed: Error in connection establishment: net::ERR_SSL_PROTOCOL_ERROR @ http://[::1]:5173/node_modules/.vite/deps/pusher-js.js?v=b87e66e0:3255
[ 1593263ms] [ERROR] WebSocket connection to 'wss://localhost:8081/app/app-key?protocol=7&client=js&version=8.4.0&flash=false' failed: Error in connection establishment: net::ERR_SSL_PROTOCOL_ERROR @ http://[::1]:5173/node_modules/.vite/deps/pusher-js.js?v=b87e66e0:3255
[ 1608251ms] [ERROR] WebSocket connection to 'wss://localhost:8081/app/app-key?protocol=7&client=js&version=8.4.0&flash=false' failed: Error in connection establishment: net::ERR_SSL_PROTOCOL_ERROR @ http://[::1]:5173/node_modules/.vite/deps/pusher-js.js?v=b87e66e0:3255
[ 1637702ms] [ERROR] WebSocket connection to 'wss://localhost:8081/app/app-key?protocol=7&client=js&version=8.4.0&flash=false' failed: Error in connection establishment: net::ERR_SSL_PROTOCOL_ERROR @ http://[::1]:5173/node_modules/.vite/deps/pusher-js.js?v=b87e66e0:3255
[ 1646996ms] [ERROR] WebSocket connection to 'wss://localhost:8081/app/app-key?protocol=7&client=js&version=8.4.0&flash=false' failed: Error in connection establishment: net::ERR_SSL_PROTOCOL_ERROR @ http://[::1]:5173/node_modules/.vite/deps/pusher-js.js?v=b87e66e0:3255
[ 1659990ms] [ERROR] WebSocket connection to 'wss://localhost:8081/app/app-key?protocol=7&client=js&version=8.4.0&flash=false' failed: Error in connection establishment: net::ERR_SSL_PROTOCOL_ERROR @ http://[::1]:5173/node_modules/.vite/deps/pusher-js.js?v=b87e66e0:3255
[ 1674984ms] [ERROR] WebSocket connection to 'wss://localhost:8081/app/app-key?protocol=7&client=js&version=8.4.0&flash=false' failed: Error in connection establishment: net::ERR_SSL_PROTOCOL_ERROR @ http://[::1]:5173/node_modules/.vite/deps/pusher-js.js?v=b87e66e0:3255
[ 1675422ms] [ERROR] Failed to load resource: the server responded with a status of 500 (Internal Server Error) @ http://localhost:8085/live/prime_fhd_1785374591_00722.ts?streamkey=aPcEuvmemJki3cSBdgoQ4RTnv50arst5:0
[ 1676443ms] [ERROR] Failed to load resource: the server responded with a status of 500 (Internal Server Error) @ http://localhost:8085/live/prime_fhd_1785374591_00722.ts?streamkey=aPcEuvmemJki3cSBdgoQ4RTnv50arst5:0
[ 1702529ms] [ERROR] WebSocket connection to 'wss://localhost:8081/app/app-key?protocol=7&client=js&version=8.4.0&flash=false' failed: Error in connection establishment: net::ERR_SSL_PROTOCOL_ERROR @ http://[::1]:5173/node_modules/.vite/deps/pusher-js.js?v=b87e66e0:3255
[ 1702921ms] [ERROR] WebSocket connection to 'wss://localhost:8081/app/app-key?protocol=7&client=js&version=8.4.0&flash=false' failed: Error in connection establishment: net::ERR_SSL_PROTOCOL_ERROR @ http://[::1]:5173/node_modules/.vite/deps/pusher-js.js?v=b87e66e0:3255
[ 1704104ms] [ERROR] WebSocket connection to 'wss://localhost:8081/app/app-key?protocol=7&client=js&version=8.4.0&flash=false' failed: Error in connection establishment: net::ERR_SSL_PROTOCOL_ERROR @ http://[::1]:5173/node_modules/.vite/deps/pusher-js.js?v=b87e66e0:3255
[ 1719128ms] [ERROR] WebSocket connection to 'wss://localhost:8081/app/app-key?protocol=7&client=js&version=8.4.0&flash=false' failed: Error in connection establishment: net::ERR_SSL_PROTOCOL_ERROR @ http://[::1]:5173/node_modules/.vite/deps/pusher-js.js?v=b87e66e0:3255
[ 1749101ms] [ERROR] WebSocket connection to 'wss://localhost:8081/app/app-key?protocol=7&client=js&version=8.4.0&flash=false' failed: Error in connection establishment: net::ERR_SSL_PROTOCOL_ERROR @ http://[::1]:5173/node_modules/.vite/deps/pusher-js.js?v=b87e66e0:3255
[ 1809103ms] [ERROR] WebSocket connection to 'wss://localhost:8081/app/app-key?protocol=7&client=js&version=8.4.0&flash=false' failed: Error in connection establishment: net::ERR_SSL_PROTOCOL_ERROR @ http://[::1]:5173/node_modules/.vite/deps/pusher-js.js?v=b87e66e0:3255
[ 1810717ms] [ERROR] Failed to load resource: the server responded with a status of 500 (Internal Server Error) @ http://localhost:8085/live/prime_fhd_1785374591_00790.ts?streamkey=aPcEuvmemJki3cSBdgoQ4RTnv50arst5:0
[ 1811813ms] [ERROR] Failed to load resource: the server responded with a status of 500 (Internal Server Error) @ http://localhost:8085/live/prime_fhd_1785374591_00790.ts?streamkey=aPcEuvmemJki3cSBdgoQ4RTnv50arst5:0
[ 1813916ms] [ERROR] Failed to load resource: the server responded with a status of 500 (Internal Server Error) @ http://localhost:8085/live/prime_fhd_1785374591_00790.ts?streamkey=aPcEuvmemJki3cSBdgoQ4RTnv50arst5:0
[ 1837274ms] [ERROR] Failed to load resource: the server responded with a status of 500 (Internal Server Error) @ https://streaming.test/hls/prime_fhd.m3u8:0
[ 1837289ms] [ERROR] Failed to load resource: the server responded with a status of 500 (Internal Server Error) @ https://streaming.test/:0
[ 1837330ms] [INFO] %cDownload the React DevTools for a better development experience: https://reactjs.org/link/react-devtools font-weight:bold @ https://streaming.test/:161
[ 1837338ms] [LOG] {report: Object, shareableReport: Object, config: Object, solutions: Array(0), updateConfigEndpoint: /_ignition/update-config} {frames: Array(53), context_items: Object, custom_context_items: Array(0), type: web, entry_point: https://streaming.test/} @ https://streaming.test/:166
[39417041ms] [ERROR] WebSocket connection to 'wss://localhost:8081/app/app-key?protocol=7&client=js&version=8.4.0&flash=false' failed: Error in connection establishment: net::ERR_SSL_PROTOCOL_ERROR @ http://[::1]:5173/node_modules/.vite/deps/pusher-js.js?v=b87e66e0:3255
[39431530ms] [ERROR] WebSocket connection to 'wss://localhost:8081/app/app-key?protocol=7&client=js&version=8.4.0&flash=false' failed: Error in connection establishment: net::ERR_SSL_PROTOCOL_ERROR @ http://[::1]:5173/node_modules/.vite/deps/pusher-js.js?v=b87e66e0:3255
[39432639ms] [ERROR] WebSocket connection to 'wss://localhost:8081/app/app-key?protocol=7&client=js&version=8.4.0&flash=false' failed: Error in connection establishment: net::ERR_SSL_PROTOCOL_ERROR @ http://[::1]:5173/node_modules/.vite/deps/pusher-js.js?v=b87e66e0:3255
[39447624ms] [ERROR] WebSocket connection to 'wss://localhost:8081/app/app-key?protocol=7&client=js&version=8.4.0&flash=false' failed: Error in connection establishment: net::ERR_SSL_PROTOCOL_ERROR @ http://[::1]:5173/node_modules/.vite/deps/pusher-js.js?v=b87e66e0:3255
[39477621ms] [ERROR] WebSocket connection to 'wss://localhost:8081/app/app-key?protocol=7&client=js&version=8.4.0&flash=false' failed: Error in connection establishment: net::ERR_SSL_PROTOCOL_ERROR @ http://[::1]:5173/node_modules/.vite/deps/pusher-js.js?v=b87e66e0:3255
[39501211ms] [ERROR] WebSocket connection to 'wss://localhost:8081/app/app-key?protocol=7&client=js&version=8.4.0&flash=false' failed: Error in connection establishment: net::ERR_SSL_PROTOCOL_ERROR @ http://[::1]:5173/node_modules/.vite/deps/pusher-js.js?v=b87e66e0:3255
[39502371ms] [ERROR] WebSocket connection to 'wss://localhost:8081/app/app-key?protocol=7&client=js&version=8.4.0&flash=false' failed: Error in connection establishment: net::ERR_SSL_PROTOCOL_ERROR @ http://[::1]:5173/node_modules/.vite/deps/pusher-js.js?v=b87e66e0:3255
[39507325ms] [ERROR] WebSocket connection to 'wss://localhost:8081/app/app-key?protocol=7&client=js&version=8.4.0&flash=false' failed: Error in connection establishment: net::ERR_SSL_PROTOCOL_ERROR @ http://[::1]:5173/node_modules/.vite/deps/pusher-js.js?v=b87e66e0:3255
[39513012ms] [ERROR] WebSocket connection to 'wss://localhost:8081/app/app-key?protocol=7&client=js&version=8.4.0&flash=false' failed: Error in connection establishment: net::ERR_SSL_PROTOCOL_ERROR @ http://[::1]:5173/node_modules/.vite/deps/pusher-js.js?v=b87e66e0:3255
[39525989ms] [ERROR] WebSocket connection to 'wss://localhost:8081/app/app-key?protocol=7&client=js&version=8.4.0&flash=false' failed: Error in connection establishment: net::ERR_SSL_PROTOCOL_ERROR @ http://[::1]:5173/node_modules/.vite/deps/pusher-js.js?v=c360cb76:3255
[39527582ms] [ERROR] WebSocket connection to 'wss://localhost:8081/app/app-key?protocol=7&client=js&version=8.4.0&flash=false' failed: Error in connection establishment: net::ERR_SSL_PROTOCOL_ERROR @ http://[::1]:5173/node_modules/.vite/deps/pusher-js.js?v=c360cb76:3255
[39531115ms] [LOG] [vite] server connection lost. Polling for restart... @ http://[::1]:5173/@vite/client:963
[39531116ms] [ERROR] WebSocket connection to 'ws://[::1]:5173/' failed: Error in connection establishment: net::ERR_CONNECTION_REFUSED @ http://[::1]:5173/@vite/client:1034
[39532684ms] [ERROR] WebSocket connection to 'wss://localhost:8081/app/app-key?protocol=7&client=js&version=8.4.0&flash=false' failed: Error in connection establishment: net::ERR_SSL_PROTOCOL_ERROR @ http://[::1]:5173/node_modules/.vite/deps/pusher-js.js?v=78e615f6:3255
[39547686ms] [ERROR] WebSocket connection to 'wss://localhost:8081/app/app-key?protocol=7&client=js&version=8.4.0&flash=false' failed: Error in connection establishment: net::ERR_SSL_PROTOCOL_ERROR @ http://[::1]:5173/node_modules/.vite/deps/pusher-js.js?v=78e615f6:3255
[39569498ms] [ERROR] WebSocket connection to 'wss://localhost:8081/app/app-key?protocol=7&client=js&version=8.4.0&flash=false' failed: Error in connection establishment: net::ERR_SSL_PROTOCOL_ERROR @ http://[::1]:5173/node_modules/.vite/deps/pusher-js.js?v=78e615f6:3255
[39577501ms] [ERROR] WebSocket connection to 'wss://localhost:8081/app/app-key?protocol=7&client=js&version=8.4.0&flash=false' failed: Error in connection establishment: net::ERR_SSL_PROTOCOL_ERROR @ http://[::1]:5173/node_modules/.vite/deps/pusher-js.js?v=78e615f6:3255
[39592367ms] [ERROR] WebSocket connection to 'wss://localhost:8081/app/app-key?protocol=7&client=js&version=8.4.0&flash=false' failed: Error in connection establishment: net::ERR_SSL_PROTOCOL_ERROR @ http://[::1]:5173/node_modules/.vite/deps/pusher-js.js?v=78e615f6:3255
[39622367ms] [ERROR] WebSocket connection to 'wss://localhost:8081/app/app-key?protocol=7&client=js&version=8.4.0&flash=false' failed: Error in connection establishment: net::ERR_SSL_PROTOCOL_ERROR @ http://[::1]:5173/node_modules/.vite/deps/pusher-js.js?v=78e615f6:3255
[39643494ms] [ERROR] WebSocket connection to 'wss://localhost:8081/app/app-key?protocol=7&client=js&version=8.4.0&flash=false' failed: Error in connection establishment: net::ERR_SSL_PROTOCOL_ERROR @ http://[::1]:5173/node_modules/.vite/deps/pusher-js.js?v=78e615f6:3255
[39652212ms] [ERROR] WebSocket connection to 'wss://localhost:8081/app/app-key?protocol=7&client=js&version=8.4.0&flash=false' failed: Error in connection establishment: net::ERR_SSL_PROTOCOL_ERROR @ http://[::1]:5173/node_modules/.vite/deps/pusher-js.js?v=78e615f6:3255
[39667194ms] [ERROR] WebSocket connection to 'wss://localhost:8081/app/app-key?protocol=7&client=js&version=8.4.0&flash=false' failed: Error in connection establishment: net::ERR_SSL_PROTOCOL_ERROR @ http://[::1]:5173/node_modules/.vite/deps/pusher-js.js?v=78e615f6:3255
[39697190ms] [ERROR] WebSocket connection to 'wss://localhost:8081/app/app-key?protocol=7&client=js&version=8.4.0&flash=false' failed: Error in connection establishment: net::ERR_SSL_PROTOCOL_ERROR @ http://[::1]:5173/node_modules/.vite/deps/pusher-js.js?v=78e615f6:3255
[39757201ms] [ERROR] WebSocket connection to 'wss://localhost:8081/app/app-key?protocol=7&client=js&version=8.4.0&flash=false' failed: Error in connection establishment: net::ERR_SSL_PROTOCOL_ERROR @ http://[::1]:5173/node_modules/.vite/deps/pusher-js.js?v=78e615f6:3255
[39817198ms] [ERROR] WebSocket connection to 'wss://localhost:8081/app/app-key?protocol=7&client=js&version=8.4.0&flash=false' failed: Error in connection establishment: net::ERR_SSL_PROTOCOL_ERROR @ http://[::1]:5173/node_modules/.vite/deps/pusher-js.js?v=78e615f6:3255
[39877212ms] [ERROR] WebSocket connection to 'wss://localhost:8081/app/app-key?protocol=7&client=js&version=8.4.0&flash=false' failed: Error in connection establishment: net::ERR_SSL_PROTOCOL_ERROR @ http://[::1]:5173/node_modules/.vite/deps/pusher-js.js?v=78e615f6:3255
[39937202ms] [ERROR] WebSocket connection to 'wss://localhost:8081/app/app-key?protocol=7&client=js&version=8.4.0&flash=false' failed: Error in connection establishment: net::ERR_SSL_PROTOCOL_ERROR @ http://[::1]:5173/node_modules/.vite/deps/pusher-js.js?v=78e615f6:3255
[39997205ms] [ERROR] WebSocket connection to 'wss://localhost:8081/app/app-key?protocol=7&client=js&version=8.4.0&flash=false' failed: Error in connection establishment: net::ERR_SSL_PROTOCOL_ERROR @ http://[::1]:5173/node_modules/.vite/deps/pusher-js.js?v=78e615f6:3255
[40057209ms] [ERROR] WebSocket connection to 'wss://localhost:8081/app/app-key?protocol=7&client=js&version=8.4.0&flash=false' failed: Error in connection establishment: net::ERR_SSL_PROTOCOL_ERROR @ http://[::1]:5173/node_modules/.vite/deps/pusher-js.js?v=78e615f6:3255
[40117207ms] [ERROR] WebSocket connection to 'wss://localhost:8081/app/app-key?protocol=7&client=js&version=8.4.0&flash=false' failed: Error in connection establishment: net::ERR_SSL_PROTOCOL_ERROR @ http://[::1]:5173/node_modules/.vite/deps/pusher-js.js?v=78e615f6:3255
[40177205ms] [ERROR] WebSocket connection to 'wss://localhost:8081/app/app-key?protocol=7&client=js&version=8.4.0&flash=false' failed: Error in connection establishment: net::ERR_SSL_PROTOCOL_ERROR @ http://[::1]:5173/node_modules/.vite/deps/pusher-js.js?v=78e615f6:3255
[40237209ms] [ERROR] WebSocket connection to 'wss://localhost:8081/app/app-key?protocol=7&client=js&version=8.4.0&flash=false' failed: Error in connection establishment: net::ERR_SSL_PROTOCOL_ERROR @ http://[::1]:5173/node_modules/.vite/deps/pusher-js.js?v=78e615f6:3255
[40297208ms] [ERROR] WebSocket connection to 'wss://localhost:8081/app/app-key?protocol=7&client=js&version=8.4.0&flash=false' failed: Error in connection establishment: net::ERR_SSL_PROTOCOL_ERROR @ http://[::1]:5173/node_modules/.vite/deps/pusher-js.js?v=78e615f6:3255
[40357210ms] [ERROR] WebSocket connection to 'wss://localhost:8081/app/app-key?protocol=7&client=js&version=8.4.0&flash=false' failed: Error in connection establishment: net::ERR_SSL_PROTOCOL_ERROR @ http://[::1]:5173/node_modules/.vite/deps/pusher-js.js?v=78e615f6:3255
[40417213ms] [ERROR] WebSocket connection to 'wss://localhost:8081/app/app-key?protocol=7&client=js&version=8.4.0&flash=false' failed: Error in connection establishment: net::ERR_SSL_PROTOCOL_ERROR @ http://[::1]:5173/node_modules/.vite/deps/pusher-js.js?v=78e615f6:3255
[40477210ms] [ERROR] WebSocket connection to 'wss://localhost:8081/app/app-key?protocol=7&client=js&version=8.4.0&flash=false' failed: Error in connection establishment: net::ERR_SSL_PROTOCOL_ERROR @ http://[::1]:5173/node_modules/.vite/deps/pusher-js.js?v=78e615f6:3255
[40537214ms] [ERROR] WebSocket connection to 'wss://localhost:8081/app/app-key?protocol=7&client=js&version=8.4.0&flash=false' failed: Error in connection establishment: net::ERR_SSL_PROTOCOL_ERROR @ http://[::1]:5173/node_modules/.vite/deps/pusher-js.js?v=78e615f6:3255
[40597212ms] [ERROR] WebSocket connection to 'wss://localhost:8081/app/app-key?protocol=7&client=js&version=8.4.0&flash=false' failed: Error in connection establishment: net::ERR_SSL_PROTOCOL_ERROR @ http://[::1]:5173/node_modules/.vite/deps/pusher-js.js?v=78e615f6:3255
[40657211ms] [ERROR] WebSocket connection to 'wss://localhost:8081/app/app-key?protocol=7&client=js&version=8.4.0&flash=false' failed: Error in connection establishment: net::ERR_SSL_PROTOCOL_ERROR @ http://[::1]:5173/node_modules/.vite/deps/pusher-js.js?v=78e615f6:3255
[40717207ms] [ERROR] WebSocket connection to 'wss://localhost:8081/app/app-key?protocol=7&client=js&version=8.4.0&flash=false' failed: Error in connection establishment: net::ERR_SSL_PROTOCOL_ERROR @ http://[::1]:5173/node_modules/.vite/deps/pusher-js.js?v=78e615f6:3255
[40777216ms] [ERROR] WebSocket connection to 'wss://localhost:8081/app/app-key?protocol=7&client=js&version=8.4.0&flash=false' failed: Error in connection establishment: net::ERR_SSL_PROTOCOL_ERROR @ http://[::1]:5173/node_modules/.vite/deps/pusher-js.js?v=78e615f6:3255
[40837213ms] [ERROR] WebSocket connection to 'wss://localhost:8081/app/app-key?protocol=7&client=js&version=8.4.0&flash=false' failed: Error in connection establishment: net::ERR_SSL_PROTOCOL_ERROR @ http://[::1]:5173/node_modules/.vite/deps/pusher-js.js?v=78e615f6:3255
[40897217ms] [ERROR] WebSocket connection to 'wss://localhost:8081/app/app-key?protocol=7&client=js&version=8.4.0&flash=false' failed: Error in connection establishment: net::ERR_SSL_PROTOCOL_ERROR @ http://[::1]:5173/node_modules/.vite/deps/pusher-js.js?v=78e615f6:3255
[40957213ms] [ERROR] WebSocket connection to 'wss://localhost:8081/app/app-key?protocol=7&client=js&version=8.4.0&flash=false' failed: Error in connection establishment: net::ERR_SSL_PROTOCOL_ERROR @ http://[::1]:5173/node_modules/.vite/deps/pusher-js.js?v=78e615f6:3255
[41017215ms] [ERROR] WebSocket connection to 'wss://localhost:8081/app/app-key?protocol=7&client=js&version=8.4.0&flash=false' failed: Error in connection establishment: net::ERR_SSL_PROTOCOL_ERROR @ http://[::1]:5173/node_modules/.vite/deps/pusher-js.js?v=78e615f6:3255
[41077189ms] [ERROR] WebSocket connection to 'wss://localhost:8081/app/app-key?protocol=7&client=js&version=8.4.0&flash=false' failed: Error in connection establishment: net::ERR_SSL_PROTOCOL_ERROR @ http://[::1]:5173/node_modules/.vite/deps/pusher-js.js?v=78e615f6:3255
[41137175ms] [ERROR] WebSocket connection to 'wss://localhost:8081/app/app-key?protocol=7&client=js&version=8.4.0&flash=false' failed: Error in connection establishment: net::ERR_SSL_PROTOCOL_ERROR @ http://[::1]:5173/node_modules/.vite/deps/pusher-js.js?v=78e615f6:3255
[41197173ms] [ERROR] WebSocket connection to 'wss://localhost:8081/app/app-key?protocol=7&client=js&version=8.4.0&flash=false' failed: Error in connection establishment: net::ERR_SSL_PROTOCOL_ERROR @ http://[::1]:5173/node_modules/.vite/deps/pusher-js.js?v=78e615f6:3255
[41257171ms] [ERROR] WebSocket connection to 'wss://localhost:8081/app/app-key?protocol=7&client=js&version=8.4.0&flash=false' failed: Error in connection establishment: net::ERR_SSL_PROTOCOL_ERROR @ http://[::1]:5173/node_modules/.vite/deps/pusher-js.js?v=78e615f6:3255
[41317171ms] [ERROR] WebSocket connection to 'wss://localhost:8081/app/app-key?protocol=7&client=js&version=8.4.0&flash=false' failed: Error in connection establishment: net::ERR_SSL_PROTOCOL_ERROR @ http://[::1]:5173/node_modules/.vite/deps/pusher-js.js?v=78e615f6:3255
[41377198ms] [ERROR] WebSocket connection to 'wss://localhost:8081/app/app-key?protocol=7&client=js&version=8.4.0&flash=false' failed: Error in connection establishment: net::ERR_SSL_PROTOCOL_ERROR @ http://[::1]:5173/node_modules/.vite/deps/pusher-js.js?v=78e615f6:3255
[41437181ms] [ERROR] WebSocket connection to 'wss://localhost:8081/app/app-key?protocol=7&client=js&version=8.4.0&flash=false' failed: Error in connection establishment: net::ERR_SSL_PROTOCOL_ERROR @ http://[::1]:5173/node_modules/.vite/deps/pusher-js.js?v=78e615f6:3255
[41497170ms] [ERROR] WebSocket connection to 'wss://localhost:8081/app/app-key?protocol=7&client=js&version=8.4.0&flash=false' failed: Error in connection establishment: net::ERR_SSL_PROTOCOL_ERROR @ http://[::1]:5173/node_modules/.vite/deps/pusher-js.js?v=78e615f6:3255
[41557181ms] [ERROR] WebSocket connection to 'wss://localhost:8081/app/app-key?protocol=7&client=js&version=8.4.0&flash=false' failed: Error in connection establishment: net::ERR_SSL_PROTOCOL_ERROR @ http://[::1]:5173/node_modules/.vite/deps/pusher-js.js?v=78e615f6:3255
[41617177ms] [ERROR] WebSocket connection to 'wss://localhost:8081/app/app-key?protocol=7&client=js&version=8.4.0&flash=false' failed: Error in connection establishment: net::ERR_SSL_PROTOCOL_ERROR @ http://[::1]:5173/node_modules/.vite/deps/pusher-js.js?v=78e615f6:3255
[41677175ms] [ERROR] WebSocket connection to 'wss://localhost:8081/app/app-key?protocol=7&client=js&version=8.4.0&flash=false' failed: Error in connection establishment: net::ERR_SSL_PROTOCOL_ERROR @ http://[::1]:5173/node_modules/.vite/deps/pusher-js.js?v=78e615f6:3255
[41737179ms] [ERROR] WebSocket connection to 'wss://localhost:8081/app/app-key?protocol=7&client=js&version=8.4.0&flash=false' failed: Error in connection establishment: net::ERR_SSL_PROTOCOL_ERROR @ http://[::1]:5173/node_modules/.vite/deps/pusher-js.js?v=78e615f6:3255
[41797172ms] [ERROR] WebSocket connection to 'wss://localhost:8081/app/app-key?protocol=7&client=js&version=8.4.0&flash=false' failed: Error in connection establishment: net::ERR_SSL_PROTOCOL_ERROR @ http://[::1]:5173/node_modules/.vite/deps/pusher-js.js?v=78e615f6:3255
[41857177ms] [ERROR] WebSocket connection to 'wss://localhost:8081/app/app-key?protocol=7&client=js&version=8.4.0&flash=false' failed: Error in connection establishment: net::ERR_SSL_PROTOCOL_ERROR @ http://[::1]:5173/node_modules/.vite/deps/pusher-js.js?v=78e615f6:3255
[41917182ms] [ERROR] WebSocket connection to 'wss://localhost:8081/app/app-key?protocol=7&client=js&version=8.4.0&flash=false' failed: Error in connection establishment: net::ERR_SSL_PROTOCOL_ERROR @ http://[::1]:5173/node_modules/.vite/deps/pusher-js.js?v=78e615f6:3255
[41977177ms] [ERROR] WebSocket connection to 'wss://localhost:8081/app/app-key?protocol=7&client=js&version=8.4.0&flash=false' failed: Error in connection establishment: net::ERR_SSL_PROTOCOL_ERROR @ http://[::1]:5173/node_modules/.vite/deps/pusher-js.js?v=78e615f6:3255
[42037177ms] [ERROR] WebSocket connection to 'wss://localhost:8081/app/app-key?protocol=7&client=js&version=8.4.0&flash=false' failed: Error in connection establishment: net::ERR_SSL_PROTOCOL_ERROR @ http://[::1]:5173/node_modules/.vite/deps/pusher-js.js?v=78e615f6:3255
[42097174ms] [ERROR] WebSocket connection to 'wss://localhost:8081/app/app-key?protocol=7&client=js&version=8.4.0&flash=false' failed: Error in connection establishment: net::ERR_SSL_PROTOCOL_ERROR @ http://[::1]:5173/node_modules/.vite/deps/pusher-js.js?v=78e615f6:3255
[42157170ms] [ERROR] WebSocket connection to 'wss://localhost:8081/app/app-key?protocol=7&client=js&version=8.4.0&flash=false' failed: Error in connection establishment: net::ERR_SSL_PROTOCOL_ERROR @ http://[::1]:5173/node_modules/.vite/deps/pusher-js.js?v=78e615f6:3255
[42217184ms] [ERROR] WebSocket connection to 'wss://localhost:8081/app/app-key?protocol=7&client=js&version=8.4.0&flash=false' failed: Error in connection establishment: net::ERR_SSL_PROTOCOL_ERROR @ http://[::1]:5173/node_modules/.vite/deps/pusher-js.js?v=78e615f6:3255
[42277177ms] [ERROR] WebSocket connection to 'wss://localhost:8081/app/app-key?protocol=7&client=js&version=8.4.0&flash=false' failed: Error in connection establishment: net::ERR_SSL_PROTOCOL_ERROR @ http://[::1]:5173/node_modules/.vite/deps/pusher-js.js?v=78e615f6:3255
[42337175ms] [ERROR] WebSocket connection to 'wss://localhost:8081/app/app-key?protocol=7&client=js&version=8.4.0&flash=false' failed: Error in connection establishment: net::ERR_SSL_PROTOCOL_ERROR @ http://[::1]:5173/node_modules/.vite/deps/pusher-js.js?v=78e615f6:3255
[42397180ms] [ERROR] WebSocket connection to 'wss://localhost:8081/app/app-key?protocol=7&client=js&version=8.4.0&flash=false' failed: Error in connection establishment: net::ERR_SSL_PROTOCOL_ERROR @ http://[::1]:5173/node_modules/.vite/deps/pusher-js.js?v=78e615f6:3255
[42457173ms] [ERROR] WebSocket connection to 'wss://localhost:8081/app/app-key?protocol=7&client=js&version=8.4.0&flash=false' failed: Error in connection establishment: net::ERR_SSL_PROTOCOL_ERROR @ http://[::1]:5173/node_modules/.vite/deps/pusher-js.js?v=78e615f6:3255
[42517178ms] [ERROR] WebSocket connection to 'wss://localhost:8081/app/app-key?protocol=7&client=js&version=8.4.0&flash=false' failed: Error in connection establishment: net::ERR_SSL_PROTOCOL_ERROR @ http://[::1]:5173/node_modules/.vite/deps/pusher-js.js?v=78e615f6:3255
[42577174ms] [ERROR] WebSocket connection to 'wss://localhost:8081/app/app-key?protocol=7&client=js&version=8.4.0&flash=false' failed: Error in connection establishment: net::ERR_SSL_PROTOCOL_ERROR @ http://[::1]:5173/node_modules/.vite/deps/pusher-js.js?v=78e615f6:3255
[42637177ms] [ERROR] WebSocket connection to 'wss://localhost:8081/app/app-key?protocol=7&client=js&version=8.4.0&flash=false' failed: Error in connection establishment: net::ERR_SSL_PROTOCOL_ERROR @ http://[::1]:5173/node_modules/.vite/deps/pusher-js.js?v=78e615f6:3255
[42697185ms] [ERROR] WebSocket connection to 'wss://localhost:8081/app/app-key?protocol=7&client=js&version=8.4.0&flash=false' failed: Error in connection establishment: net::ERR_SSL_PROTOCOL_ERROR @ http://[::1]:5173/node_modules/.vite/deps/pusher-js.js?v=78e615f6:3255
[42757178ms] [ERROR] WebSocket connection to 'wss://localhost:8081/app/app-key?protocol=7&client=js&version=8.4.0&flash=false' failed: Error in connection establishment: net::ERR_SSL_PROTOCOL_ERROR @ http://[::1]:5173/node_modules/.vite/deps/pusher-js.js?v=78e615f6:3255
[42817172ms] [ERROR] WebSocket connection to 'wss://localhost:8081/app/app-key?protocol=7&client=js&version=8.4.0&flash=false' failed: Error in connection establishment: net::ERR_SSL_PROTOCOL_ERROR @ http://[::1]:5173/node_modules/.vite/deps/pusher-js.js?v=78e615f6:3255
[42877193ms] [ERROR] WebSocket connection to 'wss://localhost:8081/app/app-key?protocol=7&client=js&version=8.4.0&flash=false' failed: Error in connection establishment: net::ERR_SSL_PROTOCOL_ERROR @ http://[::1]:5173/node_modules/.vite/deps/pusher-js.js?v=78e615f6:3255
[42937208ms] [ERROR] WebSocket connection to 'wss://localhost:8081/app/app-key?protocol=7&client=js&version=8.4.0&flash=false' failed: Error in connection establishment: net::ERR_SSL_PROTOCOL_ERROR @ http://[::1]:5173/node_modules/.vite/deps/pusher-js.js?v=78e615f6:3255
[42997216ms] [ERROR] WebSocket connection to 'wss://localhost:8081/app/app-key?protocol=7&client=js&version=8.4.0&flash=false' failed: Error in connection establishment: net::ERR_SSL_PROTOCOL_ERROR @ http://[::1]:5173/node_modules/.vite/deps/pusher-js.js?v=78e615f6:3255
[43057215ms] [ERROR] WebSocket connection to 'wss://localhost:8081/app/app-key?protocol=7&client=js&version=8.4.0&flash=false' failed: Error in connection establishment: net::ERR_SSL_PROTOCOL_ERROR @ http://[::1]:5173/node_modules/.vite/deps/pusher-js.js?v=78e615f6:3255
[43117213ms] [ERROR] WebSocket connection to 'wss://localhost:8081/app/app-key?protocol=7&client=js&version=8.4.0&flash=false' failed: Error in connection establishment: net::ERR_SSL_PROTOCOL_ERROR @ http://[::1]:5173/node_modules/.vite/deps/pusher-js.js?v=78e615f6:3255
[43177212ms] [ERROR] WebSocket connection to 'wss://localhost:8081/app/app-key?protocol=7&client=js&version=8.4.0&flash=false' failed: Error in connection establishment: net::ERR_SSL_PROTOCOL_ERROR @ http://[::1]:5173/node_modules/.vite/deps/pusher-js.js?v=78e615f6:3255
[43237212ms] [ERROR] WebSocket connection to 'wss://localhost:8081/app/app-key?protocol=7&client=js&version=8.4.0&flash=false' failed: Error in connection establishment: net::ERR_SSL_PROTOCOL_ERROR @ http://[::1]:5173/node_modules/.vite/deps/pusher-js.js?v=78e615f6:3255
[43297216ms] [ERROR] WebSocket connection to 'wss://localhost:8081/app/app-key?protocol=7&client=js&version=8.4.0&flash=false' failed: Error in connection establishment: net::ERR_SSL_PROTOCOL_ERROR @ http://[::1]:5173/node_modules/.vite/deps/pusher-js.js?v=78e615f6:3255
[43357215ms] [ERROR] WebSocket connection to 'wss://localhost:8081/app/app-key?protocol=7&client=js&version=8.4.0&flash=false' failed: Error in connection establishment: net::ERR_SSL_PROTOCOL_ERROR @ http://[::1]:5173/node_modules/.vite/deps/pusher-js.js?v=78e615f6:3255
[43417217ms] [ERROR] WebSocket connection to 'wss://localhost:8081/app/app-key?protocol=7&client=js&version=8.4.0&flash=false' failed: Error in connection establishment: net::ERR_SSL_PROTOCOL_ERROR @ http://[::1]:5173/node_modules/.vite/deps/pusher-js.js?v=78e615f6:3255
[43477215ms] [ERROR] WebSocket connection to 'wss://localhost:8081/app/app-key?protocol=7&client=js&version=8.4.0&flash=false' failed: Error in connection establishment: net::ERR_SSL_PROTOCOL_ERROR @ http://[::1]:5173/node_modules/.vite/deps/pusher-js.js?v=78e615f6:3255
[43537216ms] [ERROR] WebSocket connection to 'wss://localhost:8081/app/app-key?protocol=7&client=js&version=8.4.0&flash=false' failed: Error in connection establishment: net::ERR_SSL_PROTOCOL_ERROR @ http://[::1]:5173/node_modules/.vite/deps/pusher-js.js?v=78e615f6:3255
[43597213ms] [ERROR] WebSocket connection to 'wss://localhost:8081/app/app-key?protocol=7&client=js&version=8.4.0&flash=false' failed: Error in connection establishment: net::ERR_SSL_PROTOCOL_ERROR @ http://[::1]:5173/node_modules/.vite/deps/pusher-js.js?v=78e615f6:3255
[43657218ms] [ERROR] WebSocket connection to 'wss://localhost:8081/app/app-key?protocol=7&client=js&version=8.4.0&flash=false' failed: Error in connection establishment: net::ERR_SSL_PROTOCOL_ERROR @ http://[::1]:5173/node_modules/.vite/deps/pusher-js.js?v=78e615f6:3255
[43717210ms] [ERROR] WebSocket connection to 'wss://localhost:8081/app/app-key?protocol=7&client=js&version=8.4.0&flash=false' failed: Error in connection establishment: net::ERR_SSL_PROTOCOL_ERROR @ http://[::1]:5173/node_modules/.vite/deps/pusher-js.js?v=78e615f6:3255
[43777220ms] [ERROR] WebSocket connection to 'wss://localhost:8081/app/app-key?protocol=7&client=js&version=8.4.0&flash=false' failed: Error in connection establishment: net::ERR_SSL_PROTOCOL_ERROR @ http://[::1]:5173/node_modules/.vite/deps/pusher-js.js?v=78e615f6:3255
[43837214ms] [ERROR] WebSocket connection to 'wss://localhost:8081/app/app-key?protocol=7&client=js&version=8.4.0&flash=false' failed: Error in connection establishment: net::ERR_SSL_PROTOCOL_ERROR @ http://[::1]:5173/node_modules/.vite/deps/pusher-js.js?v=78e615f6:3255
[43897221ms] [ERROR] WebSocket connection to 'wss://localhost:8081/app/app-key?protocol=7&client=js&version=8.4.0&flash=false' failed: Error in connection establishment: net::ERR_SSL_PROTOCOL_ERROR @ http://[::1]:5173/node_modules/.vite/deps/pusher-js.js?v=78e615f6:3255
[43957221ms] [ERROR] WebSocket connection to 'wss://localhost:8081/app/app-key?protocol=7&client=js&version=8.4.0&flash=false' failed: Error in connection establishment: net::ERR_SSL_PROTOCOL_ERROR @ http://[::1]:5173/node_modules/.vite/deps/pusher-js.js?v=78e615f6:3255
[44017216ms] [ERROR] WebSocket connection to 'wss://localhost:8081/app/app-key?protocol=7&client=js&version=8.4.0&flash=false' failed: Error in connection establishment: net::ERR_SSL_PROTOCOL_ERROR @ http://[::1]:5173/node_modules/.vite/deps/pusher-js.js?v=78e615f6:3255
[44077220ms] [ERROR] WebSocket connection to 'wss://localhost:8081/app/app-key?protocol=7&client=js&version=8.4.0&flash=false' failed: Error in connection establishment: net::ERR_SSL_PROTOCOL_ERROR @ http://[::1]:5173/node_modules/.vite/deps/pusher-js.js?v=78e615f6:3255
[44137218ms] [ERROR] WebSocket connection to 'wss://localhost:8081/app/app-key?protocol=7&client=js&version=8.4.0&flash=false' failed: Error in connection establishment: net::ERR_SSL_PROTOCOL_ERROR @ http://[::1]:5173/node_modules/.vite/deps/pusher-js.js?v=78e615f6:3255
[44197222ms] [ERROR] WebSocket connection to 'wss://localhost:8081/app/app-key?protocol=7&client=js&version=8.4.0&flash=false' failed: Error in connection establishment: net::ERR_SSL_PROTOCOL_ERROR @ http://[::1]:5173/node_modules/.vite/deps/pusher-js.js?v=78e615f6:3255
[44257223ms] [ERROR] WebSocket connection to 'wss://localhost:8081/app/app-key?protocol=7&client=js&version=8.4.0&flash=false' failed: Error in connection establishment: net::ERR_SSL_PROTOCOL_ERROR @ http://[::1]:5173/node_modules/.vite/deps/pusher-js.js?v=78e615f6:3255
[44317225ms] [ERROR] WebSocket connection to 'wss://localhost:8081/app/app-key?protocol=7&client=js&version=8.4.0&flash=false' failed: Error in connection establishment: net::ERR_SSL_PROTOCOL_ERROR @ http://[::1]:5173/node_modules/.vite/deps/pusher-js.js?v=78e615f6:3255
[44377223ms] [ERROR] WebSocket connection to 'wss://localhost:8081/app/app-key?protocol=7&client=js&version=8.4.0&flash=false' failed: Error in connection establishment: net::ERR_SSL_PROTOCOL_ERROR @ http://[::1]:5173/node_modules/.vite/deps/pusher-js.js?v=78e615f6:3255
[44437229ms] [ERROR] WebSocket connection to 'wss://localhost:8081/app/app-key?protocol=7&client=js&version=8.4.0&flash=false' failed: Error in connection establishment: net::ERR_SSL_PROTOCOL_ERROR @ http://[::1]:5173/node_modules/.vite/deps/pusher-js.js?v=78e615f6:3255
[44497221ms] [ERROR] WebSocket connection to 'wss://localhost:8081/app/app-key?protocol=7&client=js&version=8.4.0&flash=false' failed: Error in connection establishment: net::ERR_SSL_PROTOCOL_ERROR @ http://[::1]:5173/node_modules/.vite/deps/pusher-js.js?v=78e615f6:3255
[44557247ms] [ERROR] WebSocket connection to 'wss://localhost:8081/app/app-key?protocol=7&client=js&version=8.4.0&flash=false' failed: Error in connection establishment: net::ERR_SSL_PROTOCOL_ERROR @ http://[::1]:5173/node_modules/.vite/deps/pusher-js.js?v=78e615f6:3255
[44617231ms] [ERROR] WebSocket connection to 'wss://localhost:8081/app/app-key?protocol=7&client=js&version=8.4.0&flash=false' failed: Error in connection establishment: net::ERR_SSL_PROTOCOL_ERROR @ http://[::1]:5173/node_modules/.vite/deps/pusher-js.js?v=78e615f6:3255
[44677237ms] [ERROR] WebSocket connection to 'wss://localhost:8081/app/app-key?protocol=7&client=js&version=8.4.0&flash=false' failed: Error in connection establishment: net::ERR_SSL_PROTOCOL_ERROR @ http://[::1]:5173/node_modules/.vite/deps/pusher-js.js?v=78e615f6:3255
[44737238ms] [ERROR] WebSocket connection to 'wss://localhost:8081/app/app-key?protocol=7&client=js&version=8.4.0&flash=false' failed: Error in connection establishment: net::ERR_SSL_PROTOCOL_ERROR @ http://[::1]:5173/node_modules/.vite/deps/pusher-js.js?v=78e615f6:3255
[44797232ms] [ERROR] WebSocket connection to 'wss://localhost:8081/app/app-key?protocol=7&client=js&version=8.4.0&flash=false' failed: Error in connection establishment: net::ERR_SSL_PROTOCOL_ERROR @ http://[::1]:5173/node_modules/.vite/deps/pusher-js.js?v=78e615f6:3255
[44857262ms] [ERROR] WebSocket connection to 'wss://localhost:8081/app/app-key?protocol=7&client=js&version=8.4.0&flash=false' failed: Error in connection establishment: net::ERR_SSL_PROTOCOL_ERROR @ http://[::1]:5173/node_modules/.vite/deps/pusher-js.js?v=78e615f6:3255
[44917270ms] [ERROR] WebSocket connection to 'wss://localhost:8081/app/app-key?protocol=7&client=js&version=8.4.0&flash=false' failed: Error in connection establishment: net::ERR_SSL_PROTOCOL_ERROR @ http://[::1]:5173/node_modules/.vite/deps/pusher-js.js?v=78e615f6:3255
[44977267ms] [ERROR] WebSocket connection to 'wss://localhost:8081/app/app-key?protocol=7&client=js&version=8.4.0&flash=false' failed: Error in connection establishment: net::ERR_SSL_PROTOCOL_ERROR @ http://[::1]:5173/node_modules/.vite/deps/pusher-js.js?v=78e615f6:3255
[45037269ms] [ERROR] WebSocket connection to 'wss://localhost:8081/app/app-key?protocol=7&client=js&version=8.4.0&flash=false' failed: Error in connection establishment: net::ERR_SSL_PROTOCOL_ERROR @ http://[::1]:5173/node_modules/.vite/deps/pusher-js.js?v=78e615f6:3255
[45097271ms] [ERROR] WebSocket connection to 'wss://localhost:8081/app/app-key?protocol=7&client=js&version=8.4.0&flash=false' failed: Error in connection establishment: net::ERR_SSL_PROTOCOL_ERROR @ http://[::1]:5173/node_modules/.vite/deps/pusher-js.js?v=78e615f6:3255
[45157270ms] [ERROR] WebSocket connection to 'wss://localhost:8081/app/app-key?protocol=7&client=js&version=8.4.0&flash=false' failed: Error in connection establishment: net::ERR_SSL_PROTOCOL_ERROR @ http://[::1]:5173/node_modules/.vite/deps/pusher-js.js?v=78e615f6:3255
[45217291ms] [ERROR] WebSocket connection to 'wss://localhost:8081/app/app-key?protocol=7&client=js&version=8.4.0&flash=false' failed: Error in connection establishment: net::ERR_SSL_PROTOCOL_ERROR @ http://[::1]:5173/node_modules/.vite/deps/pusher-js.js?v=78e615f6:3255
[45277279ms] [ERROR] WebSocket connection to 'wss://localhost:8081/app/app-key?protocol=7&client=js&version=8.4.0&flash=false' failed: Error in connection establishment: net::ERR_SSL_PROTOCOL_ERROR @ http://[::1]:5173/node_modules/.vite/deps/pusher-js.js?v=78e615f6:3255
[45337281ms] [ERROR] WebSocket connection to 'wss://localhost:8081/app/app-key?protocol=7&client=js&version=8.4.0&flash=false' failed: Error in connection establishment: net::ERR_SSL_PROTOCOL_ERROR @ http://[::1]:5173/node_modules/.vite/deps/pusher-js.js?v=78e615f6:3255
[45397283ms] [ERROR] WebSocket connection to 'wss://localhost:8081/app/app-key?protocol=7&client=js&version=8.4.0&flash=false' failed: Error in connection establishment: net::ERR_SSL_PROTOCOL_ERROR @ http://[::1]:5173/node_modules/.vite/deps/pusher-js.js?v=78e615f6:3255
[45457282ms] [ERROR] WebSocket connection to 'wss://localhost:8081/app/app-key?protocol=7&client=js&version=8.4.0&flash=false' failed: Error in connection establishment: net::ERR_SSL_PROTOCOL_ERROR @ http://[::1]:5173/node_modules/.vite/deps/pusher-js.js?v=78e615f6:3255
[45517283ms] [ERROR] WebSocket connection to 'wss://localhost:8081/app/app-key?protocol=7&client=js&version=8.4.0&flash=false' failed: Error in connection establishment: net::ERR_SSL_PROTOCOL_ERROR @ http://[::1]:5173/node_modules/.vite/deps/pusher-js.js?v=78e615f6:3255
[45577285ms] [ERROR] WebSocket connection to 'wss://localhost:8081/app/app-key?protocol=7&client=js&version=8.4.0&flash=false' failed: Error in connection establishment: net::ERR_SSL_PROTOCOL_ERROR @ http://[::1]:5173/node_modules/.vite/deps/pusher-js.js?v=78e615f6:3255
[45637283ms] [ERROR] WebSocket connection to 'wss://localhost:8081/app/app-key?protocol=7&client=js&version=8.4.0&flash=false' failed: Error in connection establishment: net::ERR_SSL_PROTOCOL_ERROR @ http://[::1]:5173/node_modules/.vite/deps/pusher-js.js?v=78e615f6:3255
[45697284ms] [ERROR] WebSocket connection to 'wss://localhost:8081/app/app-key?protocol=7&client=js&version=8.4.0&flash=false' failed: Error in connection establishment: net::ERR_SSL_PROTOCOL_ERROR @ http://[::1]:5173/node_modules/.vite/deps/pusher-js.js?v=78e615f6:3255
[45757289ms] [ERROR] WebSocket connection to 'wss://localhost:8081/app/app-key?protocol=7&client=js&version=8.4.0&flash=false' failed: Error in connection establishment: net::ERR_SSL_PROTOCOL_ERROR @ http://[::1]:5173/node_modules/.vite/deps/pusher-js.js?v=78e615f6:3255
[45817285ms] [ERROR] WebSocket connection to 'wss://localhost:8081/app/app-key?protocol=7&client=js&version=8.4.0&flash=false' failed: Error in connection establishment: net::ERR_SSL_PROTOCOL_ERROR @ http://[::1]:5173/node_modules/.vite/deps/pusher-js.js?v=78e615f6:3255
[45877288ms] [ERROR] WebSocket connection to 'wss://localhost:8081/app/app-key?protocol=7&client=js&version=8.4.0&flash=false' failed: Error in connection establishment: net::ERR_SSL_PROTOCOL_ERROR @ http://[::1]:5173/node_modules/.vite/deps/pusher-js.js?v=78e615f6:3255
[45937286ms] [ERROR] WebSocket connection to 'wss://localhost:8081/app/app-key?protocol=7&client=js&version=8.4.0&flash=false' failed: Error in connection establishment: net::ERR_SSL_PROTOCOL_ERROR @ http://[::1]:5173/node_modules/.vite/deps/pusher-js.js?v=78e615f6:3255
[45997293ms] [ERROR] WebSocket connection to 'wss://localhost:8081/app/app-key?protocol=7&client=js&version=8.4.0&flash=false' failed: Error in connection establishment: net::ERR_SSL_PROTOCOL_ERROR @ http://[::1]:5173/node_modules/.vite/deps/pusher-js.js?v=78e615f6:3255
[46057286ms] [ERROR] WebSocket connection to 'wss://localhost:8081/app/app-key?protocol=7&client=js&version=8.4.0&flash=false' failed: Error in connection establishment: net::ERR_SSL_PROTOCOL_ERROR @ http://[::1]:5173/node_modules/.vite/deps/pusher-js.js?v=78e615f6:3255
[46117290ms] [ERROR] WebSocket connection to 'wss://localhost:8081/app/app-key?protocol=7&client=js&version=8.4.0&flash=false' failed: Error in connection establishment: net::ERR_SSL_PROTOCOL_ERROR @ http://[::1]:5173/node_modules/.vite/deps/pusher-js.js?v=78e615f6:3255
[46177291ms] [ERROR] WebSocket connection to 'wss://localhost:8081/app/app-key?protocol=7&client=js&version=8.4.0&flash=false' failed: Error in connection establishment: net::ERR_SSL_PROTOCOL_ERROR @ http://[::1]:5173/node_modules/.vite/deps/pusher-js.js?v=78e615f6:3255
[46237293ms] [ERROR] WebSocket connection to 'wss://localhost:8081/app/app-key?protocol=7&client=js&version=8.4.0&flash=false' failed: Error in connection establishment: net::ERR_SSL_PROTOCOL_ERROR @ http://[::1]:5173/node_modules/.vite/deps/pusher-js.js?v=78e615f6:3255
[46297291ms] [ERROR] WebSocket connection to 'wss://localhost:8081/app/app-key?protocol=7&client=js&version=8.4.0&flash=false' failed: Error in connection establishment: net::ERR_SSL_PROTOCOL_ERROR @ http://[::1]:5173/node_modules/.vite/deps/pusher-js.js?v=78e615f6:3255
[46357294ms] [ERROR] WebSocket connection to 'wss://localhost:8081/app/app-key?protocol=7&client=js&version=8.4.0&flash=false' failed: Error in connection establishment: net::ERR_SSL_PROTOCOL_ERROR @ http://[::1]:5173/node_modules/.vite/deps/pusher-js.js?v=78e615f6:3255
[46417295ms] [ERROR] WebSocket connection to 'wss://localhost:8081/app/app-key?protocol=7&client=js&version=8.4.0&flash=false' failed: Error in connection establishment: net::ERR_SSL_PROTOCOL_ERROR @ http://[::1]:5173/node_modules/.vite/deps/pusher-js.js?v=78e615f6:3255
[46477298ms] [ERROR] WebSocket connection to 'wss://localhost:8081/app/app-key?protocol=7&client=js&version=8.4.0&flash=false' failed: Error in connection establishment: net::ERR_SSL_PROTOCOL_ERROR @ http://[::1]:5173/node_modules/.vite/deps/pusher-js.js?v=78e615f6:3255
[46537290ms] [ERROR] WebSocket connection to 'wss://localhost:8081/app/app-key?protocol=7&client=js&version=8.4.0&flash=false' failed: Error in connection establishment: net::ERR_SSL_PROTOCOL_ERROR @ http://[::1]:5173/node_modules/.vite/deps/pusher-js.js?v=78e615f6:3255
[46597297ms] [ERROR] WebSocket connection to 'wss://localhost:8081/app/app-key?protocol=7&client=js&version=8.4.0&flash=false' failed: Error in connection establishment: net::ERR_SSL_PROTOCOL_ERROR @ http://[::1]:5173/node_modules/.vite/deps/pusher-js.js?v=78e615f6:3255
[46657298ms] [ERROR] WebSocket connection to 'wss://localhost:8081/app/app-key?protocol=7&client=js&version=8.4.0&flash=false' failed: Error in connection establishment: net::ERR_SSL_PROTOCOL_ERROR @ http://[::1]:5173/node_modules/.vite/deps/pusher-js.js?v=78e615f6:3255
[46717299ms] [ERROR] WebSocket connection to 'wss://localhost:8081/app/app-key?protocol=7&client=js&version=8.4.0&flash=false' failed: Error in connection establishment: net::ERR_SSL_PROTOCOL_ERROR @ http://[::1]:5173/node_modules/.vite/deps/pusher-js.js?v=78e615f6:3255
[46777293ms] [ERROR] WebSocket connection to 'wss://localhost:8081/app/app-key?protocol=7&client=js&version=8.4.0&flash=false' failed: Error in connection establishment: net::ERR_SSL_PROTOCOL_ERROR @ http://[::1]:5173/node_modules/.vite/deps/pusher-js.js?v=78e615f6:3255
[46837292ms] [ERROR] WebSocket connection to 'wss://localhost:8081/app/app-key?protocol=7&client=js&version=8.4.0&flash=false' failed: Error in connection establishment: net::ERR_SSL_PROTOCOL_ERROR @ http://[::1]:5173/node_modules/.vite/deps/pusher-js.js?v=78e615f6:3255
[46897293ms] [ERROR] WebSocket connection to 'wss://localhost:8081/app/app-key?protocol=7&client=js&version=8.4.0&flash=false' failed: Error in connection establishment: net::ERR_SSL_PROTOCOL_ERROR @ http://[::1]:5173/node_modules/.vite/deps/pusher-js.js?v=78e615f6:3255
[46957293ms] [ERROR] WebSocket connection to 'wss://localhost:8081/app/app-key?protocol=7&client=js&version=8.4.0&flash=false' failed: Error in connection establishment: net::ERR_SSL_PROTOCOL_ERROR @ http://[::1]:5173/node_modules/.vite/deps/pusher-js.js?v=78e615f6:3255
[47017294ms] [ERROR] WebSocket connection to 'wss://localhost:8081/app/app-key?protocol=7&client=js&version=8.4.0&flash=false' failed: Error in connection establishment: net::ERR_SSL_PROTOCOL_ERROR @ http://[::1]:5173/node_modules/.vite/deps/pusher-js.js?v=78e615f6:3255
[47077296ms] [ERROR] WebSocket connection to 'wss://localhost:8081/app/app-key?protocol=7&client=js&version=8.4.0&flash=false' failed: Error in connection establishment: net::ERR_SSL_PROTOCOL_ERROR @ http://[::1]:5173/node_modules/.vite/deps/pusher-js.js?v=78e615f6:3255
[47137303ms] [ERROR] WebSocket connection to 'wss://localhost:8081/app/app-key?protocol=7&client=js&version=8.4.0&flash=false' failed: Error in connection establishment: net::ERR_SSL_PROTOCOL_ERROR @ http://[::1]:5173/node_modules/.vite/deps/pusher-js.js?v=78e615f6:3255
[47197298ms] [ERROR] WebSocket connection to 'wss://localhost:8081/app/app-key?protocol=7&client=js&version=8.4.0&flash=false' failed: Error in connection establishment: net::ERR_SSL_PROTOCOL_ERROR @ http://[::1]:5173/node_modules/.vite/deps/pusher-js.js?v=78e615f6:3255
[47257297ms] [ERROR] WebSocket connection to 'wss://localhost:8081/app/app-key?protocol=7&client=js&version=8.4.0&flash=false' failed: Error in connection establishment: net::ERR_SSL_PROTOCOL_ERROR @ http://[::1]:5173/node_modules/.vite/deps/pusher-js.js?v=78e615f6:3255
[47317297ms] [ERROR] WebSocket connection to 'wss://localhost:8081/app/app-key?protocol=7&client=js&version=8.4.0&flash=false' failed: Error in connection establishment: net::ERR_SSL_PROTOCOL_ERROR @ http://[::1]:5173/node_modules/.vite/deps/pusher-js.js?v=78e615f6:3255
[47377301ms] [ERROR] WebSocket connection to 'wss://localhost:8081/app/app-key?protocol=7&client=js&version=8.4.0&flash=false' failed: Error in connection establishment: net::ERR_SSL_PROTOCOL_ERROR @ http://[::1]:5173/node_modules/.vite/deps/pusher-js.js?v=78e615f6:3255
[47437358ms] [ERROR] WebSocket connection to 'wss://localhost:8081/app/app-key?protocol=7&client=js&version=8.4.0&flash=false' failed: Error in connection establishment: net::ERR_SSL_PROTOCOL_ERROR @ http://[::1]:5173/node_modules/.vite/deps/pusher-js.js?v=78e615f6:3255
[47497303ms] [ERROR] WebSocket connection to 'wss://localhost:8081/app/app-key?protocol=7&client=js&version=8.4.0&flash=false' failed: Error in connection establishment: net::ERR_SSL_PROTOCOL_ERROR @ http://[::1]:5173/node_modules/.vite/deps/pusher-js.js?v=78e615f6:3255
[47557306ms] [ERROR] WebSocket connection to 'wss://localhost:8081/app/app-key?protocol=7&client=js&version=8.4.0&flash=false' failed: Error in connection establishment: net::ERR_SSL_PROTOCOL_ERROR @ http://[::1]:5173/node_modules/.vite/deps/pusher-js.js?v=78e615f6:3255
[47617309ms] [ERROR] WebSocket connection to 'wss://localhost:8081/app/app-key?protocol=7&client=js&version=8.4.0&flash=false' failed: Error in connection establishment: net::ERR_SSL_PROTOCOL_ERROR @ http://[::1]:5173/node_modules/.vite/deps/pusher-js.js?v=78e615f6:3255
[47677309ms] [ERROR] WebSocket connection to 'wss://localhost:8081/app/app-key?protocol=7&client=js&version=8.4.0&flash=false' failed: Error in connection establishment: net::ERR_SSL_PROTOCOL_ERROR @ http://[::1]:5173/node_modules/.vite/deps/pusher-js.js?v=78e615f6:3255
[47737312ms] [ERROR] WebSocket connection to 'wss://localhost:8081/app/app-key?protocol=7&client=js&version=8.4.0&flash=false' failed: Error in connection establishment: net::ERR_SSL_PROTOCOL_ERROR @ http://[::1]:5173/node_modules/.vite/deps/pusher-js.js?v=78e615f6:3255
[47797312ms] [ERROR] WebSocket connection to 'wss://localhost:8081/app/app-key?protocol=7&client=js&version=8.4.0&flash=false' failed: Error in connection establishment: net::ERR_SSL_PROTOCOL_ERROR @ http://[::1]:5173/node_modules/.vite/deps/pusher-js.js?v=78e615f6:3255
[47857315ms] [ERROR] WebSocket connection to 'wss://localhost:8081/app/app-key?protocol=7&client=js&version=8.4.0&flash=false' failed: Error in connection establishment: net::ERR_SSL_PROTOCOL_ERROR @ http://[::1]:5173/node_modules/.vite/deps/pusher-js.js?v=78e615f6:3255
[47917319ms] [ERROR] WebSocket connection to 'wss://localhost:8081/app/app-key?protocol=7&client=js&version=8.4.0&flash=false' failed: Error in connection establishment: net::ERR_SSL_PROTOCOL_ERROR @ http://[::1]:5173/node_modules/.vite/deps/pusher-js.js?v=78e615f6:3255
[47977316ms] [ERROR] WebSocket connection to 'wss://localhost:8081/app/app-key?protocol=7&client=js&version=8.4.0&flash=false' failed: Error in connection establishment: net::ERR_SSL_PROTOCOL_ERROR @ http://[::1]:5173/node_modules/.vite/deps/pusher-js.js?v=78e615f6:3255
[48037319ms] [ERROR] WebSocket connection to 'wss://localhost:8081/app/app-key?protocol=7&client=js&version=8.4.0&flash=false' failed: Error in connection establishment: net::ERR_SSL_PROTOCOL_ERROR @ http://[::1]:5173/node_modules/.vite/deps/pusher-js.js?v=78e615f6:3255
[48097316ms] [ERROR] WebSocket connection to 'wss://localhost:8081/app/app-key?protocol=7&client=js&version=8.4.0&flash=false' failed: Error in connection establishment: net::ERR_SSL_PROTOCOL_ERROR @ http://[::1]:5173/node_modules/.vite/deps/pusher-js.js?v=78e615f6:3255
[48157319ms] [ERROR] WebSocket connection to 'wss://localhost:8081/app/app-key?protocol=7&client=js&version=8.4.0&flash=false' failed: Error in connection establishment: net::ERR_SSL_PROTOCOL_ERROR @ http://[::1]:5173/node_modules/.vite/deps/pusher-js.js?v=78e615f6:3255
[48217322ms] [ERROR] WebSocket connection to 'wss://localhost:8081/app/app-key?protocol=7&client=js&version=8.4.0&flash=false' failed: Error in connection establishment: net::ERR_SSL_PROTOCOL_ERROR @ http://[::1]:5173/node_modules/.vite/deps/pusher-js.js?v=78e615f6:3255
[48277323ms] [ERROR] WebSocket connection to 'wss://localhost:8081/app/app-key?protocol=7&client=js&version=8.4.0&flash=false' failed: Error in connection establishment: net::ERR_SSL_PROTOCOL_ERROR @ http://[::1]:5173/node_modules/.vite/deps/pusher-js.js?v=78e615f6:3255
[48337326ms] [ERROR] WebSocket connection to 'wss://localhost:8081/app/app-key?protocol=7&client=js&version=8.4.0&flash=false' failed: Error in connection establishment: net::ERR_SSL_PROTOCOL_ERROR @ http://[::1]:5173/node_modules/.vite/deps/pusher-js.js?v=78e615f6:3255
[48397324ms] [ERROR] WebSocket connection to 'wss://localhost:8081/app/app-key?protocol=7&client=js&version=8.4.0&flash=false' failed: Error in connection establishment: net::ERR_SSL_PROTOCOL_ERROR @ http://[::1]:5173/node_modules/.vite/deps/pusher-js.js?v=78e615f6:3255
[48457330ms] [ERROR] WebSocket connection to 'wss://localhost:8081/app/app-key?protocol=7&client=js&version=8.4.0&flash=false' failed: Error in connection establishment: net::ERR_SSL_PROTOCOL_ERROR @ http://[::1]:5173/node_modules/.vite/deps/pusher-js.js?v=78e615f6:3255
[48517325ms] [ERROR] WebSocket connection to 'wss://localhost:8081/app/app-key?protocol=7&client=js&version=8.4.0&flash=false' failed: Error in connection establishment: net::ERR_SSL_PROTOCOL_ERROR @ http://[::1]:5173/node_modules/.vite/deps/pusher-js.js?v=78e615f6:3255
[48577330ms] [ERROR] WebSocket connection to 'wss://localhost:8081/app/app-key?protocol=7&client=js&version=8.4.0&flash=false' failed: Error in connection establishment: net::ERR_SSL_PROTOCOL_ERROR @ http://[::1]:5173/node_modules/.vite/deps/pusher-js.js?v=78e615f6:3255
[48637328ms] [ERROR] WebSocket connection to 'wss://localhost:8081/app/app-key?protocol=7&client=js&version=8.4.0&flash=false' failed: Error in connection establishment: net::ERR_SSL_PROTOCOL_ERROR @ http://[::1]:5173/node_modules/.vite/deps/pusher-js.js?v=78e615f6:3255
[48697331ms] [ERROR] WebSocket connection to 'wss://localhost:8081/app/app-key?protocol=7&client=js&version=8.4.0&flash=false' failed: Error in connection establishment: net::ERR_SSL_PROTOCOL_ERROR @ http://[::1]:5173/node_modules/.vite/deps/pusher-js.js?v=78e615f6:3255
[48757328ms] [ERROR] WebSocket connection to 'wss://localhost:8081/app/app-key?protocol=7&client=js&version=8.4.0&flash=false' failed: Error in connection establishment: net::ERR_SSL_PROTOCOL_ERROR @ http://[::1]:5173/node_modules/.vite/deps/pusher-js.js?v=78e615f6:3255
[48817337ms] [ERROR] WebSocket connection to 'wss://localhost:8081/app/app-key?protocol=7&client=js&version=8.4.0&flash=false' failed: Error in connection establishment: net::ERR_SSL_PROTOCOL_ERROR @ http://[::1]:5173/node_modules/.vite/deps/pusher-js.js?v=78e615f6:3255
[48877343ms] [ERROR] WebSocket connection to 'wss://localhost:8081/app/app-key?protocol=7&client=js&version=8.4.0&flash=false' failed: Error in connection establishment: net::ERR_SSL_PROTOCOL_ERROR @ http://[::1]:5173/node_modules/.vite/deps/pusher-js.js?v=78e615f6:3255
[48937348ms] [ERROR] WebSocket connection to 'wss://localhost:8081/app/app-key?protocol=7&client=js&version=8.4.0&flash=false' failed: Error in connection establishment: net::ERR_SSL_PROTOCOL_ERROR @ http://[::1]:5173/node_modules/.vite/deps/pusher-js.js?v=78e615f6:3255
[48997349ms] [ERROR] WebSocket connection to 'wss://localhost:8081/app/app-key?protocol=7&client=js&version=8.4.0&flash=false' failed: Error in connection establishment: net::ERR_SSL_PROTOCOL_ERROR @ http://[::1]:5173/node_modules/.vite/deps/pusher-js.js?v=78e615f6:3255
[49057348ms] [ERROR] WebSocket connection to 'wss://localhost:8081/app/app-key?protocol=7&client=js&version=8.4.0&flash=false' failed: Error in connection establishment: net::ERR_SSL_PROTOCOL_ERROR @ http://[::1]:5173/node_modules/.vite/deps/pusher-js.js?v=78e615f6:3255
[49117352ms] [ERROR] WebSocket connection to 'wss://localhost:8081/app/app-key?protocol=7&client=js&version=8.4.0&flash=false' failed: Error in connection establishment: net::ERR_SSL_PROTOCOL_ERROR @ http://[::1]:5173/node_modules/.vite/deps/pusher-js.js?v=78e615f6:3255
[49177348ms] [ERROR] WebSocket connection to 'wss://localhost:8081/app/app-key?protocol=7&client=js&version=8.4.0&flash=false' failed: Error in connection establishment: net::ERR_SSL_PROTOCOL_ERROR @ http://[::1]:5173/node_modules/.vite/deps/pusher-js.js?v=78e615f6:3255
[49237352ms] [ERROR] WebSocket connection to 'wss://localhost:8081/app/app-key?protocol=7&client=js&version=8.4.0&flash=false' failed: Error in connection establishment: net::ERR_SSL_PROTOCOL_ERROR @ http://[::1]:5173/node_modules/.vite/deps/pusher-js.js?v=78e615f6:3255
[49297354ms] [ERROR] WebSocket connection to 'wss://localhost:8081/app/app-key?protocol=7&client=js&version=8.4.0&flash=false' failed: Error in connection establishment: net::ERR_SSL_PROTOCOL_ERROR @ http://[::1]:5173/node_modules/.vite/deps/pusher-js.js?v=78e615f6:3255
[49357352ms] [ERROR] WebSocket connection to 'wss://localhost:8081/app/app-key?protocol=7&client=js&version=8.4.0&flash=false' failed: Error in connection establishment: net::ERR_SSL_PROTOCOL_ERROR @ http://[::1]:5173/node_modules/.vite/deps/pusher-js.js?v=78e615f6:3255
[49417355ms] [ERROR] WebSocket connection to 'wss://localhost:8081/app/app-key?protocol=7&client=js&version=8.4.0&flash=false' failed: Error in connection establishment: net::ERR_SSL_PROTOCOL_ERROR @ http://[::1]:5173/node_modules/.vite/deps/pusher-js.js?v=78e615f6:3255
[49477358ms] [ERROR] WebSocket connection to 'wss://localhost:8081/app/app-key?protocol=7&client=js&version=8.4.0&flash=false' failed: Error in connection establishment: net::ERR_SSL_PROTOCOL_ERROR @ http://[::1]:5173/node_modules/.vite/deps/pusher-js.js?v=78e615f6:3255
[49537356ms] [ERROR] WebSocket connection to 'wss://localhost:8081/app/app-key?protocol=7&client=js&version=8.4.0&flash=false' failed: Error in connection establishment: net::ERR_SSL_PROTOCOL_ERROR @ http://[::1]:5173/node_modules/.vite/deps/pusher-js.js?v=78e615f6:3255
[49597364ms] [ERROR] WebSocket connection to 'wss://localhost:8081/app/app-key?protocol=7&client=js&version=8.4.0&flash=false' failed: Error in connection establishment: net::ERR_SSL_PROTOCOL_ERROR @ http://[::1]:5173/node_modules/.vite/deps/pusher-js.js?v=78e615f6:3255
[49657363ms] [ERROR] WebSocket connection to 'wss://localhost:8081/app/app-key?protocol=7&client=js&version=8.4.0&flash=false' failed: Error in connection establishment: net::ERR_SSL_PROTOCOL_ERROR @ http://[::1]:5173/node_modules/.vite/deps/pusher-js.js?v=78e615f6:3255
[49717366ms] [ERROR] WebSocket connection to 'wss://localhost:8081/app/app-key?protocol=7&client=js&version=8.4.0&flash=false' failed: Error in connection establishment: net::ERR_SSL_PROTOCOL_ERROR @ http://[::1]:5173/node_modules/.vite/deps/pusher-js.js?v=78e615f6:3255
[49777362ms] [ERROR] WebSocket connection to 'wss://localhost:8081/app/app-key?protocol=7&client=js&version=8.4.0&flash=false' failed: Error in connection establishment: net::ERR_SSL_PROTOCOL_ERROR @ http://[::1]:5173/node_modules/.vite/deps/pusher-js.js?v=78e615f6:3255
[49837365ms] [ERROR] WebSocket connection to 'wss://localhost:8081/app/app-key?protocol=7&client=js&version=8.4.0&flash=false' failed: Error in connection establishment: net::ERR_SSL_PROTOCOL_ERROR @ http://[::1]:5173/node_modules/.vite/deps/pusher-js.js?v=78e615f6:3255
[49897370ms] [ERROR] WebSocket connection to 'wss://localhost:8081/app/app-key?protocol=7&client=js&version=8.4.0&flash=false' failed: Error in connection establishment: net::ERR_SSL_PROTOCOL_ERROR @ http://[::1]:5173/node_modules/.vite/deps/pusher-js.js?v=78e615f6:3255
[49957368ms] [ERROR] WebSocket connection to 'wss://localhost:8081/app/app-key?protocol=7&client=js&version=8.4.0&flash=false' failed: Error in connection establishment: net::ERR_SSL_PROTOCOL_ERROR @ http://[::1]:5173/node_modules/.vite/deps/pusher-js.js?v=78e615f6:3255
[50017370ms] [ERROR] WebSocket connection to 'wss://localhost:8081/app/app-key?protocol=7&client=js&version=8.4.0&flash=false' failed: Error in connection establishment: net::ERR_SSL_PROTOCOL_ERROR @ http://[::1]:5173/node_modules/.vite/deps/pusher-js.js?v=78e615f6:3255
[50077372ms] [ERROR] WebSocket connection to 'wss://localhost:8081/app/app-key?protocol=7&client=js&version=8.4.0&flash=false' failed: Error in connection establishment: net::ERR_SSL_PROTOCOL_ERROR @ http://[::1]:5173/node_modules/.vite/deps/pusher-js.js?v=78e615f6:3255
[50137369ms] [ERROR] WebSocket connection to 'wss://localhost:8081/app/app-key?protocol=7&client=js&version=8.4.0&flash=false' failed: Error in connection establishment: net::ERR_SSL_PROTOCOL_ERROR @ http://[::1]:5173/node_modules/.vite/deps/pusher-js.js?v=78e615f6:3255
[50197374ms] [ERROR] WebSocket connection to 'wss://localhost:8081/app/app-key?protocol=7&client=js&version=8.4.0&flash=false' failed: Error in connection establishment: net::ERR_SSL_PROTOCOL_ERROR @ http://[::1]:5173/node_modules/.vite/deps/pusher-js.js?v=78e615f6:3255
[50257377ms] [ERROR] WebSocket connection to 'wss://localhost:8081/app/app-key?protocol=7&client=js&version=8.4.0&flash=false' failed: Error in connection establishment: net::ERR_SSL_PROTOCOL_ERROR @ http://[::1]:5173/node_modules/.vite/deps/pusher-js.js?v=78e615f6:3255
[50317380ms] [ERROR] WebSocket connection to 'wss://localhost:8081/app/app-key?protocol=7&client=js&version=8.4.0&flash=false' failed: Error in connection establishment: net::ERR_SSL_PROTOCOL_ERROR @ http://[::1]:5173/node_modules/.vite/deps/pusher-js.js?v=78e615f6:3255
[50377380ms] [ERROR] WebSocket connection to 'wss://localhost:8081/app/app-key?protocol=7&client=js&version=8.4.0&flash=false' failed: Error in connection establishment: net::ERR_SSL_PROTOCOL_ERROR @ http://[::1]:5173/node_modules/.vite/deps/pusher-js.js?v=78e615f6:3255
[50437381ms] [ERROR] WebSocket connection to 'wss://localhost:8081/app/app-key?protocol=7&client=js&version=8.4.0&flash=false' failed: Error in connection establishment: net::ERR_SSL_PROTOCOL_ERROR @ http://[::1]:5173/node_modules/.vite/deps/pusher-js.js?v=78e615f6:3255
[50497385ms] [ERROR] WebSocket connection to 'wss://localhost:8081/app/app-key?protocol=7&client=js&version=8.4.0&flash=false' failed: Error in connection establishment: net::ERR_SSL_PROTOCOL_ERROR @ http://[::1]:5173/node_modules/.vite/deps/pusher-js.js?v=78e615f6:3255
[50557386ms] [ERROR] WebSocket connection to 'wss://localhost:8081/app/app-key?protocol=7&client=js&version=8.4.0&flash=false' failed: Error in connection establishment: net::ERR_SSL_PROTOCOL_ERROR @ http://[::1]:5173/node_modules/.vite/deps/pusher-js.js?v=78e615f6:3255
[50617385ms] [ERROR] WebSocket connection to 'wss://localhost:8081/app/app-key?protocol=7&client=js&version=8.4.0&flash=false' failed: Error in connection establishment: net::ERR_SSL_PROTOCOL_ERROR @ http://[::1]:5173/node_modules/.vite/deps/pusher-js.js?v=78e615f6:3255
[50677396ms] [ERROR] WebSocket connection to 'wss://localhost:8081/app/app-key?protocol=7&client=js&version=8.4.0&flash=false' failed: Error in connection establishment: net::ERR_SSL_PROTOCOL_ERROR @ http://[::1]:5173/node_modules/.vite/deps/pusher-js.js?v=78e615f6:3255
[50737371ms] [ERROR] WebSocket connection to 'wss://localhost:8081/app/app-key?protocol=7&client=js&version=8.4.0&flash=false' failed: Error in connection establishment: net::ERR_SSL_PROTOCOL_ERROR @ http://[::1]:5173/node_modules/.vite/deps/pusher-js.js?v=78e615f6:3255
[50797366ms] [ERROR] WebSocket connection to 'wss://localhost:8081/app/app-key?protocol=7&client=js&version=8.4.0&flash=false' failed: Error in connection establishment: net::ERR_SSL_PROTOCOL_ERROR @ http://[::1]:5173/node_modules/.vite/deps/pusher-js.js?v=78e615f6:3255
[50857365ms] [ERROR] WebSocket connection to 'wss://localhost:8081/app/app-key?protocol=7&client=js&version=8.4.0&flash=false' failed: Error in connection establishment: net::ERR_SSL_PROTOCOL_ERROR @ http://[::1]:5173/node_modules/.vite/deps/pusher-js.js?v=78e615f6:3255
[50917468ms] [ERROR] WebSocket connection to 'wss://localhost:8081/app/app-key?protocol=7&client=js&version=8.4.0&flash=false' failed: Error in connection establishment: net::ERR_SSL_PROTOCOL_ERROR @ http://[::1]:5173/node_modules/.vite/deps/pusher-js.js?v=78e615f6:3255
[50977367ms] [ERROR] WebSocket connection to 'wss://localhost:8081/app/app-key?protocol=7&client=js&version=8.4.0&flash=false' failed: Error in connection establishment: net::ERR_SSL_PROTOCOL_ERROR @ http://[::1]:5173/node_modules/.vite/deps/pusher-js.js?v=78e615f6:3255
[51037373ms] [ERROR] WebSocket connection to 'wss://localhost:8081/app/app-key?protocol=7&client=js&version=8.4.0&flash=false' failed: Error in connection establishment: net::ERR_SSL_PROTOCOL_ERROR @ http://[::1]:5173/node_modules/.vite/deps/pusher-js.js?v=78e615f6:3255
[51097372ms] [ERROR] WebSocket connection to 'wss://localhost:8081/app/app-key?protocol=7&client=js&version=8.4.0&flash=false' failed: Error in connection establishment: net::ERR_SSL_PROTOCOL_ERROR @ http://[::1]:5173/node_modules/.vite/deps/pusher-js.js?v=78e615f6:3255
[51157381ms] [ERROR] WebSocket connection to 'wss://localhost:8081/app/app-key?protocol=7&client=js&version=8.4.0&flash=false' failed: Error in connection establishment: net::ERR_SSL_PROTOCOL_ERROR @ http://[::1]:5173/node_modules/.vite/deps/pusher-js.js?v=78e615f6:3255
[51217377ms] [ERROR] WebSocket connection to 'wss://localhost:8081/app/app-key?protocol=7&client=js&version=8.4.0&flash=false' failed: Error in connection establishment: net::ERR_SSL_PROTOCOL_ERROR @ http://[::1]:5173/node_modules/.vite/deps/pusher-js.js?v=78e615f6:3255
[51277376ms] [ERROR] WebSocket connection to 'wss://localhost:8081/app/app-key?protocol=7&client=js&version=8.4.0&flash=false' failed: Error in connection establishment: net::ERR_SSL_PROTOCOL_ERROR @ http://[::1]:5173/node_modules/.vite/deps/pusher-js.js?v=78e615f6:3255
[51337379ms] [ERROR] WebSocket connection to 'wss://localhost:8081/app/app-key?protocol=7&client=js&version=8.4.0&flash=false' failed: Error in connection establishment: net::ERR_SSL_PROTOCOL_ERROR @ http://[::1]:5173/node_modules/.vite/deps/pusher-js.js?v=78e615f6:3255
[51397377ms] [ERROR] WebSocket connection to 'wss://localhost:8081/app/app-key?protocol=7&client=js&version=8.4.0&flash=false' failed: Error in connection establishment: net::ERR_SSL_PROTOCOL_ERROR @ http://[::1]:5173/node_modules/.vite/deps/pusher-js.js?v=78e615f6:3255
[51457377ms] [ERROR] WebSocket connection to 'wss://localhost:8081/app/app-key?protocol=7&client=js&version=8.4.0&flash=false' failed: Error in connection establishment: net::ERR_SSL_PROTOCOL_ERROR @ http://[::1]:5173/node_modules/.vite/deps/pusher-js.js?v=78e615f6:3255
[51517380ms] [ERROR] WebSocket connection to 'wss://localhost:8081/app/app-key?protocol=7&client=js&version=8.4.0&flash=false' failed: Error in connection establishment: net::ERR_SSL_PROTOCOL_ERROR @ http://[::1]:5173/node_modules/.vite/deps/pusher-js.js?v=78e615f6:3255
[51577379ms] [ERROR] WebSocket connection to 'wss://localhost:8081/app/app-key?protocol=7&client=js&version=8.4.0&flash=false' failed: Error in connection establishment: net::ERR_SSL_PROTOCOL_ERROR @ http://[::1]:5173/node_modules/.vite/deps/pusher-js.js?v=78e615f6:3255
[51637380ms] [ERROR] WebSocket connection to 'wss://localhost:8081/app/app-key?protocol=7&client=js&version=8.4.0&flash=false' failed: Error in connection establishment: net::ERR_SSL_PROTOCOL_ERROR @ http://[::1]:5173/node_modules/.vite/deps/pusher-js.js?v=78e615f6:3255
[51697383ms] [ERROR] WebSocket connection to 'wss://localhost:8081/app/app-key?protocol=7&client=js&version=8.4.0&flash=false' failed: Error in connection establishment: net::ERR_SSL_PROTOCOL_ERROR @ http://[::1]:5173/node_modules/.vite/deps/pusher-js.js?v=78e615f6:3255
[51757385ms] [ERROR] WebSocket connection to 'wss://localhost:8081/app/app-key?protocol=7&client=js&version=8.4.0&flash=false' failed: Error in connection establishment: net::ERR_SSL_PROTOCOL_ERROR @ http://[::1]:5173/node_modules/.vite/deps/pusher-js.js?v=78e615f6:3255
[51817391ms] [ERROR] WebSocket connection to 'wss://localhost:8081/app/app-key?protocol=7&client=js&version=8.4.0&flash=false' failed: Error in connection establishment: net::ERR_SSL_PROTOCOL_ERROR @ http://[::1]:5173/node_modules/.vite/deps/pusher-js.js?v=78e615f6:3255
[51877393ms] [ERROR] WebSocket connection to 'wss://localhost:8081/app/app-key?protocol=7&client=js&version=8.4.0&flash=false' failed: Error in connection establishment: net::ERR_SSL_PROTOCOL_ERROR @ http://[::1]:5173/node_modules/.vite/deps/pusher-js.js?v=78e615f6:3255
[51937387ms] [ERROR] WebSocket connection to 'wss://localhost:8081/app/app-key?protocol=7&client=js&version=8.4.0&flash=false' failed: Error in connection establishment: net::ERR_SSL_PROTOCOL_ERROR @ http://[::1]:5173/node_modules/.vite/deps/pusher-js.js?v=78e615f6:3255
[51997391ms] [ERROR] WebSocket connection to 'wss://localhost:8081/app/app-key?protocol=7&client=js&version=8.4.0&flash=false' failed: Error in connection establishment: net::ERR_SSL_PROTOCOL_ERROR @ http://[::1]:5173/node_modules/.vite/deps/pusher-js.js?v=78e615f6:3255
[52057387ms] [ERROR] WebSocket connection to 'wss://localhost:8081/app/app-key?protocol=7&client=js&version=8.4.0&flash=false' failed: Error in connection establishment: net::ERR_SSL_PROTOCOL_ERROR @ http://[::1]:5173/node_modules/.vite/deps/pusher-js.js?v=78e615f6:3255
[52117389ms] [ERROR] WebSocket connection to 'wss://localhost:8081/app/app-key?protocol=7&client=js&version=8.4.0&flash=false' failed: Error in connection establishment: net::ERR_SSL_PROTOCOL_ERROR @ http://[::1]:5173/node_modules/.vite/deps/pusher-js.js?v=78e615f6:3255
[52177394ms] [ERROR] WebSocket connection to 'wss://localhost:8081/app/app-key?protocol=7&client=js&version=8.4.0&flash=false' failed: Error in connection establishment: net::ERR_SSL_PROTOCOL_ERROR @ http://[::1]:5173/node_modules/.vite/deps/pusher-js.js?v=78e615f6:3255
[52237391ms] [ERROR] WebSocket connection to 'wss://localhost:8081/app/app-key?protocol=7&client=js&version=8.4.0&flash=false' failed: Error in connection establishment: net::ERR_SSL_PROTOCOL_ERROR @ http://[::1]:5173/node_modules/.vite/deps/pusher-js.js?v=78e615f6:3255
[52297396ms] [ERROR] WebSocket connection to 'wss://localhost:8081/app/app-key?protocol=7&client=js&version=8.4.0&flash=false' failed: Error in connection establishment: net::ERR_SSL_PROTOCOL_ERROR @ http://[::1]:5173/node_modules/.vite/deps/pusher-js.js?v=78e615f6:3255
[52357395ms] [ERROR] WebSocket connection to 'wss://localhost:8081/app/app-key?protocol=7&client=js&version=8.4.0&flash=false' failed: Error in connection establishment: net::ERR_SSL_PROTOCOL_ERROR @ http://[::1]:5173/node_modules/.vite/deps/pusher-js.js?v=78e615f6:3255
[52417401ms] [ERROR] WebSocket connection to 'wss://localhost:8081/app/app-key?protocol=7&client=js&version=8.4.0&flash=false' failed: Error in connection establishment: net::ERR_SSL_PROTOCOL_ERROR @ http://[::1]:5173/node_modules/.vite/deps/pusher-js.js?v=78e615f6:3255
[52477395ms] [ERROR] WebSocket connection to 'wss://localhost:8081/app/app-key?protocol=7&client=js&version=8.4.0&flash=false' failed: Error in connection establishment: net::ERR_SSL_PROTOCOL_ERROR @ http://[::1]:5173/node_modules/.vite/deps/pusher-js.js?v=78e615f6:3255
[52537396ms] [ERROR] WebSocket connection to 'wss://localhost:8081/app/app-key?protocol=7&client=js&version=8.4.0&flash=false' failed: Error in connection establishment: net::ERR_SSL_PROTOCOL_ERROR @ http://[::1]:5173/node_modules/.vite/deps/pusher-js.js?v=78e615f6:3255
[52597399ms] [ERROR] WebSocket connection to 'wss://localhost:8081/app/app-key?protocol=7&client=js&version=8.4.0&flash=false' failed: Error in connection establishment: net::ERR_SSL_PROTOCOL_ERROR @ http://[::1]:5173/node_modules/.vite/deps/pusher-js.js?v=78e615f6:3255
[52657412ms] [ERROR] WebSocket connection to 'wss://localhost:8081/app/app-key?protocol=7&client=js&version=8.4.0&flash=false' failed: Error in connection establishment: net::ERR_SSL_PROTOCOL_ERROR @ http://[::1]:5173/node_modules/.vite/deps/pusher-js.js?v=78e615f6:3255
[52717427ms] [ERROR] WebSocket connection to 'wss://localhost:8081/app/app-key?protocol=7&client=js&version=8.4.0&flash=false' failed: Error in connection establishment: net::ERR_SSL_PROTOCOL_ERROR @ http://[::1]:5173/node_modules/.vite/deps/pusher-js.js?v=78e615f6:3255
[52777433ms] [ERROR] WebSocket connection to 'wss://localhost:8081/app/app-key?protocol=7&client=js&version=8.4.0&flash=false' failed: Error in connection establishment: net::ERR_SSL_PROTOCOL_ERROR @ http://[::1]:5173/node_modules/.vite/deps/pusher-js.js?v=78e615f6:3255
[52837437ms] [ERROR] WebSocket connection to 'wss://localhost:8081/app/app-key?protocol=7&client=js&version=8.4.0&flash=false' failed: Error in connection establishment: net::ERR_SSL_PROTOCOL_ERROR @ http://[::1]:5173/node_modules/.vite/deps/pusher-js.js?v=78e615f6:3255
[52897438ms] [ERROR] WebSocket connection to 'wss://localhost:8081/app/app-key?protocol=7&client=js&version=8.4.0&flash=false' failed: Error in connection establishment: net::ERR_SSL_PROTOCOL_ERROR @ http://[::1]:5173/node_modules/.vite/deps/pusher-js.js?v=78e615f6:3255
[52957439ms] [ERROR] WebSocket connection to 'wss://localhost:8081/app/app-key?protocol=7&client=js&version=8.4.0&flash=false' failed: Error in connection establishment: net::ERR_SSL_PROTOCOL_ERROR @ http://[::1]:5173/node_modules/.vite/deps/pusher-js.js?v=78e615f6:3255
[53017438ms] [ERROR] WebSocket connection to 'wss://localhost:8081/app/app-key?protocol=7&client=js&version=8.4.0&flash=false' failed: Error in connection establishment: net::ERR_SSL_PROTOCOL_ERROR @ http://[::1]:5173/node_modules/.vite/deps/pusher-js.js?v=78e615f6:3255
[53077448ms] [ERROR] WebSocket connection to 'wss://localhost:8081/app/app-key?protocol=7&client=js&version=8.4.0&flash=false' failed: Error in connection establishment: net::ERR_SSL_PROTOCOL_ERROR @ http://[::1]:5173/node_modules/.vite/deps/pusher-js.js?v=78e615f6:3255
[53137442ms] [ERROR] WebSocket connection to 'wss://localhost:8081/app/app-key?protocol=7&client=js&version=8.4.0&flash=false' failed: Error in connection establishment: net::ERR_SSL_PROTOCOL_ERROR @ http://[::1]:5173/node_modules/.vite/deps/pusher-js.js?v=78e615f6:3255
[53197450ms] [ERROR] WebSocket connection to 'wss://localhost:8081/app/app-key?protocol=7&client=js&version=8.4.0&flash=false' failed: Error in connection establishment: net::ERR_SSL_PROTOCOL_ERROR @ http://[::1]:5173/node_modules/.vite/deps/pusher-js.js?v=78e615f6:3255
[53257451ms] [ERROR] WebSocket connection to 'wss://localhost:8081/app/app-key?protocol=7&client=js&version=8.4.0&flash=false' failed: Error in connection establishment: net::ERR_SSL_PROTOCOL_ERROR @ http://[::1]:5173/node_modules/.vite/deps/pusher-js.js?v=78e615f6:3255
[53317451ms] [ERROR] WebSocket connection to 'wss://localhost:8081/app/app-key?protocol=7&client=js&version=8.4.0&flash=false' failed: Error in connection establishment: net::ERR_SSL_PROTOCOL_ERROR @ http://[::1]:5173/node_modules/.vite/deps/pusher-js.js?v=78e615f6:3255
[53377463ms] [ERROR] WebSocket connection to 'wss://localhost:8081/app/app-key?protocol=7&client=js&version=8.4.0&flash=false' failed: Error in connection establishment: net::ERR_SSL_PROTOCOL_ERROR @ http://[::1]:5173/node_modules/.vite/deps/pusher-js.js?v=78e615f6:3255
[53437459ms] [ERROR] WebSocket connection to 'wss://localhost:8081/app/app-key?protocol=7&client=js&version=8.4.0&flash=false' failed: Error in connection establishment: net::ERR_SSL_PROTOCOL_ERROR @ http://[::1]:5173/node_modules/.vite/deps/pusher-js.js?v=78e615f6:3255
[53497456ms] [ERROR] WebSocket connection to 'wss://localhost:8081/app/app-key?protocol=7&client=js&version=8.4.0&flash=false' failed: Error in connection establishment: net::ERR_SSL_PROTOCOL_ERROR @ http://[::1]:5173/node_modules/.vite/deps/pusher-js.js?v=78e615f6:3255
[53557458ms] [ERROR] WebSocket connection to 'wss://localhost:8081/app/app-key?protocol=7&client=js&version=8.4.0&flash=false' failed: Error in connection establishment: net::ERR_SSL_PROTOCOL_ERROR @ http://[::1]:5173/node_modules/.vite/deps/pusher-js.js?v=78e615f6:3255
[53617468ms] [ERROR] WebSocket connection to 'wss://localhost:8081/app/app-key?protocol=7&client=js&version=8.4.0&flash=false' failed: Error in connection establishment: net::ERR_SSL_PROTOCOL_ERROR @ http://[::1]:5173/node_modules/.vite/deps/pusher-js.js?v=78e615f6:3255
[53677465ms] [ERROR] WebSocket connection to 'wss://localhost:8081/app/app-key?protocol=7&client=js&version=8.4.0&flash=false' failed: Error in connection establishment: net::ERR_SSL_PROTOCOL_ERROR @ http://[::1]:5173/node_modules/.vite/deps/pusher-js.js?v=78e615f6:3255
[53737477ms] [ERROR] WebSocket connection to 'wss://localhost:8081/app/app-key?protocol=7&client=js&version=8.4.0&flash=false' failed: Error in connection establishment: net::ERR_SSL_PROTOCOL_ERROR @ http://[::1]:5173/node_modules/.vite/deps/pusher-js.js?v=78e615f6:3255
[53797473ms] [ERROR] WebSocket connection to 'wss://localhost:8081/app/app-key?protocol=7&client=js&version=8.4.0&flash=false' failed: Error in connection establishment: net::ERR_SSL_PROTOCOL_ERROR @ http://[::1]:5173/node_modules/.vite/deps/pusher-js.js?v=78e615f6:3255
[53857478ms] [ERROR] WebSocket connection to 'wss://localhost:8081/app/app-key?protocol=7&client=js&version=8.4.0&flash=false' failed: Error in connection establishment: net::ERR_SSL_PROTOCOL_ERROR @ http://[::1]:5173/node_modules/.vite/deps/pusher-js.js?v=78e615f6:3255
[53917473ms] [ERROR] WebSocket connection to 'wss://localhost:8081/app/app-key?protocol=7&client=js&version=8.4.0&flash=false' failed: Error in connection establishment: net::ERR_SSL_PROTOCOL_ERROR @ http://[::1]:5173/node_modules/.vite/deps/pusher-js.js?v=78e615f6:3255
[53977477ms] [ERROR] WebSocket connection to 'wss://localhost:8081/app/app-key?protocol=7&client=js&version=8.4.0&flash=false' failed: Error in connection establishment: net::ERR_SSL_PROTOCOL_ERROR @ http://[::1]:5173/node_modules/.vite/deps/pusher-js.js?v=78e615f6:3255
[54037481ms] [ERROR] WebSocket connection to 'wss://localhost:8081/app/app-key?protocol=7&client=js&version=8.4.0&flash=false' failed: Error in connection establishment: net::ERR_SSL_PROTOCOL_ERROR @ http://[::1]:5173/node_modules/.vite/deps/pusher-js.js?v=78e615f6:3255
[54097479ms] [ERROR] WebSocket connection to 'wss://localhost:8081/app/app-key?protocol=7&client=js&version=8.4.0&flash=false' failed: Error in connection establishment: net::ERR_SSL_PROTOCOL_ERROR @ http://[::1]:5173/node_modules/.vite/deps/pusher-js.js?v=78e615f6:3255
[54157481ms] [ERROR] WebSocket connection to 'wss://localhost:8081/app/app-key?protocol=7&client=js&version=8.4.0&flash=false' failed: Error in connection establishment: net::ERR_SSL_PROTOCOL_ERROR @ http://[::1]:5173/node_modules/.vite/deps/pusher-js.js?v=78e615f6:3255
[54217490ms] [ERROR] WebSocket connection to 'wss://localhost:8081/app/app-key?protocol=7&client=js&version=8.4.0&flash=false' failed: Error in connection establishment: net::ERR_SSL_PROTOCOL_ERROR @ http://[::1]:5173/node_modules/.vite/deps/pusher-js.js?v=78e615f6:3255
[54277481ms] [ERROR] WebSocket connection to 'wss://localhost:8081/app/app-key?protocol=7&client=js&version=8.4.0&flash=false' failed: Error in connection establishment: net::ERR_SSL_PROTOCOL_ERROR @ http://[::1]:5173/node_modules/.vite/deps/pusher-js.js?v=78e615f6:3255
[54337485ms] [ERROR] WebSocket connection to 'wss://localhost:8081/app/app-key?protocol=7&client=js&version=8.4.0&flash=false' failed: Error in connection establishment: net::ERR_SSL_PROTOCOL_ERROR @ http://[::1]:5173/node_modules/.vite/deps/pusher-js.js?v=78e615f6:3255
[54397489ms] [ERROR] WebSocket connection to 'wss://localhost:8081/app/app-key?protocol=7&client=js&version=8.4.0&flash=false' failed: Error in connection establishment: net::ERR_SSL_PROTOCOL_ERROR @ http://[::1]:5173/node_modules/.vite/deps/pusher-js.js?v=78e615f6:3255
[54457488ms] [ERROR] WebSocket connection to 'wss://localhost:8081/app/app-key?protocol=7&client=js&version=8.4.0&flash=false' failed: Error in connection establishment: net::ERR_SSL_PROTOCOL_ERROR @ http://[::1]:5173/node_modules/.vite/deps/pusher-js.js?v=78e615f6:3255
[54517497ms] [ERROR] WebSocket connection to 'wss://localhost:8081/app/app-key?protocol=7&client=js&version=8.4.0&flash=false' failed: Error in connection establishment: net::ERR_SSL_PROTOCOL_ERROR @ http://[::1]:5173/node_modules/.vite/deps/pusher-js.js?v=78e615f6:3255
[54577494ms] [ERROR] WebSocket connection to 'wss://localhost:8081/app/app-key?protocol=7&client=js&version=8.4.0&flash=false' failed: Error in connection establishment: net::ERR_SSL_PROTOCOL_ERROR @ http://[::1]:5173/node_modules/.vite/deps/pusher-js.js?v=78e615f6:3255
[54637490ms] [ERROR] WebSocket connection to 'wss://localhost:8081/app/app-key?protocol=7&client=js&version=8.4.0&flash=false' failed: Error in connection establishment: net::ERR_SSL_PROTOCOL_ERROR @ http://[::1]:5173/node_modules/.vite/deps/pusher-js.js?v=78e615f6:3255
[54697473ms] [ERROR] WebSocket connection to 'wss://localhost:8081/app/app-key?protocol=7&client=js&version=8.4.0&flash=false' failed: Error in connection establishment: net::ERR_SSL_PROTOCOL_ERROR @ http://[::1]:5173/node_modules/.vite/deps/pusher-js.js?v=78e615f6:3255
[54757474ms] [ERROR] WebSocket connection to 'wss://localhost:8081/app/app-key?protocol=7&client=js&version=8.4.0&flash=false' failed: Error in connection establishment: net::ERR_SSL_PROTOCOL_ERROR @ http://[::1]:5173/node_modules/.vite/deps/pusher-js.js?v=78e615f6:3255
[54817477ms] [ERROR] WebSocket connection to 'wss://localhost:8081/app/app-key?protocol=7&client=js&version=8.4.0&flash=false' failed: Error in connection establishment: net::ERR_SSL_PROTOCOL_ERROR @ http://[::1]:5173/node_modules/.vite/deps/pusher-js.js?v=78e615f6:3255
[54877473ms] [ERROR] WebSocket connection to 'wss://localhost:8081/app/app-key?protocol=7&client=js&version=8.4.0&flash=false' failed: Error in connection establishment: net::ERR_SSL_PROTOCOL_ERROR @ http://[::1]:5173/node_modules/.vite/deps/pusher-js.js?v=78e615f6:3255
[54937479ms] [ERROR] WebSocket connection to 'wss://localhost:8081/app/app-key?protocol=7&client=js&version=8.4.0&flash=false' failed: Error in connection establishment: net::ERR_SSL_PROTOCOL_ERROR @ http://[::1]:5173/node_modules/.vite/deps/pusher-js.js?v=78e615f6:3255
[54997478ms] [ERROR] WebSocket connection to 'wss://localhost:8081/app/app-key?protocol=7&client=js&version=8.4.0&flash=false' failed: Error in connection establishment: net::ERR_SSL_PROTOCOL_ERROR @ http://[::1]:5173/node_modules/.vite/deps/pusher-js.js?v=78e615f6:3255
[55057478ms] [ERROR] WebSocket connection to 'wss://localhost:8081/app/app-key?protocol=7&client=js&version=8.4.0&flash=false' failed: Error in connection establishment: net::ERR_SSL_PROTOCOL_ERROR @ http://[::1]:5173/node_modules/.vite/deps/pusher-js.js?v=78e615f6:3255
[55117483ms] [ERROR] WebSocket connection to 'wss://localhost:8081/app/app-key?protocol=7&client=js&version=8.4.0&flash=false' failed: Error in connection establishment: net::ERR_SSL_PROTOCOL_ERROR @ http://[::1]:5173/node_modules/.vite/deps/pusher-js.js?v=78e615f6:3255
[55177490ms] [ERROR] WebSocket connection to 'wss://localhost:8081/app/app-key?protocol=7&client=js&version=8.4.0&flash=false' failed: Error in connection establishment: net::ERR_SSL_PROTOCOL_ERROR @ http://[::1]:5173/node_modules/.vite/deps/pusher-js.js?v=78e615f6:3255
[55237486ms] [ERROR] WebSocket connection to 'wss://localhost:8081/app/app-key?protocol=7&client=js&version=8.4.0&flash=false' failed: Error in connection establishment: net::ERR_SSL_PROTOCOL_ERROR @ http://[::1]:5173/node_modules/.vite/deps/pusher-js.js?v=78e615f6:3255
[55297490ms] [ERROR] WebSocket connection to 'wss://localhost:8081/app/app-key?protocol=7&client=js&version=8.4.0&flash=false' failed: Error in connection establishment: net::ERR_SSL_PROTOCOL_ERROR @ http://[::1]:5173/node_modules/.vite/deps/pusher-js.js?v=78e615f6:3255
[55357490ms] [ERROR] WebSocket connection to 'wss://localhost:8081/app/app-key?protocol=7&client=js&version=8.4.0&flash=false' failed: Error in connection establishment: net::ERR_SSL_PROTOCOL_ERROR @ http://[::1]:5173/node_modules/.vite/deps/pusher-js.js?v=78e615f6:3255
[55417489ms] [ERROR] WebSocket connection to 'wss://localhost:8081/app/app-key?protocol=7&client=js&version=8.4.0&flash=false' failed: Error in connection establishment: net::ERR_SSL_PROTOCOL_ERROR @ http://[::1]:5173/node_modules/.vite/deps/pusher-js.js?v=78e615f6:3255
[55477492ms] [ERROR] WebSocket connection to 'wss://localhost:8081/app/app-key?protocol=7&client=js&version=8.4.0&flash=false' failed: Error in connection establishment: net::ERR_SSL_PROTOCOL_ERROR @ http://[::1]:5173/node_modules/.vite/deps/pusher-js.js?v=78e615f6:3255
[55537495ms] [ERROR] WebSocket connection to 'wss://localhost:8081/app/app-key?protocol=7&client=js&version=8.4.0&flash=false' failed: Error in connection establishment: net::ERR_SSL_PROTOCOL_ERROR @ http://[::1]:5173/node_modules/.vite/deps/pusher-js.js?v=78e615f6:3255
[55597494ms] [ERROR] WebSocket connection to 'wss://localhost:8081/app/app-key?protocol=7&client=js&version=8.4.0&flash=false' failed: Error in connection establishment: net::ERR_SSL_PROTOCOL_ERROR @ http://[::1]:5173/node_modules/.vite/deps/pusher-js.js?v=78e615f6:3255
[55657495ms] [ERROR] WebSocket connection to 'wss://localhost:8081/app/app-key?protocol=7&client=js&version=8.4.0&flash=false' failed: Error in connection establishment: net::ERR_SSL_PROTOCOL_ERROR @ http://[::1]:5173/node_modules/.vite/deps/pusher-js.js?v=78e615f6:3255
[55717498ms] [ERROR] WebSocket connection to 'wss://localhost:8081/app/app-key?protocol=7&client=js&version=8.4.0&flash=false' failed: Error in connection establishment: net::ERR_SSL_PROTOCOL_ERROR @ http://[::1]:5173/node_modules/.vite/deps/pusher-js.js?v=78e615f6:3255
[55777495ms] [ERROR] WebSocket connection to 'wss://localhost:8081/app/app-key?protocol=7&client=js&version=8.4.0&flash=false' failed: Error in connection establishment: net::ERR_SSL_PROTOCOL_ERROR @ http://[::1]:5173/node_modules/.vite/deps/pusher-js.js?v=78e615f6:3255
[55837496ms] [ERROR] WebSocket connection to 'wss://localhost:8081/app/app-key?protocol=7&client=js&version=8.4.0&flash=false' failed: Error in connection establishment: net::ERR_SSL_PROTOCOL_ERROR @ http://[::1]:5173/node_modules/.vite/deps/pusher-js.js?v=78e615f6:3255
[55897505ms] [ERROR] WebSocket connection to 'wss://localhost:8081/app/app-key?protocol=7&client=js&version=8.4.0&flash=false' failed: Error in connection establishment: net::ERR_SSL_PROTOCOL_ERROR @ http://[::1]:5173/node_modules/.vite/deps/pusher-js.js?v=78e615f6:3255
[55957505ms] [ERROR] WebSocket connection to 'wss://localhost:8081/app/app-key?protocol=7&client=js&version=8.4.0&flash=false' failed: Error in connection establishment: net::ERR_SSL_PROTOCOL_ERROR @ http://[::1]:5173/node_modules/.vite/deps/pusher-js.js?v=78e615f6:3255
[56017505ms] [ERROR] WebSocket connection to 'wss://localhost:8081/app/app-key?protocol=7&client=js&version=8.4.0&flash=false' failed: Error in connection establishment: net::ERR_SSL_PROTOCOL_ERROR @ http://[::1]:5173/node_modules/.vite/deps/pusher-js.js?v=78e615f6:3255
[56077509ms] [ERROR] WebSocket connection to 'wss://localhost:8081/app/app-key?protocol=7&client=js&version=8.4.0&flash=false' failed: Error in connection establishment: net::ERR_SSL_PROTOCOL_ERROR @ http://[::1]:5173/node_modules/.vite/deps/pusher-js.js?v=78e615f6:3255
[56137506ms] [ERROR] WebSocket connection to 'wss://localhost:8081/app/app-key?protocol=7&client=js&version=8.4.0&flash=false' failed: Error in connection establishment: net::ERR_SSL_PROTOCOL_ERROR @ http://[::1]:5173/node_modules/.vite/deps/pusher-js.js?v=78e615f6:3255
[56197508ms] [ERROR] WebSocket connection to 'wss://localhost:8081/app/app-key?protocol=7&client=js&version=8.4.0&flash=false' failed: Error in connection establishment: net::ERR_SSL_PROTOCOL_ERROR @ http://[::1]:5173/node_modules/.vite/deps/pusher-js.js?v=78e615f6:3255
[56257512ms] [ERROR] WebSocket connection to 'wss://localhost:8081/app/app-key?protocol=7&client=js&version=8.4.0&flash=false' failed: Error in connection establishment: net::ERR_SSL_PROTOCOL_ERROR @ http://[::1]:5173/node_modules/.vite/deps/pusher-js.js?v=78e615f6:3255
[56317509ms] [ERROR] WebSocket connection to 'wss://localhost:8081/app/app-key?protocol=7&client=js&version=8.4.0&flash=false' failed: Error in connection establishment: net::ERR_SSL_PROTOCOL_ERROR @ http://[::1]:5173/node_modules/.vite/deps/pusher-js.js?v=78e615f6:3255
[56377510ms] [ERROR] WebSocket connection to 'wss://localhost:8081/app/app-key?protocol=7&client=js&version=8.4.0&flash=false' failed: Error in connection establishment: net::ERR_SSL_PROTOCOL_ERROR @ http://[::1]:5173/node_modules/.vite/deps/pusher-js.js?v=78e615f6:3255
[56437515ms] [ERROR] WebSocket connection to 'wss://localhost:8081/app/app-key?protocol=7&client=js&version=8.4.0&flash=false' failed: Error in connection establishment: net::ERR_SSL_PROTOCOL_ERROR @ http://[::1]:5173/node_modules/.vite/deps/pusher-js.js?v=78e615f6:3255
[56497511ms] [ERROR] WebSocket connection to 'wss://localhost:8081/app/app-key?protocol=7&client=js&version=8.4.0&flash=false' failed: Error in connection establishment: net::ERR_SSL_PROTOCOL_ERROR @ http://[::1]:5173/node_modules/.vite/deps/pusher-js.js?v=78e615f6:3255
[56557516ms] [ERROR] WebSocket connection to 'wss://localhost:8081/app/app-key?protocol=7&client=js&version=8.4.0&flash=false' failed: Error in connection establishment: net::ERR_SSL_PROTOCOL_ERROR @ http://[::1]:5173/node_modules/.vite/deps/pusher-js.js?v=78e615f6:3255
[56617516ms] [ERROR] WebSocket connection to 'wss://localhost:8081/app/app-key?protocol=7&client=js&version=8.4.0&flash=false' failed: Error in connection establishment: net::ERR_SSL_PROTOCOL_ERROR @ http://[::1]:5173/node_modules/.vite/deps/pusher-js.js?v=78e615f6:3255
[56677518ms] [ERROR] WebSocket connection to 'wss://localhost:8081/app/app-key?protocol=7&client=js&version=8.4.0&flash=false' failed: Error in connection establishment: net::ERR_SSL_PROTOCOL_ERROR @ http://[::1]:5173/node_modules/.vite/deps/pusher-js.js?v=78e615f6:3255
[56737515ms] [ERROR] WebSocket connection to 'wss://localhost:8081/app/app-key?protocol=7&client=js&version=8.4.0&flash=false' failed: Error in connection establishment: net::ERR_SSL_PROTOCOL_ERROR @ http://[::1]:5173/node_modules/.vite/deps/pusher-js.js?v=78e615f6:3255
[56797521ms] [ERROR] WebSocket connection to 'wss://localhost:8081/app/app-key?protocol=7&client=js&version=8.4.0&flash=false' failed: Error in connection establishment: net::ERR_SSL_PROTOCOL_ERROR @ http://[::1]:5173/node_modules/.vite/deps/pusher-js.js?v=78e615f6:3255
[56857515ms] [ERROR] WebSocket connection to 'wss://localhost:8081/app/app-key?protocol=7&client=js&version=8.4.0&flash=false' failed: Error in connection establishment: net::ERR_SSL_PROTOCOL_ERROR @ http://[::1]:5173/node_modules/.vite/deps/pusher-js.js?v=78e615f6:3255
[56917519ms] [ERROR] WebSocket connection to 'wss://localhost:8081/app/app-key?protocol=7&client=js&version=8.4.0&flash=false' failed: Error in connection establishment: net::ERR_SSL_PROTOCOL_ERROR @ http://[::1]:5173/node_modules/.vite/deps/pusher-js.js?v=78e615f6:3255
[56977515ms] [ERROR] WebSocket connection to 'wss://localhost:8081/app/app-key?protocol=7&client=js&version=8.4.0&flash=false' failed: Error in connection establishment: net::ERR_SSL_PROTOCOL_ERROR @ http://[::1]:5173/node_modules/.vite/deps/pusher-js.js?v=78e615f6:3255
[57037525ms] [ERROR] WebSocket connection to 'wss://localhost:8081/app/app-key?protocol=7&client=js&version=8.4.0&flash=false' failed: Error in connection establishment: net::ERR_SSL_PROTOCOL_ERROR @ http://[::1]:5173/node_modules/.vite/deps/pusher-js.js?v=78e615f6:3255
[57097522ms] [ERROR] WebSocket connection to 'wss://localhost:8081/app/app-key?protocol=7&client=js&version=8.4.0&flash=false' failed: Error in connection establishment: net::ERR_SSL_PROTOCOL_ERROR @ http://[::1]:5173/node_modules/.vite/deps/pusher-js.js?v=78e615f6:3255
[57157526ms] [ERROR] WebSocket connection to 'wss://localhost:8081/app/app-key?protocol=7&client=js&version=8.4.0&flash=false' failed: Error in connection establishment: net::ERR_SSL_PROTOCOL_ERROR @ http://[::1]:5173/node_modules/.vite/deps/pusher-js.js?v=78e615f6:3255
[57217528ms] [ERROR] WebSocket connection to 'wss://localhost:8081/app/app-key?protocol=7&client=js&version=8.4.0&flash=false' failed: Error in connection establishment: net::ERR_SSL_PROTOCOL_ERROR @ http://[::1]:5173/node_modules/.vite/deps/pusher-js.js?v=78e615f6:3255
[57277527ms] [ERROR] WebSocket connection to 'wss://localhost:8081/app/app-key?protocol=7&client=js&version=8.4.0&flash=false' failed: Error in connection establishment: net::ERR_SSL_PROTOCOL_ERROR @ http://[::1]:5173/node_modules/.vite/deps/pusher-js.js?v=78e615f6:3255
[57337529ms] [ERROR] WebSocket connection to 'wss://localhost:8081/app/app-key?protocol=7&client=js&version=8.4.0&flash=false' failed: Error in connection establishment: net::ERR_SSL_PROTOCOL_ERROR @ http://[::1]:5173/node_modules/.vite/deps/pusher-js.js?v=78e615f6:3255
[57397524ms] [ERROR] WebSocket connection to 'wss://localhost:8081/app/app-key?protocol=7&client=js&version=8.4.0&flash=false' failed: Error in connection establishment: net::ERR_SSL_PROTOCOL_ERROR @ http://[::1]:5173/node_modules/.vite/deps/pusher-js.js?v=78e615f6:3255
[57457528ms] [ERROR] WebSocket connection to 'wss://localhost:8081/app/app-key?protocol=7&client=js&version=8.4.0&flash=false' failed: Error in connection establishment: net::ERR_SSL_PROTOCOL_ERROR @ http://[::1]:5173/node_modules/.vite/deps/pusher-js.js?v=78e615f6:3255
[57517531ms] [ERROR] WebSocket connection to 'wss://localhost:8081/app/app-key?protocol=7&client=js&version=8.4.0&flash=false' failed: Error in connection establishment: net::ERR_SSL_PROTOCOL_ERROR @ http://[::1]:5173/node_modules/.vite/deps/pusher-js.js?v=78e615f6:3255
[57577534ms] [ERROR] WebSocket connection to 'wss://localhost:8081/app/app-key?protocol=7&client=js&version=8.4.0&flash=false' failed: Error in connection establishment: net::ERR_SSL_PROTOCOL_ERROR @ http://[::1]:5173/node_modules/.vite/deps/pusher-js.js?v=78e615f6:3255
[57637535ms] [ERROR] WebSocket connection to 'wss://localhost:8081/app/app-key?protocol=7&client=js&version=8.4.0&flash=false' failed: Error in connection establishment: net::ERR_SSL_PROTOCOL_ERROR @ http://[::1]:5173/node_modules/.vite/deps/pusher-js.js?v=78e615f6:3255
[57697542ms] [ERROR] WebSocket connection to 'wss://localhost:8081/app/app-key?protocol=7&client=js&version=8.4.0&flash=false' failed: Error in connection establishment: net::ERR_SSL_PROTOCOL_ERROR @ http://[::1]:5173/node_modules/.vite/deps/pusher-js.js?v=78e615f6:3255
[57757533ms] [ERROR] WebSocket connection to 'wss://localhost:8081/app/app-key?protocol=7&client=js&version=8.4.0&flash=false' failed: Error in connection establishment: net::ERR_SSL_PROTOCOL_ERROR @ http://[::1]:5173/node_modules/.vite/deps/pusher-js.js?v=78e615f6:3255
[57817534ms] [ERROR] WebSocket connection to 'wss://localhost:8081/app/app-key?protocol=7&client=js&version=8.4.0&flash=false' failed: Error in connection establishment: net::ERR_SSL_PROTOCOL_ERROR @ http://[::1]:5173/node_modules/.vite/deps/pusher-js.js?v=78e615f6:3255
[57877540ms] [ERROR] WebSocket connection to 'wss://localhost:8081/app/app-key?protocol=7&client=js&version=8.4.0&flash=false' failed: Error in connection establishment: net::ERR_SSL_PROTOCOL_ERROR @ http://[::1]:5173/node_modules/.vite/deps/pusher-js.js?v=78e615f6:3255
[57937543ms] [ERROR] WebSocket connection to 'wss://localhost:8081/app/app-key?protocol=7&client=js&version=8.4.0&flash=false' failed: Error in connection establishment: net::ERR_SSL_PROTOCOL_ERROR @ http://[::1]:5173/node_modules/.vite/deps/pusher-js.js?v=78e615f6:3255
[57997541ms] [ERROR] WebSocket connection to 'wss://localhost:8081/app/app-key?protocol=7&client=js&version=8.4.0&flash=false' failed: Error in connection establishment: net::ERR_SSL_PROTOCOL_ERROR @ http://[::1]:5173/node_modules/.vite/deps/pusher-js.js?v=78e615f6:3255
[58057541ms] [ERROR] WebSocket connection to 'wss://localhost:8081/app/app-key?protocol=7&client=js&version=8.4.0&flash=false' failed: Error in connection establishment: net::ERR_SSL_PROTOCOL_ERROR @ http://[::1]:5173/node_modules/.vite/deps/pusher-js.js?v=78e615f6:3255
[58117544ms] [ERROR] WebSocket connection to 'wss://localhost:8081/app/app-key?protocol=7&client=js&version=8.4.0&flash=false' failed: Error in connection establishment: net::ERR_SSL_PROTOCOL_ERROR @ http://[::1]:5173/node_modules/.vite/deps/pusher-js.js?v=78e615f6:3255
[58177546ms] [ERROR] WebSocket connection to 'wss://localhost:8081/app/app-key?protocol=7&client=js&version=8.4.0&flash=false' failed: Error in connection establishment: net::ERR_SSL_PROTOCOL_ERROR @ http://[::1]:5173/node_modules/.vite/deps/pusher-js.js?v=78e615f6:3255
[58237547ms] [ERROR] WebSocket connection to 'wss://localhost:8081/app/app-key?protocol=7&client=js&version=8.4.0&flash=false' failed: Error in connection establishment: net::ERR_SSL_PROTOCOL_ERROR @ http://[::1]:5173/node_modules/.vite/deps/pusher-js.js?v=78e615f6:3255
[58297550ms] [ERROR] WebSocket connection to 'wss://localhost:8081/app/app-key?protocol=7&client=js&version=8.4.0&flash=false' failed: Error in connection establishment: net::ERR_SSL_PROTOCOL_ERROR @ http://[::1]:5173/node_modules/.vite/deps/pusher-js.js?v=78e615f6:3255
[58357553ms] [ERROR] WebSocket connection to 'wss://localhost:8081/app/app-key?protocol=7&client=js&version=8.4.0&flash=false' failed: Error in connection establishment: net::ERR_SSL_PROTOCOL_ERROR @ http://[::1]:5173/node_modules/.vite/deps/pusher-js.js?v=78e615f6:3255
[58417546ms] [ERROR] WebSocket connection to 'wss://localhost:8081/app/app-key?protocol=7&client=js&version=8.4.0&flash=false' failed: Error in connection establishment: net::ERR_SSL_PROTOCOL_ERROR @ http://[::1]:5173/node_modules/.vite/deps/pusher-js.js?v=78e615f6:3255
[58477554ms] [ERROR] WebSocket connection to 'wss://localhost:8081/app/app-key?protocol=7&client=js&version=8.4.0&flash=false' failed: Error in connection establishment: net::ERR_SSL_PROTOCOL_ERROR @ http://[::1]:5173/node_modules/.vite/deps/pusher-js.js?v=78e615f6:3255
[58537553ms] [ERROR] WebSocket connection to 'wss://localhost:8081/app/app-key?protocol=7&client=js&version=8.4.0&flash=false' failed: Error in connection establishment: net::ERR_SSL_PROTOCOL_ERROR @ http://[::1]:5173/node_modules/.vite/deps/pusher-js.js?v=78e615f6:3255
[58597476ms] [ERROR] WebSocket connection to 'wss://localhost:8081/app/app-key?protocol=7&client=js&version=8.4.0&flash=false' failed: Error in connection establishment: net::ERR_SSL_PROTOCOL_ERROR @ http://[::1]:5173/node_modules/.vite/deps/pusher-js.js?v=78e615f6:3255
[58657476ms] [ERROR] WebSocket connection to 'wss://localhost:8081/app/app-key?protocol=7&client=js&version=8.4.0&flash=false' failed: Error in connection establishment: net::ERR_SSL_PROTOCOL_ERROR @ http://[::1]:5173/node_modules/.vite/deps/pusher-js.js?v=78e615f6:3255
[58717477ms] [ERROR] WebSocket connection to 'wss://localhost:8081/app/app-key?protocol=7&client=js&version=8.4.0&flash=false' failed: Error in connection establishment: net::ERR_SSL_PROTOCOL_ERROR @ http://[::1]:5173/node_modules/.vite/deps/pusher-js.js?v=78e615f6:3255
[58777475ms] [ERROR] WebSocket connection to 'wss://localhost:8081/app/app-key?protocol=7&client=js&version=8.4.0&flash=false' failed: Error in connection establishment: net::ERR_SSL_PROTOCOL_ERROR @ http://[::1]:5173/node_modules/.vite/deps/pusher-js.js?v=78e615f6:3255
[58837477ms] [ERROR] WebSocket connection to 'wss://localhost:8081/app/app-key?protocol=7&client=js&version=8.4.0&flash=false' failed: Error in connection establishment: net::ERR_SSL_PROTOCOL_ERROR @ http://[::1]:5173/node_modules/.vite/deps/pusher-js.js?v=78e615f6:3255
[58897474ms] [ERROR] WebSocket connection to 'wss://localhost:8081/app/app-key?protocol=7&client=js&version=8.4.0&flash=false' failed: Error in connection establishment: net::ERR_SSL_PROTOCOL_ERROR @ http://[::1]:5173/node_modules/.vite/deps/pusher-js.js?v=78e615f6:3255
[58957475ms] [ERROR] WebSocket connection to 'wss://localhost:8081/app/app-key?protocol=7&client=js&version=8.4.0&flash=false' failed: Error in connection establishment: net::ERR_SSL_PROTOCOL_ERROR @ http://[::1]:5173/node_modules/.vite/deps/pusher-js.js?v=78e615f6:3255
[59017470ms] [ERROR] WebSocket connection to 'wss://localhost:8081/app/app-key?protocol=7&client=js&version=8.4.0&flash=false' failed: Error in connection establishment: net::ERR_SSL_PROTOCOL_ERROR @ http://[::1]:5173/node_modules/.vite/deps/pusher-js.js?v=78e615f6:3255
[59077471ms] [ERROR] WebSocket connection to 'wss://localhost:8081/app/app-key?protocol=7&client=js&version=8.4.0&flash=false' failed: Error in connection establishment: net::ERR_SSL_PROTOCOL_ERROR @ http://[::1]:5173/node_modules/.vite/deps/pusher-js.js?v=78e615f6:3255
[59137474ms] [ERROR] WebSocket connection to 'wss://localhost:8081/app/app-key?protocol=7&client=js&version=8.4.0&flash=false' failed: Error in connection establishment: net::ERR_SSL_PROTOCOL_ERROR @ http://[::1]:5173/node_modules/.vite/deps/pusher-js.js?v=78e615f6:3255
[59197474ms] [ERROR] WebSocket connection to 'wss://localhost:8081/app/app-key?protocol=7&client=js&version=8.4.0&flash=false' failed: Error in connection establishment: net::ERR_SSL_PROTOCOL_ERROR @ http://[::1]:5173/node_modules/.vite/deps/pusher-js.js?v=78e615f6:3255
[59257477ms] [ERROR] WebSocket connection to 'wss://localhost:8081/app/app-key?protocol=7&client=js&version=8.4.0&flash=false' failed: Error in connection establishment: net::ERR_SSL_PROTOCOL_ERROR @ http://[::1]:5173/node_modules/.vite/deps/pusher-js.js?v=78e615f6:3255
[59317469ms] [ERROR] WebSocket connection to 'wss://localhost:8081/app/app-key?protocol=7&client=js&version=8.4.0&flash=false' failed: Error in connection establishment: net::ERR_SSL_PROTOCOL_ERROR @ http://[::1]:5173/node_modules/.vite/deps/pusher-js.js?v=78e615f6:3255
[59377473ms] [ERROR] WebSocket connection to 'wss://localhost:8081/app/app-key?protocol=7&client=js&version=8.4.0&flash=false' failed: Error in connection establishment: net::ERR_SSL_PROTOCOL_ERROR @ http://[::1]:5173/node_modules/.vite/deps/pusher-js.js?v=78e615f6:3255
[59437475ms] [ERROR] WebSocket connection to 'wss://localhost:8081/app/app-key?protocol=7&client=js&version=8.4.0&flash=false' failed: Error in connection establishment: net::ERR_SSL_PROTOCOL_ERROR @ http://[::1]:5173/node_modules/.vite/deps/pusher-js.js?v=78e615f6:3255
[59497475ms] [ERROR] WebSocket connection to 'wss://localhost:8081/app/app-key?protocol=7&client=js&version=8.4.0&flash=false' failed: Error in connection establishment: net::ERR_SSL_PROTOCOL_ERROR @ http://[::1]:5173/node_modules/.vite/deps/pusher-js.js?v=78e615f6:3255
[59557471ms] [ERROR] WebSocket connection to 'wss://localhost:8081/app/app-key?protocol=7&client=js&version=8.4.0&flash=false' failed: Error in connection establishment: net::ERR_SSL_PROTOCOL_ERROR @ http://[::1]:5173/node_modules/.vite/deps/pusher-js.js?v=78e615f6:3255
[59617474ms] [ERROR] WebSocket connection to 'wss://localhost:8081/app/app-key?protocol=7&client=js&version=8.4.0&flash=false' failed: Error in connection establishment: net::ERR_SSL_PROTOCOL_ERROR @ http://[::1]:5173/node_modules/.vite/deps/pusher-js.js?v=78e615f6:3255
[59677473ms] [ERROR] WebSocket connection to 'wss://localhost:8081/app/app-key?protocol=7&client=js&version=8.4.0&flash=false' failed: Error in connection establishment: net::ERR_SSL_PROTOCOL_ERROR @ http://[::1]:5173/node_modules/.vite/deps/pusher-js.js?v=78e615f6:3255
[59737474ms] [ERROR] WebSocket connection to 'wss://localhost:8081/app/app-key?protocol=7&client=js&version=8.4.0&flash=false' failed: Error in connection establishment: net::ERR_SSL_PROTOCOL_ERROR @ http://[::1]:5173/node_modules/.vite/deps/pusher-js.js?v=78e615f6:3255
[59797470ms] [ERROR] WebSocket connection to 'wss://localhost:8081/app/app-key?protocol=7&client=js&version=8.4.0&flash=false' failed: Error in connection establishment: net::ERR_SSL_PROTOCOL_ERROR @ http://[::1]:5173/node_modules/.vite/deps/pusher-js.js?v=78e615f6:3255
[59857469ms] [ERROR] WebSocket connection to 'wss://localhost:8081/app/app-key?protocol=7&client=js&version=8.4.0&flash=false' failed: Error in connection establishment: net::ERR_SSL_PROTOCOL_ERROR @ http://[::1]:5173/node_modules/.vite/deps/pusher-js.js?v=78e615f6:3255
[59917470ms] [ERROR] WebSocket connection to 'wss://localhost:8081/app/app-key?protocol=7&client=js&version=8.4.0&flash=false' failed: Error in connection establishment: net::ERR_SSL_PROTOCOL_ERROR @ http://[::1]:5173/node_modules/.vite/deps/pusher-js.js?v=78e615f6:3255
[59977470ms] [ERROR] WebSocket connection to 'wss://localhost:8081/app/app-key?protocol=7&client=js&version=8.4.0&flash=false' failed: Error in connection establishment: net::ERR_SSL_PROTOCOL_ERROR @ http://[::1]:5173/node_modules/.vite/deps/pusher-js.js?v=78e615f6:3255
[60037470ms] [ERROR] WebSocket connection to 'wss://localhost:8081/app/app-key?protocol=7&client=js&version=8.4.0&flash=false' failed: Error in connection establishment: net::ERR_SSL_PROTOCOL_ERROR @ http://[::1]:5173/node_modules/.vite/deps/pusher-js.js?v=78e615f6:3255
[60097466ms] [ERROR] WebSocket connection to 'wss://localhost:8081/app/app-key?protocol=7&client=js&version=8.4.0&flash=false' failed: Error in connection establishment: net::ERR_SSL_PROTOCOL_ERROR @ http://[::1]:5173/node_modules/.vite/deps/pusher-js.js?v=78e615f6:3255
[60157469ms] [ERROR] WebSocket connection to 'wss://localhost:8081/app/app-key?protocol=7&client=js&version=8.4.0&flash=false' failed: Error in connection establishment: net::ERR_SSL_PROTOCOL_ERROR @ http://[::1]:5173/node_modules/.vite/deps/pusher-js.js?v=78e615f6:3255
[60217462ms] [ERROR] WebSocket connection to 'wss://localhost:8081/app/app-key?protocol=7&client=js&version=8.4.0&flash=false' failed: Error in connection establishment: net::ERR_SSL_PROTOCOL_ERROR @ http://[::1]:5173/node_modules/.vite/deps/pusher-js.js?v=78e615f6:3255
[60277469ms] [ERROR] WebSocket connection to 'wss://localhost:8081/app/app-key?protocol=7&client=js&version=8.4.0&flash=false' failed: Error in connection establishment: net::ERR_SSL_PROTOCOL_ERROR @ http://[::1]:5173/node_modules/.vite/deps/pusher-js.js?v=78e615f6:3255
[60337465ms] [ERROR] WebSocket connection to 'wss://localhost:8081/app/app-key?protocol=7&client=js&version=8.4.0&flash=false' failed: Error in connection establishment: net::ERR_SSL_PROTOCOL_ERROR @ http://[::1]:5173/node_modules/.vite/deps/pusher-js.js?v=78e615f6:3255
[60397464ms] [ERROR] WebSocket connection to 'wss://localhost:8081/app/app-key?protocol=7&client=js&version=8.4.0&flash=false' failed: Error in connection establishment: net::ERR_SSL_PROTOCOL_ERROR @ http://[::1]:5173/node_modules/.vite/deps/pusher-js.js?v=78e615f6:3255
[60457462ms] [ERROR] WebSocket connection to 'wss://localhost:8081/app/app-key?protocol=7&client=js&version=8.4.0&flash=false' failed: Error in connection establishment: net::ERR_SSL_PROTOCOL_ERROR @ http://[::1]:5173/node_modules/.vite/deps/pusher-js.js?v=78e615f6:3255
[60517464ms] [ERROR] WebSocket connection to 'wss://localhost:8081/app/app-key?protocol=7&client=js&version=8.4.0&flash=false' failed: Error in connection establishment: net::ERR_SSL_PROTOCOL_ERROR @ http://[::1]:5173/node_modules/.vite/deps/pusher-js.js?v=78e615f6:3255
[60577466ms] [ERROR] WebSocket connection to 'wss://localhost:8081/app/app-key?protocol=7&client=js&version=8.4.0&flash=false' failed: Error in connection establishment: net::ERR_SSL_PROTOCOL_ERROR @ http://[::1]:5173/node_modules/.vite/deps/pusher-js.js?v=78e615f6:3255
[60637467ms] [ERROR] WebSocket connection to 'wss://localhost:8081/app/app-key?protocol=7&client=js&version=8.4.0&flash=false' failed: Error in connection establishment: net::ERR_SSL_PROTOCOL_ERROR @ http://[::1]:5173/node_modules/.vite/deps/pusher-js.js?v=78e615f6:3255
[60697477ms] [ERROR] WebSocket connection to 'wss://localhost:8081/app/app-key?protocol=7&client=js&version=8.4.0&flash=false' failed: Error in connection establishment: net::ERR_SSL_PROTOCOL_ERROR @ http://[::1]:5173/node_modules/.vite/deps/pusher-js.js?v=78e615f6:3255
[60757470ms] [ERROR] WebSocket connection to 'wss://localhost:8081/app/app-key?protocol=7&client=js&version=8.4.0&flash=false' failed: Error in connection establishment: net::ERR_SSL_PROTOCOL_ERROR @ http://[::1]:5173/node_modules/.vite/deps/pusher-js.js?v=78e615f6:3255
[60817460ms] [ERROR] WebSocket connection to 'wss://localhost:8081/app/app-key?protocol=7&client=js&version=8.4.0&flash=false' failed: Error in connection establishment: net::ERR_SSL_PROTOCOL_ERROR @ http://[::1]:5173/node_modules/.vite/deps/pusher-js.js?v=78e615f6:3255
[60877469ms] [ERROR] WebSocket connection to 'wss://localhost:8081/app/app-key?protocol=7&client=js&version=8.4.0&flash=false' failed: Error in connection establishment: net::ERR_SSL_PROTOCOL_ERROR @ http://[::1]:5173/node_modules/.vite/deps/pusher-js.js?v=78e615f6:3255
[60937464ms] [ERROR] WebSocket connection to 'wss://localhost:8081/app/app-key?protocol=7&client=js&version=8.4.0&flash=false' failed: Error in connection establishment: net::ERR_SSL_PROTOCOL_ERROR @ http://[::1]:5173/node_modules/.vite/deps/pusher-js.js?v=78e615f6:3255
[60997467ms] [ERROR] WebSocket connection to 'wss://localhost:8081/app/app-key?protocol=7&client=js&version=8.4.0&flash=false' failed: Error in connection establishment: net::ERR_SSL_PROTOCOL_ERROR @ http://[::1]:5173/node_modules/.vite/deps/pusher-js.js?v=78e615f6:3255
[61057467ms] [ERROR] WebSocket connection to 'wss://localhost:8081/app/app-key?protocol=7&client=js&version=8.4.0&flash=false' failed: Error in connection establishment: net::ERR_SSL_PROTOCOL_ERROR @ http://[::1]:5173/node_modules/.vite/deps/pusher-js.js?v=78e615f6:3255
[61117462ms] [ERROR] WebSocket connection to 'wss://localhost:8081/app/app-key?protocol=7&client=js&version=8.4.0&flash=false' failed: Error in connection establishment: net::ERR_SSL_PROTOCOL_ERROR @ http://[::1]:5173/node_modules/.vite/deps/pusher-js.js?v=78e615f6:3255
[61177466ms] [ERROR] WebSocket connection to 'wss://localhost:8081/app/app-key?protocol=7&client=js&version=8.4.0&flash=false' failed: Error in connection establishment: net::ERR_SSL_PROTOCOL_ERROR @ http://[::1]:5173/node_modules/.vite/deps/pusher-js.js?v=78e615f6:3255
[61237464ms] [ERROR] WebSocket connection to 'wss://localhost:8081/app/app-key?protocol=7&client=js&version=8.4.0&flash=false' failed: Error in connection establishment: net::ERR_SSL_PROTOCOL_ERROR @ http://[::1]:5173/node_modules/.vite/deps/pusher-js.js?v=78e615f6:3255
[61297459ms] [ERROR] WebSocket connection to 'wss://localhost:8081/app/app-key?protocol=7&client=js&version=8.4.0&flash=false' failed: Error in connection establishment: net::ERR_SSL_PROTOCOL_ERROR @ http://[::1]:5173/node_modules/.vite/deps/pusher-js.js?v=78e615f6:3255
[61357460ms] [ERROR] WebSocket connection to 'wss://localhost:8081/app/app-key?protocol=7&client=js&version=8.4.0&flash=false' failed: Error in connection establishment: net::ERR_SSL_PROTOCOL_ERROR @ http://[::1]:5173/node_modules/.vite/deps/pusher-js.js?v=78e615f6:3255
[61417458ms] [ERROR] WebSocket connection to 'wss://localhost:8081/app/app-key?protocol=7&client=js&version=8.4.0&flash=false' failed: Error in connection establishment: net::ERR_SSL_PROTOCOL_ERROR @ http://[::1]:5173/node_modules/.vite/deps/pusher-js.js?v=78e615f6:3255
[61477457ms] [ERROR] WebSocket connection to 'wss://localhost:8081/app/app-key?protocol=7&client=js&version=8.4.0&flash=false' failed: Error in connection establishment: net::ERR_SSL_PROTOCOL_ERROR @ http://[::1]:5173/node_modules/.vite/deps/pusher-js.js?v=78e615f6:3255
[61537460ms] [ERROR] WebSocket connection to 'wss://localhost:8081/app/app-key?protocol=7&client=js&version=8.4.0&flash=false' failed: Error in connection establishment: net::ERR_SSL_PROTOCOL_ERROR @ http://[::1]:5173/node_modules/.vite/deps/pusher-js.js?v=78e615f6:3255
[61597457ms] [ERROR] WebSocket connection to 'wss://localhost:8081/app/app-key?protocol=7&client=js&version=8.4.0&flash=false' failed: Error in connection establishment: net::ERR_SSL_PROTOCOL_ERROR @ http://[::1]:5173/node_modules/.vite/deps/pusher-js.js?v=78e615f6:3255
[61657458ms] [ERROR] WebSocket connection to 'wss://localhost:8081/app/app-key?protocol=7&client=js&version=8.4.0&flash=false' failed: Error in connection establishment: net::ERR_SSL_PROTOCOL_ERROR @ http://[::1]:5173/node_modules/.vite/deps/pusher-js.js?v=78e615f6:3255
[61717451ms] [ERROR] WebSocket connection to 'wss://localhost:8081/app/app-key?protocol=7&client=js&version=8.4.0&flash=false' failed: Error in connection establishment: net::ERR_SSL_PROTOCOL_ERROR @ http://[::1]:5173/node_modules/.vite/deps/pusher-js.js?v=78e615f6:3255
[61777458ms] [ERROR] WebSocket connection to 'wss://localhost:8081/app/app-key?protocol=7&client=js&version=8.4.0&flash=false' failed: Error in connection establishment: net::ERR_SSL_PROTOCOL_ERROR @ http://[::1]:5173/node_modules/.vite/deps/pusher-js.js?v=78e615f6:3255
[61837454ms] [ERROR] WebSocket connection to 'wss://localhost:8081/app/app-key?protocol=7&client=js&version=8.4.0&flash=false' failed: Error in connection establishment: net::ERR_SSL_PROTOCOL_ERROR @ http://[::1]:5173/node_modules/.vite/deps/pusher-js.js?v=78e615f6:3255
[61897462ms] [ERROR] WebSocket connection to 'wss://localhost:8081/app/app-key?protocol=7&client=js&version=8.4.0&flash=false' failed: Error in connection establishment: net::ERR_SSL_PROTOCOL_ERROR @ http://[::1]:5173/node_modules/.vite/deps/pusher-js.js?v=78e615f6:3255
[61957454ms] [ERROR] WebSocket connection to 'wss://localhost:8081/app/app-key?protocol=7&client=js&version=8.4.0&flash=false' failed: Error in connection establishment: net::ERR_SSL_PROTOCOL_ERROR @ http://[::1]:5173/node_modules/.vite/deps/pusher-js.js?v=78e615f6:3255
[62017453ms] [ERROR] WebSocket connection to 'wss://localhost:8081/app/app-key?protocol=7&client=js&version=8.4.0&flash=false' failed: Error in connection establishment: net::ERR_SSL_PROTOCOL_ERROR @ http://[::1]:5173/node_modules/.vite/deps/pusher-js.js?v=78e615f6:3255
[62077456ms] [ERROR] WebSocket connection to 'wss://localhost:8081/app/app-key?protocol=7&client=js&version=8.4.0&flash=false' failed: Error in connection establishment: net::ERR_SSL_PROTOCOL_ERROR @ http://[::1]:5173/node_modules/.vite/deps/pusher-js.js?v=78e615f6:3255
[62137454ms] [ERROR] WebSocket connection to 'wss://localhost:8081/app/app-key?protocol=7&client=js&version=8.4.0&flash=false' failed: Error in connection establishment: net::ERR_SSL_PROTOCOL_ERROR @ http://[::1]:5173/node_modules/.vite/deps/pusher-js.js?v=78e615f6:3255
[62197455ms] [ERROR] WebSocket connection to 'wss://localhost:8081/app/app-key?protocol=7&client=js&version=8.4.0&flash=false' failed: Error in connection establishment: net::ERR_SSL_PROTOCOL_ERROR @ http://[::1]:5173/node_modules/.vite/deps/pusher-js.js?v=78e615f6:3255
[62257449ms] [ERROR] WebSocket connection to 'wss://localhost:8081/app/app-key?protocol=7&client=js&version=8.4.0&flash=false' failed: Error in connection establishment: net::ERR_SSL_PROTOCOL_ERROR @ http://[::1]:5173/node_modules/.vite/deps/pusher-js.js?v=78e615f6:3255
[62317448ms] [ERROR] WebSocket connection to 'wss://localhost:8081/app/app-key?protocol=7&client=js&version=8.4.0&flash=false' failed: Error in connection establishment: net::ERR_SSL_PROTOCOL_ERROR @ http://[::1]:5173/node_modules/.vite/deps/pusher-js.js?v=78e615f6:3255
[62377450ms] [ERROR] WebSocket connection to 'wss://localhost:8081/app/app-key?protocol=7&client=js&version=8.4.0&flash=false' failed: Error in connection establishment: net::ERR_SSL_PROTOCOL_ERROR @ http://[::1]:5173/node_modules/.vite/deps/pusher-js.js?v=78e615f6:3255
[62437639ms] [ERROR] WebSocket connection to 'wss://localhost:8081/app/app-key?protocol=7&client=js&version=8.4.0&flash=false' failed: Error in connection establishment: net::ERR_SSL_PROTOCOL_ERROR @ http://[::1]:5173/node_modules/.vite/deps/pusher-js.js?v=78e615f6:3255
[62497654ms] [ERROR] WebSocket connection to 'wss://localhost:8081/app/app-key?protocol=7&client=js&version=8.4.0&flash=false' failed: Error in connection establishment: net::ERR_SSL_PROTOCOL_ERROR @ http://[::1]:5173/node_modules/.vite/deps/pusher-js.js?v=78e615f6:3255
[62557645ms] [ERROR] WebSocket connection to 'wss://localhost:8081/app/app-key?protocol=7&client=js&version=8.4.0&flash=false' failed: Error in connection establishment: net::ERR_SSL_PROTOCOL_ERROR @ http://[::1]:5173/node_modules/.vite/deps/pusher-js.js?v=78e615f6:3255
[62617650ms] [ERROR] WebSocket connection to 'wss://localhost:8081/app/app-key?protocol=7&client=js&version=8.4.0&flash=false' failed: Error in connection establishment: net::ERR_SSL_PROTOCOL_ERROR @ http://[::1]:5173/node_modules/.vite/deps/pusher-js.js?v=78e615f6:3255
[62677654ms] [ERROR] WebSocket connection to 'wss://localhost:8081/app/app-key?protocol=7&client=js&version=8.4.0&flash=false' failed: Error in connection establishment: net::ERR_SSL_PROTOCOL_ERROR @ http://[::1]:5173/node_modules/.vite/deps/pusher-js.js?v=78e615f6:3255
[62737658ms] [ERROR] WebSocket connection to 'wss://localhost:8081/app/app-key?protocol=7&client=js&version=8.4.0&flash=false' failed: Error in connection establishment: net::ERR_SSL_PROTOCOL_ERROR @ http://[::1]:5173/node_modules/.vite/deps/pusher-js.js?v=78e615f6:3255
[62797666ms] [ERROR] WebSocket connection to 'wss://localhost:8081/app/app-key?protocol=7&client=js&version=8.4.0&flash=false' failed: Error in connection establishment: net::ERR_SSL_PROTOCOL_ERROR @ http://[::1]:5173/node_modules/.vite/deps/pusher-js.js?v=78e615f6:3255
[62857663ms] [ERROR] WebSocket connection to 'wss://localhost:8081/app/app-key?protocol=7&client=js&version=8.4.0&flash=false' failed: Error in connection establishment: net::ERR_SSL_PROTOCOL_ERROR @ http://[::1]:5173/node_modules/.vite/deps/pusher-js.js?v=78e615f6:3255
[62917665ms] [ERROR] WebSocket connection to 'wss://localhost:8081/app/app-key?protocol=7&client=js&version=8.4.0&flash=false' failed: Error in connection establishment: net::ERR_SSL_PROTOCOL_ERROR @ http://[::1]:5173/node_modules/.vite/deps/pusher-js.js?v=78e615f6:3255
[62977667ms] [ERROR] WebSocket connection to 'wss://localhost:8081/app/app-key?protocol=7&client=js&version=8.4.0&flash=false' failed: Error in connection establishment: net::ERR_SSL_PROTOCOL_ERROR @ http://[::1]:5173/node_modules/.vite/deps/pusher-js.js?v=78e615f6:3255
[63037669ms] [ERROR] WebSocket connection to 'wss://localhost:8081/app/app-key?protocol=7&client=js&version=8.4.0&flash=false' failed: Error in connection establishment: net::ERR_SSL_PROTOCOL_ERROR @ http://[::1]:5173/node_modules/.vite/deps/pusher-js.js?v=78e615f6:3255
[63097670ms] [ERROR] WebSocket connection to 'wss://localhost:8081/app/app-key?protocol=7&client=js&version=8.4.0&flash=false' failed: Error in connection establishment: net::ERR_SSL_PROTOCOL_ERROR @ http://[::1]:5173/node_modules/.vite/deps/pusher-js.js?v=78e615f6:3255
[63157675ms] [ERROR] WebSocket connection to 'wss://localhost:8081/app/app-key?protocol=7&client=js&version=8.4.0&flash=false' failed: Error in connection establishment: net::ERR_SSL_PROTOCOL_ERROR @ http://[::1]:5173/node_modules/.vite/deps/pusher-js.js?v=78e615f6:3255
[63217674ms] [ERROR] WebSocket connection to 'wss://localhost:8081/app/app-key?protocol=7&client=js&version=8.4.0&flash=false' failed: Error in connection establishment: net::ERR_SSL_PROTOCOL_ERROR @ http://[::1]:5173/node_modules/.vite/deps/pusher-js.js?v=78e615f6:3255
[63277677ms] [ERROR] WebSocket connection to 'wss://localhost:8081/app/app-key?protocol=7&client=js&version=8.4.0&flash=false' failed: Error in connection establishment: net::ERR_SSL_PROTOCOL_ERROR @ http://[::1]:5173/node_modules/.vite/deps/pusher-js.js?v=78e615f6:3255
[63337684ms] [ERROR] WebSocket connection to 'wss://localhost:8081/app/app-key?protocol=7&client=js&version=8.4.0&flash=false' failed: Error in connection establishment: net::ERR_SSL_PROTOCOL_ERROR @ http://[::1]:5173/node_modules/.vite/deps/pusher-js.js?v=78e615f6:3255
[63397687ms] [ERROR] WebSocket connection to 'wss://localhost:8081/app/app-key?protocol=7&client=js&version=8.4.0&flash=false' failed: Error in connection establishment: net::ERR_SSL_PROTOCOL_ERROR @ http://[::1]:5173/node_modules/.vite/deps/pusher-js.js?v=78e615f6:3255
[63457683ms] [ERROR] WebSocket connection to 'wss://localhost:8081/app/app-key?protocol=7&client=js&version=8.4.0&flash=false' failed: Error in connection establishment: net::ERR_SSL_PROTOCOL_ERROR @ http://[::1]:5173/node_modules/.vite/deps/pusher-js.js?v=78e615f6:3255
[63517690ms] [ERROR] WebSocket connection to 'wss://localhost:8081/app/app-key?protocol=7&client=js&version=8.4.0&flash=false' failed: Error in connection establishment: net::ERR_SSL_PROTOCOL_ERROR @ http://[::1]:5173/node_modules/.vite/deps/pusher-js.js?v=78e615f6:3255
[63577691ms] [ERROR] WebSocket connection to 'wss://localhost:8081/app/app-key?protocol=7&client=js&version=8.4.0&flash=false' failed: Error in connection establishment: net::ERR_SSL_PROTOCOL_ERROR @ http://[::1]:5173/node_modules/.vite/deps/pusher-js.js?v=78e615f6:3255
[63637694ms] [ERROR] WebSocket connection to 'wss://localhost:8081/app/app-key?protocol=7&client=js&version=8.4.0&flash=false' failed: Error in connection establishment: net::ERR_SSL_PROTOCOL_ERROR @ http://[::1]:5173/node_modules/.vite/deps/pusher-js.js?v=78e615f6:3255
[63697697ms] [ERROR] WebSocket connection to 'wss://localhost:8081/app/app-key?protocol=7&client=js&version=8.4.0&flash=false' failed: Error in connection establishment: net::ERR_SSL_PROTOCOL_ERROR @ http://[::1]:5173/node_modules/.vite/deps/pusher-js.js?v=78e615f6:3255
[63757695ms] [ERROR] WebSocket connection to 'wss://localhost:8081/app/app-key?protocol=7&client=js&version=8.4.0&flash=false' failed: Error in connection establishment: net::ERR_SSL_PROTOCOL_ERROR @ http://[::1]:5173/node_modules/.vite/deps/pusher-js.js?v=78e615f6:3255
[63817699ms] [ERROR] WebSocket connection to 'wss://localhost:8081/app/app-key?protocol=7&client=js&version=8.4.0&flash=false' failed: Error in connection establishment: net::ERR_SSL_PROTOCOL_ERROR @ http://[::1]:5173/node_modules/.vite/deps/pusher-js.js?v=78e615f6:3255
[63877701ms] [ERROR] WebSocket connection to 'wss://localhost:8081/app/app-key?protocol=7&client=js&version=8.4.0&flash=false' failed: Error in connection establishment: net::ERR_SSL_PROTOCOL_ERROR @ http://[::1]:5173/node_modules/.vite/deps/pusher-js.js?v=78e615f6:3255
[63937705ms] [ERROR] WebSocket connection to 'wss://localhost:8081/app/app-key?protocol=7&client=js&version=8.4.0&flash=false' failed: Error in connection establishment: net::ERR_SSL_PROTOCOL_ERROR @ http://[::1]:5173/node_modules/.vite/deps/pusher-js.js?v=78e615f6:3255
[63997712ms] [ERROR] WebSocket connection to 'wss://localhost:8081/app/app-key?protocol=7&client=js&version=8.4.0&flash=false' failed: Error in connection establishment: net::ERR_SSL_PROTOCOL_ERROR @ http://[::1]:5173/node_modules/.vite/deps/pusher-js.js?v=78e615f6:3255
[64057707ms] [ERROR] WebSocket connection to 'wss://localhost:8081/app/app-key?protocol=7&client=js&version=8.4.0&flash=false' failed: Error in connection establishment: net::ERR_SSL_PROTOCOL_ERROR @ http://[::1]:5173/node_modules/.vite/deps/pusher-js.js?v=78e615f6:3255
[64117713ms] [ERROR] WebSocket connection to 'wss://localhost:8081/app/app-key?protocol=7&client=js&version=8.4.0&flash=false' failed: Error in connection establishment: net::ERR_SSL_PROTOCOL_ERROR @ http://[::1]:5173/node_modules/.vite/deps/pusher-js.js?v=78e615f6:3255
[64177711ms] [ERROR] WebSocket connection to 'wss://localhost:8081/app/app-key?protocol=7&client=js&version=8.4.0&flash=false' failed: Error in connection establishment: net::ERR_SSL_PROTOCOL_ERROR @ http://[::1]:5173/node_modules/.vite/deps/pusher-js.js?v=78e615f6:3255
[64237717ms] [ERROR] WebSocket connection to 'wss://localhost:8081/app/app-key?protocol=7&client=js&version=8.4.0&flash=false' failed: Error in connection establishment: net::ERR_SSL_PROTOCOL_ERROR @ http://[::1]:5173/node_modules/.vite/deps/pusher-js.js?v=78e615f6:3255
[64297720ms] [ERROR] WebSocket connection to 'wss://localhost:8081/app/app-key?protocol=7&client=js&version=8.4.0&flash=false' failed: Error in connection establishment: net::ERR_SSL_PROTOCOL_ERROR @ http://[::1]:5173/node_modules/.vite/deps/pusher-js.js?v=78e615f6:3255
[64357719ms] [ERROR] WebSocket connection to 'wss://localhost:8081/app/app-key?protocol=7&client=js&version=8.4.0&flash=false' failed: Error in connection establishment: net::ERR_SSL_PROTOCOL_ERROR @ http://[::1]:5173/node_modules/.vite/deps/pusher-js.js?v=78e615f6:3255
[64417719ms] [ERROR] WebSocket connection to 'wss://localhost:8081/app/app-key?protocol=7&client=js&version=8.4.0&flash=false' failed: Error in connection establishment: net::ERR_SSL_PROTOCOL_ERROR @ http://[::1]:5173/node_modules/.vite/deps/pusher-js.js?v=78e615f6:3255
[64477727ms] [ERROR] WebSocket connection to 'wss://localhost:8081/app/app-key?protocol=7&client=js&version=8.4.0&flash=false' failed: Error in connection establishment: net::ERR_SSL_PROTOCOL_ERROR @ http://[::1]:5173/node_modules/.vite/deps/pusher-js.js?v=78e615f6:3255
[64537724ms] [ERROR] WebSocket connection to 'wss://localhost:8081/app/app-key?protocol=7&client=js&version=8.4.0&flash=false' failed: Error in connection establishment: net::ERR_SSL_PROTOCOL_ERROR @ http://[::1]:5173/node_modules/.vite/deps/pusher-js.js?v=78e615f6:3255
[64597727ms] [ERROR] WebSocket connection to 'wss://localhost:8081/app/app-key?protocol=7&client=js&version=8.4.0&flash=false' failed: Error in connection establishment: net::ERR_SSL_PROTOCOL_ERROR @ http://[::1]:5173/node_modules/.vite/deps/pusher-js.js?v=78e615f6:3255
[64657726ms] [ERROR] WebSocket connection to 'wss://localhost:8081/app/app-key?protocol=7&client=js&version=8.4.0&flash=false' failed: Error in connection establishment: net::ERR_SSL_PROTOCOL_ERROR @ http://[::1]:5173/node_modules/.vite/deps/pusher-js.js?v=78e615f6:3255
[64717731ms] [ERROR] WebSocket connection to 'wss://localhost:8081/app/app-key?protocol=7&client=js&version=8.4.0&flash=false' failed: Error in connection establishment: net::ERR_SSL_PROTOCOL_ERROR @ http://[::1]:5173/node_modules/.vite/deps/pusher-js.js?v=78e615f6:3255
[64777734ms] [ERROR] WebSocket connection to 'wss://localhost:8081/app/app-key?protocol=7&client=js&version=8.4.0&flash=false' failed: Error in connection establishment: net::ERR_SSL_PROTOCOL_ERROR @ http://[::1]:5173/node_modules/.vite/deps/pusher-js.js?v=78e615f6:3255
[64837737ms] [ERROR] WebSocket connection to 'wss://localhost:8081/app/app-key?protocol=7&client=js&version=8.4.0&flash=false' failed: Error in connection establishment: net::ERR_SSL_PROTOCOL_ERROR @ http://[::1]:5173/node_modules/.vite/deps/pusher-js.js?v=78e615f6:3255
[64897743ms] [ERROR] WebSocket connection to 'wss://localhost:8081/app/app-key?protocol=7&client=js&version=8.4.0&flash=false' failed: Error in connection establishment: net::ERR_SSL_PROTOCOL_ERROR @ http://[::1]:5173/node_modules/.vite/deps/pusher-js.js?v=78e615f6:3255
[64957743ms] [ERROR] WebSocket connection to 'wss://localhost:8081/app/app-key?protocol=7&client=js&version=8.4.0&flash=false' failed: Error in connection establishment: net::ERR_SSL_PROTOCOL_ERROR @ http://[::1]:5173/node_modules/.vite/deps/pusher-js.js?v=78e615f6:3255
[65017744ms] [ERROR] WebSocket connection to 'wss://localhost:8081/app/app-key?protocol=7&client=js&version=8.4.0&flash=false' failed: Error in connection establishment: net::ERR_SSL_PROTOCOL_ERROR @ http://[::1]:5173/node_modules/.vite/deps/pusher-js.js?v=78e615f6:3255
[65077750ms] [ERROR] WebSocket connection to 'wss://localhost:8081/app/app-key?protocol=7&client=js&version=8.4.0&flash=false' failed: Error in connection establishment: net::ERR_SSL_PROTOCOL_ERROR @ http://[::1]:5173/node_modules/.vite/deps/pusher-js.js?v=78e615f6:3255
[65137746ms] [ERROR] WebSocket connection to 'wss://localhost:8081/app/app-key?protocol=7&client=js&version=8.4.0&flash=false' failed: Error in connection establishment: net::ERR_SSL_PROTOCOL_ERROR @ http://[::1]:5173/node_modules/.vite/deps/pusher-js.js?v=78e615f6:3255
[65197757ms] [ERROR] WebSocket connection to 'wss://localhost:8081/app/app-key?protocol=7&client=js&version=8.4.0&flash=false' failed: Error in connection establishment: net::ERR_SSL_PROTOCOL_ERROR @ http://[::1]:5173/node_modules/.vite/deps/pusher-js.js?v=78e615f6:3255
[65257758ms] [ERROR] WebSocket connection to 'wss://localhost:8081/app/app-key?protocol=7&client=js&version=8.4.0&flash=false' failed: Error in connection establishment: net::ERR_SSL_PROTOCOL_ERROR @ http://[::1]:5173/node_modules/.vite/deps/pusher-js.js?v=78e615f6:3255
[65317756ms] [ERROR] WebSocket connection to 'wss://localhost:8081/app/app-key?protocol=7&client=js&version=8.4.0&flash=false' failed: Error in connection establishment: net::ERR_SSL_PROTOCOL_ERROR @ http://[::1]:5173/node_modules/.vite/deps/pusher-js.js?v=78e615f6:3255
[65377756ms] [ERROR] WebSocket connection to 'wss://localhost:8081/app/app-key?protocol=7&client=js&version=8.4.0&flash=false' failed: Error in connection establishment: net::ERR_SSL_PROTOCOL_ERROR @ http://[::1]:5173/node_modules/.vite/deps/pusher-js.js?v=78e615f6:3255
[65437776ms] [ERROR] WebSocket connection to 'wss://localhost:8081/app/app-key?protocol=7&client=js&version=8.4.0&flash=false' failed: Error in connection establishment: net::ERR_SSL_PROTOCOL_ERROR @ http://[::1]:5173/node_modules/.vite/deps/pusher-js.js?v=78e615f6:3255
[65497765ms] [ERROR] WebSocket connection to 'wss://localhost:8081/app/app-key?protocol=7&client=js&version=8.4.0&flash=false' failed: Error in connection establishment: net::ERR_SSL_PROTOCOL_ERROR @ http://[::1]:5173/node_modules/.vite/deps/pusher-js.js?v=78e615f6:3255
[65557764ms] [ERROR] WebSocket connection to 'wss://localhost:8081/app/app-key?protocol=7&client=js&version=8.4.0&flash=false' failed: Error in connection establishment: net::ERR_SSL_PROTOCOL_ERROR @ http://[::1]:5173/node_modules/.vite/deps/pusher-js.js?v=78e615f6:3255
[65617768ms] [ERROR] WebSocket connection to 'wss://localhost:8081/app/app-key?protocol=7&client=js&version=8.4.0&flash=false' failed: Error in connection establishment: net::ERR_SSL_PROTOCOL_ERROR @ http://[::1]:5173/node_modules/.vite/deps/pusher-js.js?v=78e615f6:3255
[65677766ms] [ERROR] WebSocket connection to 'wss://localhost:8081/app/app-key?protocol=7&client=js&version=8.4.0&flash=false' failed: Error in connection establishment: net::ERR_SSL_PROTOCOL_ERROR @ http://[::1]:5173/node_modules/.vite/deps/pusher-js.js?v=78e615f6:3255
[65737770ms] [ERROR] WebSocket connection to 'wss://localhost:8081/app/app-key?protocol=7&client=js&version=8.4.0&flash=false' failed: Error in connection establishment: net::ERR_SSL_PROTOCOL_ERROR @ http://[::1]:5173/node_modules/.vite/deps/pusher-js.js?v=78e615f6:3255
[65797782ms] [ERROR] WebSocket connection to 'wss://localhost:8081/app/app-key?protocol=7&client=js&version=8.4.0&flash=false' failed: Error in connection establishment: net::ERR_SSL_PROTOCOL_ERROR @ http://[::1]:5173/node_modules/.vite/deps/pusher-js.js?v=78e615f6:3255
[65857778ms] [ERROR] WebSocket connection to 'wss://localhost:8081/app/app-key?protocol=7&client=js&version=8.4.0&flash=false' failed: Error in connection establishment: net::ERR_SSL_PROTOCOL_ERROR @ http://[::1]:5173/node_modules/.vite/deps/pusher-js.js?v=78e615f6:3255
[65917783ms] [ERROR] WebSocket connection to 'wss://localhost:8081/app/app-key?protocol=7&client=js&version=8.4.0&flash=false' failed: Error in connection establishment: net::ERR_SSL_PROTOCOL_ERROR @ http://[::1]:5173/node_modules/.vite/deps/pusher-js.js?v=78e615f6:3255
[65977778ms] [ERROR] WebSocket connection to 'wss://localhost:8081/app/app-key?protocol=7&client=js&version=8.4.0&flash=false' failed: Error in connection establishment: net::ERR_SSL_PROTOCOL_ERROR @ http://[::1]:5173/node_modules/.vite/deps/pusher-js.js?v=78e615f6:3255
[66037791ms] [ERROR] WebSocket connection to 'wss://localhost:8081/app/app-key?protocol=7&client=js&version=8.4.0&flash=false' failed: Error in connection establishment: net::ERR_SSL_PROTOCOL_ERROR @ http://[::1]:5173/node_modules/.vite/deps/pusher-js.js?v=78e615f6:3255
[66097788ms] [ERROR] WebSocket connection to 'wss://localhost:8081/app/app-key?protocol=7&client=js&version=8.4.0&flash=false' failed: Error in connection establishment: net::ERR_SSL_PROTOCOL_ERROR @ http://[::1]:5173/node_modules/.vite/deps/pusher-js.js?v=78e615f6:3255
[66157786ms] [ERROR] WebSocket connection to 'wss://localhost:8081/app/app-key?protocol=7&client=js&version=8.4.0&flash=false' failed: Error in connection establishment: net::ERR_SSL_PROTOCOL_ERROR @ http://[::1]:5173/node_modules/.vite/deps/pusher-js.js?v=78e615f6:3255
[66217789ms] [ERROR] WebSocket connection to 'wss://localhost:8081/app/app-key?protocol=7&client=js&version=8.4.0&flash=false' failed: Error in connection establishment: net::ERR_SSL_PROTOCOL_ERROR @ http://[::1]:5173/node_modules/.vite/deps/pusher-js.js?v=78e615f6:3255
[66277794ms] [ERROR] WebSocket connection to 'wss://localhost:8081/app/app-key?protocol=7&client=js&version=8.4.0&flash=false' failed: Error in connection establishment: net::ERR_SSL_PROTOCOL_ERROR @ http://[::1]:5173/node_modules/.vite/deps/pusher-js.js?v=78e615f6:3255
[66337787ms] [ERROR] WebSocket connection to 'wss://localhost:8081/app/app-key?protocol=7&client=js&version=8.4.0&flash=false' failed: Error in connection establishment: net::ERR_SSL_PROTOCOL_ERROR @ http://[::1]:5173/node_modules/.vite/deps/pusher-js.js?v=78e615f6:3255
[66397780ms] [ERROR] WebSocket connection to 'wss://localhost:8081/app/app-key?protocol=7&client=js&version=8.4.0&flash=false' failed: Error in connection establishment: net::ERR_SSL_PROTOCOL_ERROR @ http://[::1]:5173/node_modules/.vite/deps/pusher-js.js?v=78e615f6:3255
[66457786ms] [ERROR] WebSocket connection to 'wss://localhost:8081/app/app-key?protocol=7&client=js&version=8.4.0&flash=false' failed: Error in connection establishment: net::ERR_SSL_PROTOCOL_ERROR @ http://[::1]:5173/node_modules/.vite/deps/pusher-js.js?v=78e615f6:3255
[66517782ms] [ERROR] WebSocket connection to 'wss://localhost:8081/app/app-key?protocol=7&client=js&version=8.4.0&flash=false' failed: Error in connection establishment: net::ERR_SSL_PROTOCOL_ERROR @ http://[::1]:5173/node_modules/.vite/deps/pusher-js.js?v=78e615f6:3255
[66577787ms] [ERROR] WebSocket connection to 'wss://localhost:8081/app/app-key?protocol=7&client=js&version=8.4.0&flash=false' failed: Error in connection establishment: net::ERR_SSL_PROTOCOL_ERROR @ http://[::1]:5173/node_modules/.vite/deps/pusher-js.js?v=78e615f6:3255
[66637791ms] [ERROR] WebSocket connection to 'wss://localhost:8081/app/app-key?protocol=7&client=js&version=8.4.0&flash=false' failed: Error in connection establishment: net::ERR_SSL_PROTOCOL_ERROR @ http://[::1]:5173/node_modules/.vite/deps/pusher-js.js?v=78e615f6:3255
[66697787ms] [ERROR] WebSocket connection to 'wss://localhost:8081/app/app-key?protocol=7&client=js&version=8.4.0&flash=false' failed: Error in connection establishment: net::ERR_SSL_PROTOCOL_ERROR @ http://[::1]:5173/node_modules/.vite/deps/pusher-js.js?v=78e615f6:3255
[66757795ms] [ERROR] WebSocket connection to 'wss://localhost:8081/app/app-key?protocol=7&client=js&version=8.4.0&flash=false' failed: Error in connection establishment: net::ERR_SSL_PROTOCOL_ERROR @ http://[::1]:5173/node_modules/.vite/deps/pusher-js.js?v=78e615f6:3255
[66817794ms] [ERROR] WebSocket connection to 'wss://localhost:8081/app/app-key?protocol=7&client=js&version=8.4.0&flash=false' failed: Error in connection establishment: net::ERR_SSL_PROTOCOL_ERROR @ http://[::1]:5173/node_modules/.vite/deps/pusher-js.js?v=78e615f6:3255
[66877798ms] [ERROR] WebSocket connection to 'wss://localhost:8081/app/app-key?protocol=7&client=js&version=8.4.0&flash=false' failed: Error in connection establishment: net::ERR_SSL_PROTOCOL_ERROR @ http://[::1]:5173/node_modules/.vite/deps/pusher-js.js?v=78e615f6:3255
[66937796ms] [ERROR] WebSocket connection to 'wss://localhost:8081/app/app-key?protocol=7&client=js&version=8.4.0&flash=false' failed: Error in connection establishment: net::ERR_SSL_PROTOCOL_ERROR @ http://[::1]:5173/node_modules/.vite/deps/pusher-js.js?v=78e615f6:3255
[66997803ms] [ERROR] WebSocket connection to 'wss://localhost:8081/app/app-key?protocol=7&client=js&version=8.4.0&flash=false' failed: Error in connection establishment: net::ERR_SSL_PROTOCOL_ERROR @ http://[::1]:5173/node_modules/.vite/deps/pusher-js.js?v=78e615f6:3255
[67057796ms] [ERROR] WebSocket connection to 'wss://localhost:8081/app/app-key?protocol=7&client=js&version=8.4.0&flash=false' failed: Error in connection establishment: net::ERR_SSL_PROTOCOL_ERROR @ http://[::1]:5173/node_modules/.vite/deps/pusher-js.js?v=78e615f6:3255
[67117807ms] [ERROR] WebSocket connection to 'wss://localhost:8081/app/app-key?protocol=7&client=js&version=8.4.0&flash=false' failed: Error in connection establishment: net::ERR_SSL_PROTOCOL_ERROR @ http://[::1]:5173/node_modules/.vite/deps/pusher-js.js?v=78e615f6:3255
[67177804ms] [ERROR] WebSocket connection to 'wss://localhost:8081/app/app-key?protocol=7&client=js&version=8.4.0&flash=false' failed: Error in connection establishment: net::ERR_SSL_PROTOCOL_ERROR @ http://[::1]:5173/node_modules/.vite/deps/pusher-js.js?v=78e615f6:3255
[67237805ms] [ERROR] WebSocket connection to 'wss://localhost:8081/app/app-key?protocol=7&client=js&version=8.4.0&flash=false' failed: Error in connection establishment: net::ERR_SSL_PROTOCOL_ERROR @ http://[::1]:5173/node_modules/.vite/deps/pusher-js.js?v=78e615f6:3255
[67297809ms] [ERROR] WebSocket connection to 'wss://localhost:8081/app/app-key?protocol=7&client=js&version=8.4.0&flash=false' failed: Error in connection establishment: net::ERR_SSL_PROTOCOL_ERROR @ http://[::1]:5173/node_modules/.vite/deps/pusher-js.js?v=78e615f6:3255
[67357806ms] [ERROR] WebSocket connection to 'wss://localhost:8081/app/app-key?protocol=7&client=js&version=8.4.0&flash=false' failed: Error in connection establishment: net::ERR_SSL_PROTOCOL_ERROR @ http://[::1]:5173/node_modules/.vite/deps/pusher-js.js?v=78e615f6:3255
[67417811ms] [ERROR] WebSocket connection to 'wss://localhost:8081/app/app-key?protocol=7&client=js&version=8.4.0&flash=false' failed: Error in connection establishment: net::ERR_SSL_PROTOCOL_ERROR @ http://[::1]:5173/node_modules/.vite/deps/pusher-js.js?v=78e615f6:3255
[67477816ms] [ERROR] WebSocket connection to 'wss://localhost:8081/app/app-key?protocol=7&client=js&version=8.4.0&flash=false' failed: Error in connection establishment: net::ERR_SSL_PROTOCOL_ERROR @ http://[::1]:5173/node_modules/.vite/deps/pusher-js.js?v=78e615f6:3255
[67537819ms] [ERROR] WebSocket connection to 'wss://localhost:8081/app/app-key?protocol=7&client=js&version=8.4.0&flash=false' failed: Error in connection establishment: net::ERR_SSL_PROTOCOL_ERROR @ http://[::1]:5173/node_modules/.vite/deps/pusher-js.js?v=78e615f6:3255
[67597816ms] [ERROR] WebSocket connection to 'wss://localhost:8081/app/app-key?protocol=7&client=js&version=8.4.0&flash=false' failed: Error in connection establishment: net::ERR_SSL_PROTOCOL_ERROR @ http://[::1]:5173/node_modules/.vite/deps/pusher-js.js?v=78e615f6:3255
[67657821ms] [ERROR] WebSocket connection to 'wss://localhost:8081/app/app-key?protocol=7&client=js&version=8.4.0&flash=false' failed: Error in connection establishment: net::ERR_SSL_PROTOCOL_ERROR @ http://[::1]:5173/node_modules/.vite/deps/pusher-js.js?v=78e615f6:3255
[67717822ms] [ERROR] WebSocket connection to 'wss://localhost:8081/app/app-key?protocol=7&client=js&version=8.4.0&flash=false' failed: Error in connection establishment: net::ERR_SSL_PROTOCOL_ERROR @ http://[::1]:5173/node_modules/.vite/deps/pusher-js.js?v=78e615f6:3255
[67777826ms] [ERROR] WebSocket connection to 'wss://localhost:8081/app/app-key?protocol=7&client=js&version=8.4.0&flash=false' failed: Error in connection establishment: net::ERR_SSL_PROTOCOL_ERROR @ http://[::1]:5173/node_modules/.vite/deps/pusher-js.js?v=78e615f6:3255
[67837826ms] [ERROR] WebSocket connection to 'wss://localhost:8081/app/app-key?protocol=7&client=js&version=8.4.0&flash=false' failed: Error in connection establishment: net::ERR_SSL_PROTOCOL_ERROR @ http://[::1]:5173/node_modules/.vite/deps/pusher-js.js?v=78e615f6:3255
[67897828ms] [ERROR] WebSocket connection to 'wss://localhost:8081/app/app-key?protocol=7&client=js&version=8.4.0&flash=false' failed: Error in connection establishment: net::ERR_SSL_PROTOCOL_ERROR @ http://[::1]:5173/node_modules/.vite/deps/pusher-js.js?v=78e615f6:3255
[67957827ms] [ERROR] WebSocket connection to 'wss://localhost:8081/app/app-key?protocol=7&client=js&version=8.4.0&flash=false' failed: Error in connection establishment: net::ERR_SSL_PROTOCOL_ERROR @ http://[::1]:5173/node_modules/.vite/deps/pusher-js.js?v=78e615f6:3255
[68017832ms] [ERROR] WebSocket connection to 'wss://localhost:8081/app/app-key?protocol=7&client=js&version=8.4.0&flash=false' failed: Error in connection establishment: net::ERR_SSL_PROTOCOL_ERROR @ http://[::1]:5173/node_modules/.vite/deps/pusher-js.js?v=78e615f6:3255
[68077835ms] [ERROR] WebSocket connection to 'wss://localhost:8081/app/app-key?protocol=7&client=js&version=8.4.0&flash=false' failed: Error in connection establishment: net::ERR_SSL_PROTOCOL_ERROR @ http://[::1]:5173/node_modules/.vite/deps/pusher-js.js?v=78e615f6:3255
[68137838ms] [ERROR] WebSocket connection to 'wss://localhost:8081/app/app-key?protocol=7&client=js&version=8.4.0&flash=false' failed: Error in connection establishment: net::ERR_SSL_PROTOCOL_ERROR @ http://[::1]:5173/node_modules/.vite/deps/pusher-js.js?v=78e615f6:3255
[68197837ms] [ERROR] WebSocket connection to 'wss://localhost:8081/app/app-key?protocol=7&client=js&version=8.4.0&flash=false' failed: Error in connection establishment: net::ERR_SSL_PROTOCOL_ERROR @ http://[::1]:5173/node_modules/.vite/deps/pusher-js.js?v=78e615f6:3255
[68257839ms] [ERROR] WebSocket connection to 'wss://localhost:8081/app/app-key?protocol=7&client=js&version=8.4.0&flash=false' failed: Error in connection establishment: net::ERR_SSL_PROTOCOL_ERROR @ http://[::1]:5173/node_modules/.vite/deps/pusher-js.js?v=78e615f6:3255
[68317840ms] [ERROR] WebSocket connection to 'wss://localhost:8081/app/app-key?protocol=7&client=js&version=8.4.0&flash=false' failed: Error in connection establishment: net::ERR_SSL_PROTOCOL_ERROR @ http://[::1]:5173/node_modules/.vite/deps/pusher-js.js?v=78e615f6:3255
[68377833ms] [ERROR] WebSocket connection to 'wss://localhost:8081/app/app-key?protocol=7&client=js&version=8.4.0&flash=false' failed: Error in connection establishment: net::ERR_SSL_PROTOCOL_ERROR @ http://[::1]:5173/node_modules/.vite/deps/pusher-js.js?v=78e615f6:3255
[68437837ms] [ERROR] WebSocket connection to 'wss://localhost:8081/app/app-key?protocol=7&client=js&version=8.4.0&flash=false' failed: Error in connection establishment: net::ERR_SSL_PROTOCOL_ERROR @ http://[::1]:5173/node_modules/.vite/deps/pusher-js.js?v=78e615f6:3255
[68497833ms] [ERROR] WebSocket connection to 'wss://localhost:8081/app/app-key?protocol=7&client=js&version=8.4.0&flash=false' failed: Error in connection establishment: net::ERR_SSL_PROTOCOL_ERROR @ http://[::1]:5173/node_modules/.vite/deps/pusher-js.js?v=78e615f6:3255
[68557837ms] [ERROR] WebSocket connection to 'wss://localhost:8081/app/app-key?protocol=7&client=js&version=8.4.0&flash=false' failed: Error in connection establishment: net::ERR_SSL_PROTOCOL_ERROR @ http://[::1]:5173/node_modules/.vite/deps/pusher-js.js?v=78e615f6:3255
[68617838ms] [ERROR] WebSocket connection to 'wss://localhost:8081/app/app-key?protocol=7&client=js&version=8.4.0&flash=false' failed: Error in connection establishment: net::ERR_SSL_PROTOCOL_ERROR @ http://[::1]:5173/node_modules/.vite/deps/pusher-js.js?v=78e615f6:3255
[68677840ms] [ERROR] WebSocket connection to 'wss://localhost:8081/app/app-key?protocol=7&client=js&version=8.4.0&flash=false' failed: Error in connection establishment: net::ERR_SSL_PROTOCOL_ERROR @ http://[::1]:5173/node_modules/.vite/deps/pusher-js.js?v=78e615f6:3255
[68737840ms] [ERROR] WebSocket connection to 'wss://localhost:8081/app/app-key?protocol=7&client=js&version=8.4.0&flash=false' failed: Error in connection establishment: net::ERR_SSL_PROTOCOL_ERROR @ http://[::1]:5173/node_modules/.vite/deps/pusher-js.js?v=78e615f6:3255
[68797843ms] [ERROR] WebSocket connection to 'wss://localhost:8081/app/app-key?protocol=7&client=js&version=8.4.0&flash=false' failed: Error in connection establishment: net::ERR_SSL_PROTOCOL_ERROR @ http://[::1]:5173/node_modules/.vite/deps/pusher-js.js?v=78e615f6:3255
[68857854ms] [ERROR] WebSocket connection to 'wss://localhost:8081/app/app-key?protocol=7&client=js&version=8.4.0&flash=false' failed: Error in connection establishment: net::ERR_SSL_PROTOCOL_ERROR @ http://[::1]:5173/node_modules/.vite/deps/pusher-js.js?v=78e615f6:3255
[68917849ms] [ERROR] WebSocket connection to 'wss://localhost:8081/app/app-key?protocol=7&client=js&version=8.4.0&flash=false' failed: Error in connection establishment: net::ERR_SSL_PROTOCOL_ERROR @ http://[::1]:5173/node_modules/.vite/deps/pusher-js.js?v=78e615f6:3255
[68977848ms] [ERROR] WebSocket connection to 'wss://localhost:8081/app/app-key?protocol=7&client=js&version=8.4.0&flash=false' failed: Error in connection establishment: net::ERR_SSL_PROTOCOL_ERROR @ http://[::1]:5173/node_modules/.vite/deps/pusher-js.js?v=78e615f6:3255
[69037853ms] [ERROR] WebSocket connection to 'wss://localhost:8081/app/app-key?protocol=7&client=js&version=8.4.0&flash=false' failed: Error in connection establishment: net::ERR_SSL_PROTOCOL_ERROR @ http://[::1]:5173/node_modules/.vite/deps/pusher-js.js?v=78e615f6:3255
[69097850ms] [ERROR] WebSocket connection to 'wss://localhost:8081/app/app-key?protocol=7&client=js&version=8.4.0&flash=false' failed: Error in connection establishment: net::ERR_SSL_PROTOCOL_ERROR @ http://[::1]:5173/node_modules/.vite/deps/pusher-js.js?v=78e615f6:3255
[69157849ms] [ERROR] WebSocket connection to 'wss://localhost:8081/app/app-key?protocol=7&client=js&version=8.4.0&flash=false' failed: Error in connection establishment: net::ERR_SSL_PROTOCOL_ERROR @ http://[::1]:5173/node_modules/.vite/deps/pusher-js.js?v=78e615f6:3255
[69217856ms] [ERROR] WebSocket connection to 'wss://localhost:8081/app/app-key?protocol=7&client=js&version=8.4.0&flash=false' failed: Error in connection establishment: net::ERR_SSL_PROTOCOL_ERROR @ http://[::1]:5173/node_modules/.vite/deps/pusher-js.js?v=78e615f6:3255
[69277859ms] [ERROR] WebSocket connection to 'wss://localhost:8081/app/app-key?protocol=7&client=js&version=8.4.0&flash=false' failed: Error in connection establishment: net::ERR_SSL_PROTOCOL_ERROR @ http://[::1]:5173/node_modules/.vite/deps/pusher-js.js?v=78e615f6:3255
[69337863ms] [ERROR] WebSocket connection to 'wss://localhost:8081/app/app-key?protocol=7&client=js&version=8.4.0&flash=false' failed: Error in connection establishment: net::ERR_SSL_PROTOCOL_ERROR @ http://[::1]:5173/node_modules/.vite/deps/pusher-js.js?v=78e615f6:3255
[69397866ms] [ERROR] WebSocket connection to 'wss://localhost:8081/app/app-key?protocol=7&client=js&version=8.4.0&flash=false' failed: Error in connection establishment: net::ERR_SSL_PROTOCOL_ERROR @ http://[::1]:5173/node_modules/.vite/deps/pusher-js.js?v=78e615f6:3255
[69457867ms] [ERROR] WebSocket connection to 'wss://localhost:8081/app/app-key?protocol=7&client=js&version=8.4.0&flash=false' failed: Error in connection establishment: net::ERR_SSL_PROTOCOL_ERROR @ http://[::1]:5173/node_modules/.vite/deps/pusher-js.js?v=78e615f6:3255
[69517870ms] [ERROR] WebSocket connection to 'wss://localhost:8081/app/app-key?protocol=7&client=js&version=8.4.0&flash=false' failed: Error in connection establishment: net::ERR_SSL_PROTOCOL_ERROR @ http://[::1]:5173/node_modules/.vite/deps/pusher-js.js?v=78e615f6:3255
[69577870ms] [ERROR] WebSocket connection to 'wss://localhost:8081/app/app-key?protocol=7&client=js&version=8.4.0&flash=false' failed: Error in connection establishment: net::ERR_SSL_PROTOCOL_ERROR @ http://[::1]:5173/node_modules/.vite/deps/pusher-js.js?v=78e615f6:3255
[69637870ms] [ERROR] WebSocket connection to 'wss://localhost:8081/app/app-key?protocol=7&client=js&version=8.4.0&flash=false' failed: Error in connection establishment: net::ERR_SSL_PROTOCOL_ERROR @ http://[::1]:5173/node_modules/.vite/deps/pusher-js.js?v=78e615f6:3255
[69697871ms] [ERROR] WebSocket connection to 'wss://localhost:8081/app/app-key?protocol=7&client=js&version=8.4.0&flash=false' failed: Error in connection establishment: net::ERR_SSL_PROTOCOL_ERROR @ http://[::1]:5173/node_modules/.vite/deps/pusher-js.js?v=78e615f6:3255
[69757878ms] [ERROR] WebSocket connection to 'wss://localhost:8081/app/app-key?protocol=7&client=js&version=8.4.0&flash=false' failed: Error in connection establishment: net::ERR_SSL_PROTOCOL_ERROR @ http://[::1]:5173/node_modules/.vite/deps/pusher-js.js?v=78e615f6:3255
[69817877ms] [ERROR] WebSocket connection to 'wss://localhost:8081/app/app-key?protocol=7&client=js&version=8.4.0&flash=false' failed: Error in connection establishment: net::ERR_SSL_PROTOCOL_ERROR @ http://[::1]:5173/node_modules/.vite/deps/pusher-js.js?v=78e615f6:3255
[69877880ms] [ERROR] WebSocket connection to 'wss://localhost:8081/app/app-key?protocol=7&client=js&version=8.4.0&flash=false' failed: Error in connection establishment: net::ERR_SSL_PROTOCOL_ERROR @ http://[::1]:5173/node_modules/.vite/deps/pusher-js.js?v=78e615f6:3255
[69937892ms] [ERROR] WebSocket connection to 'wss://localhost:8081/app/app-key?protocol=7&client=js&version=8.4.0&flash=false' failed: Error in connection establishment: net::ERR_SSL_PROTOCOL_ERROR @ http://[::1]:5173/node_modules/.vite/deps/pusher-js.js?v=78e615f6:3255
[69997885ms] [ERROR] WebSocket connection to 'wss://localhost:8081/app/app-key?protocol=7&client=js&version=8.4.0&flash=false' failed: Error in connection establishment: net::ERR_SSL_PROTOCOL_ERROR @ http://[::1]:5173/node_modules/.vite/deps/pusher-js.js?v=78e615f6:3255
[70057892ms] [ERROR] WebSocket connection to 'wss://localhost:8081/app/app-key?protocol=7&client=js&version=8.4.0&flash=false' failed: Error in connection establishment: net::ERR_SSL_PROTOCOL_ERROR @ http://[::1]:5173/node_modules/.vite/deps/pusher-js.js?v=78e615f6:3255
[70117893ms] [ERROR] WebSocket connection to 'wss://localhost:8081/app/app-key?protocol=7&client=js&version=8.4.0&flash=false' failed: Error in connection establishment: net::ERR_SSL_PROTOCOL_ERROR @ http://[::1]:5173/node_modules/.vite/deps/pusher-js.js?v=78e615f6:3255
[70177886ms] [ERROR] WebSocket connection to 'wss://localhost:8081/app/app-key?protocol=7&client=js&version=8.4.0&flash=false' failed: Error in connection establishment: net::ERR_SSL_PROTOCOL_ERROR @ http://[::1]:5173/node_modules/.vite/deps/pusher-js.js?v=78e615f6:3255
[70237887ms] [ERROR] WebSocket connection to 'wss://localhost:8081/app/app-key?protocol=7&client=js&version=8.4.0&flash=false' failed: Error in connection establishment: net::ERR_SSL_PROTOCOL_ERROR @ http://[::1]:5173/node_modules/.vite/deps/pusher-js.js?v=78e615f6:3255
[70297884ms] [ERROR] WebSocket connection to 'wss://localhost:8081/app/app-key?protocol=7&client=js&version=8.4.0&flash=false' failed: Error in connection establishment: net::ERR_SSL_PROTOCOL_ERROR @ http://[::1]:5173/node_modules/.vite/deps/pusher-js.js?v=78e615f6:3255
[70357887ms] [ERROR] WebSocket connection to 'wss://localhost:8081/app/app-key?protocol=7&client=js&version=8.4.0&flash=false' failed: Error in connection establishment: net::ERR_SSL_PROTOCOL_ERROR @ http://[::1]:5173/node_modules/.vite/deps/pusher-js.js?v=78e615f6:3255
[70417890ms] [ERROR] WebSocket connection to 'wss://localhost:8081/app/app-key?protocol=7&client=js&version=8.4.0&flash=false' failed: Error in connection establishment: net::ERR_SSL_PROTOCOL_ERROR @ http://[::1]:5173/node_modules/.vite/deps/pusher-js.js?v=78e615f6:3255
[70477893ms] [ERROR] WebSocket connection to 'wss://localhost:8081/app/app-key?protocol=7&client=js&version=8.4.0&flash=false' failed: Error in connection establishment: net::ERR_SSL_PROTOCOL_ERROR @ http://[::1]:5173/node_modules/.vite/deps/pusher-js.js?v=78e615f6:3255
[70537896ms] [ERROR] WebSocket connection to 'wss://localhost:8081/app/app-key?protocol=7&client=js&version=8.4.0&flash=false' failed: Error in connection establishment: net::ERR_SSL_PROTOCOL_ERROR @ http://[::1]:5173/node_modules/.vite/deps/pusher-js.js?v=78e615f6:3255
[70597892ms] [ERROR] WebSocket connection to 'wss://localhost:8081/app/app-key?protocol=7&client=js&version=8.4.0&flash=false' failed: Error in connection establishment: net::ERR_SSL_PROTOCOL_ERROR @ http://[::1]:5173/node_modules/.vite/deps/pusher-js.js?v=78e615f6:3255
[70657893ms] [ERROR] WebSocket connection to 'wss://localhost:8081/app/app-key?protocol=7&client=js&version=8.4.0&flash=false' failed: Error in connection establishment: net::ERR_SSL_PROTOCOL_ERROR @ http://[::1]:5173/node_modules/.vite/deps/pusher-js.js?v=78e615f6:3255
[70717895ms] [ERROR] WebSocket connection to 'wss://localhost:8081/app/app-key?protocol=7&client=js&version=8.4.0&flash=false' failed: Error in connection establishment: net::ERR_SSL_PROTOCOL_ERROR @ http://[::1]:5173/node_modules/.vite/deps/pusher-js.js?v=78e615f6:3255
[70777895ms] [ERROR] WebSocket connection to 'wss://localhost:8081/app/app-key?protocol=7&client=js&version=8.4.0&flash=false' failed: Error in connection establishment: net::ERR_SSL_PROTOCOL_ERROR @ http://[::1]:5173/node_modules/.vite/deps/pusher-js.js?v=78e615f6:3255
[70837899ms] [ERROR] WebSocket connection to 'wss://localhost:8081/app/app-key?protocol=7&client=js&version=8.4.0&flash=false' failed: Error in connection establishment: net::ERR_SSL_PROTOCOL_ERROR @ http://[::1]:5173/node_modules/.vite/deps/pusher-js.js?v=78e615f6:3255
[70897901ms] [ERROR] WebSocket connection to 'wss://localhost:8081/app/app-key?protocol=7&client=js&version=8.4.0&flash=false' failed: Error in connection establishment: net::ERR_SSL_PROTOCOL_ERROR @ http://[::1]:5173/node_modules/.vite/deps/pusher-js.js?v=78e615f6:3255
[70957906ms] [ERROR] WebSocket connection to 'wss://localhost:8081/app/app-key?protocol=7&client=js&version=8.4.0&flash=false' failed: Error in connection establishment: net::ERR_SSL_PROTOCOL_ERROR @ http://[::1]:5173/node_modules/.vite/deps/pusher-js.js?v=78e615f6:3255
[71017902ms] [ERROR] WebSocket connection to 'wss://localhost:8081/app/app-key?protocol=7&client=js&version=8.4.0&flash=false' failed: Error in connection establishment: net::ERR_SSL_PROTOCOL_ERROR @ http://[::1]:5173/node_modules/.vite/deps/pusher-js.js?v=78e615f6:3255
[71077905ms] [ERROR] WebSocket connection to 'wss://localhost:8081/app/app-key?protocol=7&client=js&version=8.4.0&flash=false' failed: Error in connection establishment: net::ERR_SSL_PROTOCOL_ERROR @ http://[::1]:5173/node_modules/.vite/deps/pusher-js.js?v=78e615f6:3255
[71137910ms] [ERROR] WebSocket connection to 'wss://localhost:8081/app/app-key?protocol=7&client=js&version=8.4.0&flash=false' failed: Error in connection establishment: net::ERR_SSL_PROTOCOL_ERROR @ http://[::1]:5173/node_modules/.vite/deps/pusher-js.js?v=78e615f6:3255
[71197911ms] [ERROR] WebSocket connection to 'wss://localhost:8081/app/app-key?protocol=7&client=js&version=8.4.0&flash=false' failed: Error in connection establishment: net::ERR_SSL_PROTOCOL_ERROR @ http://[::1]:5173/node_modules/.vite/deps/pusher-js.js?v=78e615f6:3255
[71257909ms] [ERROR] WebSocket connection to 'wss://localhost:8081/app/app-key?protocol=7&client=js&version=8.4.0&flash=false' failed: Error in connection establishment: net::ERR_SSL_PROTOCOL_ERROR @ http://[::1]:5173/node_modules/.vite/deps/pusher-js.js?v=78e615f6:3255
[71317911ms] [ERROR] WebSocket connection to 'wss://localhost:8081/app/app-key?protocol=7&client=js&version=8.4.0&flash=false' failed: Error in connection establishment: net::ERR_SSL_PROTOCOL_ERROR @ http://[::1]:5173/node_modules/.vite/deps/pusher-js.js?v=78e615f6:3255
[71377912ms] [ERROR] WebSocket connection to 'wss://localhost:8081/app/app-key?protocol=7&client=js&version=8.4.0&flash=false' failed: Error in connection establishment: net::ERR_SSL_PROTOCOL_ERROR @ http://[::1]:5173/node_modules/.vite/deps/pusher-js.js?v=78e615f6:3255
[71437914ms] [ERROR] WebSocket connection to 'wss://localhost:8081/app/app-key?protocol=7&client=js&version=8.4.0&flash=false' failed: Error in connection establishment: net::ERR_SSL_PROTOCOL_ERROR @ http://[::1]:5173/node_modules/.vite/deps/pusher-js.js?v=78e615f6:3255
[71497916ms] [ERROR] WebSocket connection to 'wss://localhost:8081/app/app-key?protocol=7&client=js&version=8.4.0&flash=false' failed: Error in connection establishment: net::ERR_SSL_PROTOCOL_ERROR @ http://[::1]:5173/node_modules/.vite/deps/pusher-js.js?v=78e615f6:3255
[71557918ms] [ERROR] WebSocket connection to 'wss://localhost:8081/app/app-key?protocol=7&client=js&version=8.4.0&flash=false' failed: Error in connection establishment: net::ERR_SSL_PROTOCOL_ERROR @ http://[::1]:5173/node_modules/.vite/deps/pusher-js.js?v=78e615f6:3255
[71617918ms] [ERROR] WebSocket connection to 'wss://localhost:8081/app/app-key?protocol=7&client=js&version=8.4.0&flash=false' failed: Error in connection establishment: net::ERR_SSL_PROTOCOL_ERROR @ http://[::1]:5173/node_modules/.vite/deps/pusher-js.js?v=78e615f6:3255
[71677924ms] [ERROR] WebSocket connection to 'wss://localhost:8081/app/app-key?protocol=7&client=js&version=8.4.0&flash=false' failed: Error in connection establishment: net::ERR_SSL_PROTOCOL_ERROR @ http://[::1]:5173/node_modules/.vite/deps/pusher-js.js?v=78e615f6:3255
[71737924ms] [ERROR] WebSocket connection to 'wss://localhost:8081/app/app-key?protocol=7&client=js&version=8.4.0&flash=false' failed: Error in connection establishment: net::ERR_SSL_PROTOCOL_ERROR @ http://[::1]:5173/node_modules/.vite/deps/pusher-js.js?v=78e615f6:3255
[71797923ms] [ERROR] WebSocket connection to 'wss://localhost:8081/app/app-key?protocol=7&client=js&version=8.4.0&flash=false' failed: Error in connection establishment: net::ERR_SSL_PROTOCOL_ERROR @ http://[::1]:5173/node_modules/.vite/deps/pusher-js.js?v=78e615f6:3255
[71857931ms] [ERROR] WebSocket connection to 'wss://localhost:8081/app/app-key?protocol=7&client=js&version=8.4.0&flash=false' failed: Error in connection establishment: net::ERR_SSL_PROTOCOL_ERROR @ http://[::1]:5173/node_modules/.vite/deps/pusher-js.js?v=78e615f6:3255
[71917928ms] [ERROR] WebSocket connection to 'wss://localhost:8081/app/app-key?protocol=7&client=js&version=8.4.0&flash=false' failed: Error in connection establishment: net::ERR_SSL_PROTOCOL_ERROR @ http://[::1]:5173/node_modules/.vite/deps/pusher-js.js?v=78e615f6:3255
[71977931ms] [ERROR] WebSocket connection to 'wss://localhost:8081/app/app-key?protocol=7&client=js&version=8.4.0&flash=false' failed: Error in connection establishment: net::ERR_SSL_PROTOCOL_ERROR @ http://[::1]:5173/node_modules/.vite/deps/pusher-js.js?v=78e615f6:3255
[72037932ms] [ERROR] WebSocket connection to 'wss://localhost:8081/app/app-key?protocol=7&client=js&version=8.4.0&flash=false' failed: Error in connection establishment: net::ERR_SSL_PROTOCOL_ERROR @ http://[::1]:5173/node_modules/.vite/deps/pusher-js.js?v=78e615f6:3255
[72097930ms] [ERROR] WebSocket connection to 'wss://localhost:8081/app/app-key?protocol=7&client=js&version=8.4.0&flash=false' failed: Error in connection establishment: net::ERR_SSL_PROTOCOL_ERROR @ http://[::1]:5173/node_modules/.vite/deps/pusher-js.js?v=78e615f6:3255
[72157937ms] [ERROR] WebSocket connection to 'wss://localhost:8081/app/app-key?protocol=7&client=js&version=8.4.0&flash=false' failed: Error in connection establishment: net::ERR_SSL_PROTOCOL_ERROR @ http://[::1]:5173/node_modules/.vite/deps/pusher-js.js?v=78e615f6:3255
[72217938ms] [ERROR] WebSocket connection to 'wss://localhost:8081/app/app-key?protocol=7&client=js&version=8.4.0&flash=false' failed: Error in connection establishment: net::ERR_SSL_PROTOCOL_ERROR @ http://[::1]:5173/node_modules/.vite/deps/pusher-js.js?v=78e615f6:3255
[72277945ms] [ERROR] WebSocket connection to 'wss://localhost:8081/app/app-key?protocol=7&client=js&version=8.4.0&flash=false' failed: Error in connection establishment: net::ERR_SSL_PROTOCOL_ERROR @ http://[::1]:5173/node_modules/.vite/deps/pusher-js.js?v=78e615f6:3255
[72337947ms] [ERROR] WebSocket connection to 'wss://localhost:8081/app/app-key?protocol=7&client=js&version=8.4.0&flash=false' failed: Error in connection establishment: net::ERR_SSL_PROTOCOL_ERROR @ http://[::1]:5173/node_modules/.vite/deps/pusher-js.js?v=78e615f6:3255
[72397950ms] [ERROR] WebSocket connection to 'wss://localhost:8081/app/app-key?protocol=7&client=js&version=8.4.0&flash=false' failed: Error in connection establishment: net::ERR_SSL_PROTOCOL_ERROR @ http://[::1]:5173/node_modules/.vite/deps/pusher-js.js?v=78e615f6:3255
[72457950ms] [ERROR] WebSocket connection to 'wss://localhost:8081/app/app-key?protocol=7&client=js&version=8.4.0&flash=false' failed: Error in connection establishment: net::ERR_SSL_PROTOCOL_ERROR @ http://[::1]:5173/node_modules/.vite/deps/pusher-js.js?v=78e615f6:3255
[72517947ms] [ERROR] WebSocket connection to 'wss://localhost:8081/app/app-key?protocol=7&client=js&version=8.4.0&flash=false' failed: Error in connection establishment: net::ERR_SSL_PROTOCOL_ERROR @ http://[::1]:5173/node_modules/.vite/deps/pusher-js.js?v=78e615f6:3255
[72577947ms] [ERROR] WebSocket connection to 'wss://localhost:8081/app/app-key?protocol=7&client=js&version=8.4.0&flash=false' failed: Error in connection establishment: net::ERR_SSL_PROTOCOL_ERROR @ http://[::1]:5173/node_modules/.vite/deps/pusher-js.js?v=78e615f6:3255
[72637955ms] [ERROR] WebSocket connection to 'wss://localhost:8081/app/app-key?protocol=7&client=js&version=8.4.0&flash=false' failed: Error in connection establishment: net::ERR_SSL_PROTOCOL_ERROR @ http://[::1]:5173/node_modules/.vite/deps/pusher-js.js?v=78e615f6:3255
[72697956ms] [ERROR] WebSocket connection to 'wss://localhost:8081/app/app-key?protocol=7&client=js&version=8.4.0&flash=false' failed: Error in connection establishment: net::ERR_SSL_PROTOCOL_ERROR @ http://[::1]:5173/node_modules/.vite/deps/pusher-js.js?v=78e615f6:3255
[72757951ms] [ERROR] WebSocket connection to 'wss://localhost:8081/app/app-key?protocol=7&client=js&version=8.4.0&flash=false' failed: Error in connection establishment: net::ERR_SSL_PROTOCOL_ERROR @ http://[::1]:5173/node_modules/.vite/deps/pusher-js.js?v=78e615f6:3255
[72817955ms] [ERROR] WebSocket connection to 'wss://localhost:8081/app/app-key?protocol=7&client=js&version=8.4.0&flash=false' failed: Error in connection establishment: net::ERR_SSL_PROTOCOL_ERROR @ http://[::1]:5173/node_modules/.vite/deps/pusher-js.js?v=78e615f6:3255
[72877959ms] [ERROR] WebSocket connection to 'wss://localhost:8081/app/app-key?protocol=7&client=js&version=8.4.0&flash=false' failed: Error in connection establishment: net::ERR_SSL_PROTOCOL_ERROR @ http://[::1]:5173/node_modules/.vite/deps/pusher-js.js?v=78e615f6:3255
[72937964ms] [ERROR] WebSocket connection to 'wss://localhost:8081/app/app-key?protocol=7&client=js&version=8.4.0&flash=false' failed: Error in connection establishment: net::ERR_SSL_PROTOCOL_ERROR @ http://[::1]:5173/node_modules/.vite/deps/pusher-js.js?v=78e615f6:3255
[72997960ms] [ERROR] WebSocket connection to 'wss://localhost:8081/app/app-key?protocol=7&client=js&version=8.4.0&flash=false' failed: Error in connection establishment: net::ERR_SSL_PROTOCOL_ERROR @ http://[::1]:5173/node_modules/.vite/deps/pusher-js.js?v=78e615f6:3255
[73057962ms] [ERROR] WebSocket connection to 'wss://localhost:8081/app/app-key?protocol=7&client=js&version=8.4.0&flash=false' failed: Error in connection establishment: net::ERR_SSL_PROTOCOL_ERROR @ http://[::1]:5173/node_modules/.vite/deps/pusher-js.js?v=78e615f6:3255
[73117966ms] [ERROR] WebSocket connection to 'wss://localhost:8081/app/app-key?protocol=7&client=js&version=8.4.0&flash=false' failed: Error in connection establishment: net::ERR_SSL_PROTOCOL_ERROR @ http://[::1]:5173/node_modules/.vite/deps/pusher-js.js?v=78e615f6:3255
[73177958ms] [ERROR] WebSocket connection to 'wss://localhost:8081/app/app-key?protocol=7&client=js&version=8.4.0&flash=false' failed: Error in connection establishment: net::ERR_SSL_PROTOCOL_ERROR @ http://[::1]:5173/node_modules/.vite/deps/pusher-js.js?v=78e615f6:3255
[73237968ms] [ERROR] WebSocket connection to 'wss://localhost:8081/app/app-key?protocol=7&client=js&version=8.4.0&flash=false' failed: Error in connection establishment: net::ERR_SSL_PROTOCOL_ERROR @ http://[::1]:5173/node_modules/.vite/deps/pusher-js.js?v=78e615f6:3255
[73297966ms] [ERROR] WebSocket connection to 'wss://localhost:8081/app/app-key?protocol=7&client=js&version=8.4.0&flash=false' failed: Error in connection establishment: net::ERR_SSL_PROTOCOL_ERROR @ http://[::1]:5173/node_modules/.vite/deps/pusher-js.js?v=78e615f6:3255
[73357967ms] [ERROR] WebSocket connection to 'wss://localhost:8081/app/app-key?protocol=7&client=js&version=8.4.0&flash=false' failed: Error in connection establishment: net::ERR_SSL_PROTOCOL_ERROR @ http://[::1]:5173/node_modules/.vite/deps/pusher-js.js?v=78e615f6:3255
[73417970ms] [ERROR] WebSocket connection to 'wss://localhost:8081/app/app-key?protocol=7&client=js&version=8.4.0&flash=false' failed: Error in connection establishment: net::ERR_SSL_PROTOCOL_ERROR @ http://[::1]:5173/node_modules/.vite/deps/pusher-js.js?v=78e615f6:3255
[73477969ms] [ERROR] WebSocket connection to 'wss://localhost:8081/app/app-key?protocol=7&client=js&version=8.4.0&flash=false' failed: Error in connection establishment: net::ERR_SSL_PROTOCOL_ERROR @ http://[::1]:5173/node_modules/.vite/deps/pusher-js.js?v=78e615f6:3255
[73537974ms] [ERROR] WebSocket connection to 'wss://localhost:8081/app/app-key?protocol=7&client=js&version=8.4.0&flash=false' failed: Error in connection establishment: net::ERR_SSL_PROTOCOL_ERROR @ http://[::1]:5173/node_modules/.vite/deps/pusher-js.js?v=78e615f6:3255
[73597974ms] [ERROR] WebSocket connection to 'wss://localhost:8081/app/app-key?protocol=7&client=js&version=8.4.0&flash=false' failed: Error in connection establishment: net::ERR_SSL_PROTOCOL_ERROR @ http://[::1]:5173/node_modules/.vite/deps/pusher-js.js?v=78e615f6:3255
[73657980ms] [ERROR] WebSocket connection to 'wss://localhost:8081/app/app-key?protocol=7&client=js&version=8.4.0&flash=false' failed: Error in connection establishment: net::ERR_SSL_PROTOCOL_ERROR @ http://[::1]:5173/node_modules/.vite/deps/pusher-js.js?v=78e615f6:3255
[73717974ms] [ERROR] WebSocket connection to 'wss://localhost:8081/app/app-key?protocol=7&client=js&version=8.4.0&flash=false' failed: Error in connection establishment: net::ERR_SSL_PROTOCOL_ERROR @ http://[::1]:5173/node_modules/.vite/deps/pusher-js.js?v=78e615f6:3255
[73777976ms] [ERROR] WebSocket connection to 'wss://localhost:8081/app/app-key?protocol=7&client=js&version=8.4.0&flash=false' failed: Error in connection establishment: net::ERR_SSL_PROTOCOL_ERROR @ http://[::1]:5173/node_modules/.vite/deps/pusher-js.js?v=78e615f6:3255
[73837982ms] [ERROR] WebSocket connection to 'wss://localhost:8081/app/app-key?protocol=7&client=js&version=8.4.0&flash=false' failed: Error in connection establishment: net::ERR_SSL_PROTOCOL_ERROR @ http://[::1]:5173/node_modules/.vite/deps/pusher-js.js?v=78e615f6:3255
[73897977ms] [ERROR] WebSocket connection to 'wss://localhost:8081/app/app-key?protocol=7&client=js&version=8.4.0&flash=false' failed: Error in connection establishment: net::ERR_SSL_PROTOCOL_ERROR @ http://[::1]:5173/node_modules/.vite/deps/pusher-js.js?v=78e615f6:3255
[73957982ms] [ERROR] WebSocket connection to 'wss://localhost:8081/app/app-key?protocol=7&client=js&version=8.4.0&flash=false' failed: Error in connection establishment: net::ERR_SSL_PROTOCOL_ERROR @ http://[::1]:5173/node_modules/.vite/deps/pusher-js.js?v=78e615f6:3255
[74017988ms] [ERROR] WebSocket connection to 'wss://localhost:8081/app/app-key?protocol=7&client=js&version=8.4.0&flash=false' failed: Error in connection establishment: net::ERR_SSL_PROTOCOL_ERROR @ http://[::1]:5173/node_modules/.vite/deps/pusher-js.js?v=78e615f6:3255
[74077985ms] [ERROR] WebSocket connection to 'wss://localhost:8081/app/app-key?protocol=7&client=js&version=8.4.0&flash=false' failed: Error in connection establishment: net::ERR_SSL_PROTOCOL_ERROR @ http://[::1]:5173/node_modules/.vite/deps/pusher-js.js?v=78e615f6:3255
[74137991ms] [ERROR] WebSocket connection to 'wss://localhost:8081/app/app-key?protocol=7&client=js&version=8.4.0&flash=false' failed: Error in connection establishment: net::ERR_SSL_PROTOCOL_ERROR @ http://[::1]:5173/node_modules/.vite/deps/pusher-js.js?v=78e615f6:3255
[74197998ms] [ERROR] WebSocket connection to 'wss://localhost:8081/app/app-key?protocol=7&client=js&version=8.4.0&flash=false' failed: Error in connection establishment: net::ERR_SSL_PROTOCOL_ERROR @ http://[::1]:5173/node_modules/.vite/deps/pusher-js.js?v=78e615f6:3255
[74258015ms] [ERROR] WebSocket connection to 'wss://localhost:8081/app/app-key?protocol=7&client=js&version=8.4.0&flash=false' failed: Error in connection establishment: net::ERR_SSL_PROTOCOL_ERROR @ http://[::1]:5173/node_modules/.vite/deps/pusher-js.js?v=78e615f6:3255
[74318002ms] [ERROR] WebSocket connection to 'wss://localhost:8081/app/app-key?protocol=7&client=js&version=8.4.0&flash=false' failed: Error in connection establishment: net::ERR_SSL_PROTOCOL_ERROR @ http://[::1]:5173/node_modules/.vite/deps/pusher-js.js?v=78e615f6:3255
[74378007ms] [ERROR] WebSocket connection to 'wss://localhost:8081/app/app-key?protocol=7&client=js&version=8.4.0&flash=false' failed: Error in connection establishment: net::ERR_SSL_PROTOCOL_ERROR @ http://[::1]:5173/node_modules/.vite/deps/pusher-js.js?v=78e615f6:3255
[74438009ms] [ERROR] WebSocket connection to 'wss://localhost:8081/app/app-key?protocol=7&client=js&version=8.4.0&flash=false' failed: Error in connection establishment: net::ERR_SSL_PROTOCOL_ERROR @ http://[::1]:5173/node_modules/.vite/deps/pusher-js.js?v=78e615f6:3255
[74498011ms] [ERROR] WebSocket connection to 'wss://localhost:8081/app/app-key?protocol=7&client=js&version=8.4.0&flash=false' failed: Error in connection establishment: net::ERR_SSL_PROTOCOL_ERROR @ http://[::1]:5173/node_modules/.vite/deps/pusher-js.js?v=78e615f6:3255
[74558014ms] [ERROR] WebSocket connection to 'wss://localhost:8081/app/app-key?protocol=7&client=js&version=8.4.0&flash=false' failed: Error in connection establishment: net::ERR_SSL_PROTOCOL_ERROR @ http://[::1]:5173/node_modules/.vite/deps/pusher-js.js?v=78e615f6:3255
[74618038ms] [ERROR] WebSocket connection to 'wss://localhost:8081/app/app-key?protocol=7&client=js&version=8.4.0&flash=false' failed: Error in connection establishment: net::ERR_SSL_PROTOCOL_ERROR @ http://[::1]:5173/node_modules/.vite/deps/pusher-js.js?v=78e615f6:3255
[74678019ms] [ERROR] WebSocket connection to 'wss://localhost:8081/app/app-key?protocol=7&client=js&version=8.4.0&flash=false' failed: Error in connection establishment: net::ERR_SSL_PROTOCOL_ERROR @ http://[::1]:5173/node_modules/.vite/deps/pusher-js.js?v=78e615f6:3255
[74738018ms] [ERROR] WebSocket connection to 'wss://localhost:8081/app/app-key?protocol=7&client=js&version=8.4.0&flash=false' failed: Error in connection establishment: net::ERR_SSL_PROTOCOL_ERROR @ http://[::1]:5173/node_modules/.vite/deps/pusher-js.js?v=78e615f6:3255
[74798022ms] [ERROR] WebSocket connection to 'wss://localhost:8081/app/app-key?protocol=7&client=js&version=8.4.0&flash=false' failed: Error in connection establishment: net::ERR_SSL_PROTOCOL_ERROR @ http://[::1]:5173/node_modules/.vite/deps/pusher-js.js?v=78e615f6:3255
[74858023ms] [ERROR] WebSocket connection to 'wss://localhost:8081/app/app-key?protocol=7&client=js&version=8.4.0&flash=false' failed: Error in connection establishment: net::ERR_SSL_PROTOCOL_ERROR @ http://[::1]:5173/node_modules/.vite/deps/pusher-js.js?v=78e615f6:3255
[74918025ms] [ERROR] WebSocket connection to 'wss://localhost:8081/app/app-key?protocol=7&client=js&version=8.4.0&flash=false' failed: Error in connection establishment: net::ERR_SSL_PROTOCOL_ERROR @ http://[::1]:5173/node_modules/.vite/deps/pusher-js.js?v=78e615f6:3255
[74978027ms] [ERROR] WebSocket connection to 'wss://localhost:8081/app/app-key?protocol=7&client=js&version=8.4.0&flash=false' failed: Error in connection establishment: net::ERR_SSL_PROTOCOL_ERROR @ http://[::1]:5173/node_modules/.vite/deps/pusher-js.js?v=78e615f6:3255
[75038029ms] [ERROR] WebSocket connection to 'wss://localhost:8081/app/app-key?protocol=7&client=js&version=8.4.0&flash=false' failed: Error in connection establishment: net::ERR_SSL_PROTOCOL_ERROR @ http://[::1]:5173/node_modules/.vite/deps/pusher-js.js?v=78e615f6:3255
[75098028ms] [ERROR] WebSocket connection to 'wss://localhost:8081/app/app-key?protocol=7&client=js&version=8.4.0&flash=false' failed: Error in connection establishment: net::ERR_SSL_PROTOCOL_ERROR @ http://[::1]:5173/node_modules/.vite/deps/pusher-js.js?v=78e615f6:3255
[75158036ms] [ERROR] WebSocket connection to 'wss://localhost:8081/app/app-key?protocol=7&client=js&version=8.4.0&flash=false' failed: Error in connection establishment: net::ERR_SSL_PROTOCOL_ERROR @ http://[::1]:5173/node_modules/.vite/deps/pusher-js.js?v=78e615f6:3255
[75218028ms] [ERROR] WebSocket connection to 'wss://localhost:8081/app/app-key?protocol=7&client=js&version=8.4.0&flash=false' failed: Error in connection establishment: net::ERR_SSL_PROTOCOL_ERROR @ http://[::1]:5173/node_modules/.vite/deps/pusher-js.js?v=78e615f6:3255
[75278032ms] [ERROR] WebSocket connection to 'wss://localhost:8081/app/app-key?protocol=7&client=js&version=8.4.0&flash=false' failed: Error in connection establishment: net::ERR_SSL_PROTOCOL_ERROR @ http://[::1]:5173/node_modules/.vite/deps/pusher-js.js?v=78e615f6:3255
[75338036ms] [ERROR] WebSocket connection to 'wss://localhost:8081/app/app-key?protocol=7&client=js&version=8.4.0&flash=false' failed: Error in connection establishment: net::ERR_SSL_PROTOCOL_ERROR @ http://[::1]:5173/node_modules/.vite/deps/pusher-js.js?v=78e615f6:3255
[75398046ms] [ERROR] WebSocket connection to 'wss://localhost:8081/app/app-key?protocol=7&client=js&version=8.4.0&flash=false' failed: Error in connection establishment: net::ERR_SSL_PROTOCOL_ERROR @ http://[::1]:5173/node_modules/.vite/deps/pusher-js.js?v=78e615f6:3255
[75458046ms] [ERROR] WebSocket connection to 'wss://localhost:8081/app/app-key?protocol=7&client=js&version=8.4.0&flash=false' failed: Error in connection establishment: net::ERR_SSL_PROTOCOL_ERROR @ http://[::1]:5173/node_modules/.vite/deps/pusher-js.js?v=78e615f6:3255
[75518044ms] [ERROR] WebSocket connection to 'wss://localhost:8081/app/app-key?protocol=7&client=js&version=8.4.0&flash=false' failed: Error in connection establishment: net::ERR_SSL_PROTOCOL_ERROR @ http://[::1]:5173/node_modules/.vite/deps/pusher-js.js?v=78e615f6:3255
[75578048ms] [ERROR] WebSocket connection to 'wss://localhost:8081/app/app-key?protocol=7&client=js&version=8.4.0&flash=false' failed: Error in connection establishment: net::ERR_SSL_PROTOCOL_ERROR @ http://[::1]:5173/node_modules/.vite/deps/pusher-js.js?v=78e615f6:3255
[75638053ms] [ERROR] WebSocket connection to 'wss://localhost:8081/app/app-key?protocol=7&client=js&version=8.4.0&flash=false' failed: Error in connection establishment: net::ERR_SSL_PROTOCOL_ERROR @ http://[::1]:5173/node_modules/.vite/deps/pusher-js.js?v=78e615f6:3255
[75698049ms] [ERROR] WebSocket connection to 'wss://localhost:8081/app/app-key?protocol=7&client=js&version=8.4.0&flash=false' failed: Error in connection establishment: net::ERR_SSL_PROTOCOL_ERROR @ http://[::1]:5173/node_modules/.vite/deps/pusher-js.js?v=78e615f6:3255
[75758053ms] [ERROR] WebSocket connection to 'wss://localhost:8081/app/app-key?protocol=7&client=js&version=8.4.0&flash=false' failed: Error in connection establishment: net::ERR_SSL_PROTOCOL_ERROR @ http://[::1]:5173/node_modules/.vite/deps/pusher-js.js?v=78e615f6:3255
[75818050ms] [ERROR] WebSocket connection to 'wss://localhost:8081/app/app-key?protocol=7&client=js&version=8.4.0&flash=false' failed: Error in connection establishment: net::ERR_SSL_PROTOCOL_ERROR @ http://[::1]:5173/node_modules/.vite/deps/pusher-js.js?v=78e615f6:3255
[75878058ms] [ERROR] WebSocket connection to 'wss://localhost:8081/app/app-key?protocol=7&client=js&version=8.4.0&flash=false' failed: Error in connection establishment: net::ERR_SSL_PROTOCOL_ERROR @ http://[::1]:5173/node_modules/.vite/deps/pusher-js.js?v=78e615f6:3255
[75938059ms] [ERROR] WebSocket connection to 'wss://localhost:8081/app/app-key?protocol=7&client=js&version=8.4.0&flash=false' failed: Error in connection establishment: net::ERR_SSL_PROTOCOL_ERROR @ http://[::1]:5173/node_modules/.vite/deps/pusher-js.js?v=78e615f6:3255
[75998057ms] [ERROR] WebSocket connection to 'wss://localhost:8081/app/app-key?protocol=7&client=js&version=8.4.0&flash=false' failed: Error in connection establishment: net::ERR_SSL_PROTOCOL_ERROR @ http://[::1]:5173/node_modules/.vite/deps/pusher-js.js?v=78e615f6:3255
[76058061ms] [ERROR] WebSocket connection to 'wss://localhost:8081/app/app-key?protocol=7&client=js&version=8.4.0&flash=false' failed: Error in connection establishment: net::ERR_SSL_PROTOCOL_ERROR @ http://[::1]:5173/node_modules/.vite/deps/pusher-js.js?v=78e615f6:3255
[76118065ms] [ERROR] WebSocket connection to 'wss://localhost:8081/app/app-key?protocol=7&client=js&version=8.4.0&flash=false' failed: Error in connection establishment: net::ERR_SSL_PROTOCOL_ERROR @ http://[::1]:5173/node_modules/.vite/deps/pusher-js.js?v=78e615f6:3255
[76178068ms] [ERROR] WebSocket connection to 'wss://localhost:8081/app/app-key?protocol=7&client=js&version=8.4.0&flash=false' failed: Error in connection establishment: net::ERR_SSL_PROTOCOL_ERROR @ http://[::1]:5173/node_modules/.vite/deps/pusher-js.js?v=78e615f6:3255
[76238060ms] [ERROR] WebSocket connection to 'wss://localhost:8081/app/app-key?protocol=7&client=js&version=8.4.0&flash=false' failed: Error in connection establishment: net::ERR_SSL_PROTOCOL_ERROR @ http://[::1]:5173/node_modules/.vite/deps/pusher-js.js?v=78e615f6:3255
[76298064ms] [ERROR] WebSocket connection to 'wss://localhost:8081/app/app-key?protocol=7&client=js&version=8.4.0&flash=false' failed: Error in connection establishment: net::ERR_SSL_PROTOCOL_ERROR @ http://[::1]:5173/node_modules/.vite/deps/pusher-js.js?v=78e615f6:3255
[76358070ms] [ERROR] WebSocket connection to 'wss://localhost:8081/app/app-key?protocol=7&client=js&version=8.4.0&flash=false' failed: Error in connection establishment: net::ERR_SSL_PROTOCOL_ERROR @ http://[::1]:5173/node_modules/.vite/deps/pusher-js.js?v=78e615f6:3255
[76418065ms] [ERROR] WebSocket connection to 'wss://localhost:8081/app/app-key?protocol=7&client=js&version=8.4.0&flash=false' failed: Error in connection establishment: net::ERR_SSL_PROTOCOL_ERROR @ http://[::1]:5173/node_modules/.vite/deps/pusher-js.js?v=78e615f6:3255
[76478069ms] [ERROR] WebSocket connection to 'wss://localhost:8081/app/app-key?protocol=7&client=js&version=8.4.0&flash=false' failed: Error in connection establishment: net::ERR_SSL_PROTOCOL_ERROR @ http://[::1]:5173/node_modules/.vite/deps/pusher-js.js?v=78e615f6:3255
[76538072ms] [ERROR] WebSocket connection to 'wss://localhost:8081/app/app-key?protocol=7&client=js&version=8.4.0&flash=false' failed: Error in connection establishment: net::ERR_SSL_PROTOCOL_ERROR @ http://[::1]:5173/node_modules/.vite/deps/pusher-js.js?v=78e615f6:3255
[76598078ms] [ERROR] WebSocket connection to 'wss://localhost:8081/app/app-key?protocol=7&client=js&version=8.4.0&flash=false' failed: Error in connection establishment: net::ERR_SSL_PROTOCOL_ERROR @ http://[::1]:5173/node_modules/.vite/deps/pusher-js.js?v=78e615f6:3255
[76658073ms] [ERROR] WebSocket connection to 'wss://localhost:8081/app/app-key?protocol=7&client=js&version=8.4.0&flash=false' failed: Error in connection establishment: net::ERR_SSL_PROTOCOL_ERROR @ http://[::1]:5173/node_modules/.vite/deps/pusher-js.js?v=78e615f6:3255
[76718076ms] [ERROR] WebSocket connection to 'wss://localhost:8081/app/app-key?protocol=7&client=js&version=8.4.0&flash=false' failed: Error in connection establishment: net::ERR_SSL_PROTOCOL_ERROR @ http://[::1]:5173/node_modules/.vite/deps/pusher-js.js?v=78e615f6:3255
[76778071ms] [ERROR] WebSocket connection to 'wss://localhost:8081/app/app-key?protocol=7&client=js&version=8.4.0&flash=false' failed: Error in connection establishment: net::ERR_SSL_PROTOCOL_ERROR @ http://[::1]:5173/node_modules/.vite/deps/pusher-js.js?v=78e615f6:3255
[76838078ms] [ERROR] WebSocket connection to 'wss://localhost:8081/app/app-key?protocol=7&client=js&version=8.4.0&flash=false' failed: Error in connection establishment: net::ERR_SSL_PROTOCOL_ERROR @ http://[::1]:5173/node_modules/.vite/deps/pusher-js.js?v=78e615f6:3255
[76898079ms] [ERROR] WebSocket connection to 'wss://localhost:8081/app/app-key?protocol=7&client=js&version=8.4.0&flash=false' failed: Error in connection establishment: net::ERR_SSL_PROTOCOL_ERROR @ http://[::1]:5173/node_modules/.vite/deps/pusher-js.js?v=78e615f6:3255
[76958085ms] [ERROR] WebSocket connection to 'wss://localhost:8081/app/app-key?protocol=7&client=js&version=8.4.0&flash=false' failed: Error in connection establishment: net::ERR_SSL_PROTOCOL_ERROR @ http://[::1]:5173/node_modules/.vite/deps/pusher-js.js?v=78e615f6:3255
[77018080ms] [ERROR] WebSocket connection to 'wss://localhost:8081/app/app-key?protocol=7&client=js&version=8.4.0&flash=false' failed: Error in connection establishment: net::ERR_SSL_PROTOCOL_ERROR @ http://[::1]:5173/node_modules/.vite/deps/pusher-js.js?v=78e615f6:3255
[77078089ms] [ERROR] WebSocket connection to 'wss://localhost:8081/app/app-key?protocol=7&client=js&version=8.4.0&flash=false' failed: Error in connection establishment: net::ERR_SSL_PROTOCOL_ERROR @ http://[::1]:5173/node_modules/.vite/deps/pusher-js.js?v=78e615f6:3255
[77138090ms] [ERROR] WebSocket connection to 'wss://localhost:8081/app/app-key?protocol=7&client=js&version=8.4.0&flash=false' failed: Error in connection establishment: net::ERR_SSL_PROTOCOL_ERROR @ http://[::1]:5173/node_modules/.vite/deps/pusher-js.js?v=78e615f6:3255
[77198090ms] [ERROR] WebSocket connection to 'wss://localhost:8081/app/app-key?protocol=7&client=js&version=8.4.0&flash=false' failed: Error in connection establishment: net::ERR_SSL_PROTOCOL_ERROR @ http://[::1]:5173/node_modules/.vite/deps/pusher-js.js?v=78e615f6:3255
[77258091ms] [ERROR] WebSocket connection to 'wss://localhost:8081/app/app-key?protocol=7&client=js&version=8.4.0&flash=false' failed: Error in connection establishment: net::ERR_SSL_PROTOCOL_ERROR @ http://[::1]:5173/node_modules/.vite/deps/pusher-js.js?v=78e615f6:3255
[77318090ms] [ERROR] WebSocket connection to 'wss://localhost:8081/app/app-key?protocol=7&client=js&version=8.4.0&flash=false' failed: Error in connection establishment: net::ERR_SSL_PROTOCOL_ERROR @ http://[::1]:5173/node_modules/.vite/deps/pusher-js.js?v=78e615f6:3255
[77378092ms] [ERROR] WebSocket connection to 'wss://localhost:8081/app/app-key?protocol=7&client=js&version=8.4.0&flash=false' failed: Error in connection establishment: net::ERR_SSL_PROTOCOL_ERROR @ http://[::1]:5173/node_modules/.vite/deps/pusher-js.js?v=78e615f6:3255
[77438095ms] [ERROR] WebSocket connection to 'wss://localhost:8081/app/app-key?protocol=7&client=js&version=8.4.0&flash=false' failed: Error in connection establishment: net::ERR_SSL_PROTOCOL_ERROR @ http://[::1]:5173/node_modules/.vite/deps/pusher-js.js?v=78e615f6:3255
[77498096ms] [ERROR] WebSocket connection to 'wss://localhost:8081/app/app-key?protocol=7&client=js&version=8.4.0&flash=false' failed: Error in connection establishment: net::ERR_SSL_PROTOCOL_ERROR @ http://[::1]:5173/node_modules/.vite/deps/pusher-js.js?v=78e615f6:3255
[77558098ms] [ERROR] WebSocket connection to 'wss://localhost:8081/app/app-key?protocol=7&client=js&version=8.4.0&flash=false' failed: Error in connection establishment: net::ERR_SSL_PROTOCOL_ERROR @ http://[::1]:5173/node_modules/.vite/deps/pusher-js.js?v=78e615f6:3255
[77618099ms] [ERROR] WebSocket connection to 'wss://localhost:8081/app/app-key?protocol=7&client=js&version=8.4.0&flash=false' failed: Error in connection establishment: net::ERR_SSL_PROTOCOL_ERROR @ http://[::1]:5173/node_modules/.vite/deps/pusher-js.js?v=78e615f6:3255
[77678101ms] [ERROR] WebSocket connection to 'wss://localhost:8081/app/app-key?protocol=7&client=js&version=8.4.0&flash=false' failed: Error in connection establishment: net::ERR_SSL_PROTOCOL_ERROR @ http://[::1]:5173/node_modules/.vite/deps/pusher-js.js?v=78e615f6:3255
[77738107ms] [ERROR] WebSocket connection to 'wss://localhost:8081/app/app-key?protocol=7&client=js&version=8.4.0&flash=false' failed: Error in connection establishment: net::ERR_SSL_PROTOCOL_ERROR @ http://[::1]:5173/node_modules/.vite/deps/pusher-js.js?v=78e615f6:3255
[77798110ms] [ERROR] WebSocket connection to 'wss://localhost:8081/app/app-key?protocol=7&client=js&version=8.4.0&flash=false' failed: Error in connection establishment: net::ERR_SSL_PROTOCOL_ERROR @ http://[::1]:5173/node_modules/.vite/deps/pusher-js.js?v=78e615f6:3255
[77858106ms] [ERROR] WebSocket connection to 'wss://localhost:8081/app/app-key?protocol=7&client=js&version=8.4.0&flash=false' failed: Error in connection establishment: net::ERR_SSL_PROTOCOL_ERROR @ http://[::1]:5173/node_modules/.vite/deps/pusher-js.js?v=78e615f6:3255
[77918115ms] [ERROR] WebSocket connection to 'wss://localhost:8081/app/app-key?protocol=7&client=js&version=8.4.0&flash=false' failed: Error in connection establishment: net::ERR_SSL_PROTOCOL_ERROR @ http://[::1]:5173/node_modules/.vite/deps/pusher-js.js?v=78e615f6:3255
[77978109ms] [ERROR] WebSocket connection to 'wss://localhost:8081/app/app-key?protocol=7&client=js&version=8.4.0&flash=false' failed: Error in connection establishment: net::ERR_SSL_PROTOCOL_ERROR @ http://[::1]:5173/node_modules/.vite/deps/pusher-js.js?v=78e615f6:3255
[78038115ms] [ERROR] WebSocket connection to 'wss://localhost:8081/app/app-key?protocol=7&client=js&version=8.4.0&flash=false' failed: Error in connection establishment: net::ERR_SSL_PROTOCOL_ERROR @ http://[::1]:5173/node_modules/.vite/deps/pusher-js.js?v=78e615f6:3255
[78098122ms] [ERROR] WebSocket connection to 'wss://localhost:8081/app/app-key?protocol=7&client=js&version=8.4.0&flash=false' failed: Error in connection establishment: net::ERR_SSL_PROTOCOL_ERROR @ http://[::1]:5173/node_modules/.vite/deps/pusher-js.js?v=78e615f6:3255
[78158126ms] [ERROR] WebSocket connection to 'wss://localhost:8081/app/app-key?protocol=7&client=js&version=8.4.0&flash=false' failed: Error in connection establishment: net::ERR_SSL_PROTOCOL_ERROR @ http://[::1]:5173/node_modules/.vite/deps/pusher-js.js?v=78e615f6:3255
[78218127ms] [ERROR] WebSocket connection to 'wss://localhost:8081/app/app-key?protocol=7&client=js&version=8.4.0&flash=false' failed: Error in connection establishment: net::ERR_SSL_PROTOCOL_ERROR @ http://[::1]:5173/node_modules/.vite/deps/pusher-js.js?v=78e615f6:3255
[78278128ms] [ERROR] WebSocket connection to 'wss://localhost:8081/app/app-key?protocol=7&client=js&version=8.4.0&flash=false' failed: Error in connection establishment: net::ERR_SSL_PROTOCOL_ERROR @ http://[::1]:5173/node_modules/.vite/deps/pusher-js.js?v=78e615f6:3255
[78338125ms] [ERROR] WebSocket connection to 'wss://localhost:8081/app/app-key?protocol=7&client=js&version=8.4.0&flash=false' failed: Error in connection establishment: net::ERR_SSL_PROTOCOL_ERROR @ http://[::1]:5173/node_modules/.vite/deps/pusher-js.js?v=78e615f6:3255
[78398135ms] [ERROR] WebSocket connection to 'wss://localhost:8081/app/app-key?protocol=7&client=js&version=8.4.0&flash=false' failed: Error in connection establishment: net::ERR_SSL_PROTOCOL_ERROR @ http://[::1]:5173/node_modules/.vite/deps/pusher-js.js?v=78e615f6:3255
[78458131ms] [ERROR] WebSocket connection to 'wss://localhost:8081/app/app-key?protocol=7&client=js&version=8.4.0&flash=false' failed: Error in connection establishment: net::ERR_SSL_PROTOCOL_ERROR @ http://[::1]:5173/node_modules/.vite/deps/pusher-js.js?v=78e615f6:3255
[78518134ms] [ERROR] WebSocket connection to 'wss://localhost:8081/app/app-key?protocol=7&client=js&version=8.4.0&flash=false' failed: Error in connection establishment: net::ERR_SSL_PROTOCOL_ERROR @ http://[::1]:5173/node_modules/.vite/deps/pusher-js.js?v=78e615f6:3255
[78578140ms] [ERROR] WebSocket connection to 'wss://localhost:8081/app/app-key?protocol=7&client=js&version=8.4.0&flash=false' failed: Error in connection establishment: net::ERR_SSL_PROTOCOL_ERROR @ http://[::1]:5173/node_modules/.vite/deps/pusher-js.js?v=78e615f6:3255
[78638132ms] [ERROR] WebSocket connection to 'wss://localhost:8081/app/app-key?protocol=7&client=js&version=8.4.0&flash=false' failed: Error in connection establishment: net::ERR_SSL_PROTOCOL_ERROR @ http://[::1]:5173/node_modules/.vite/deps/pusher-js.js?v=78e615f6:3255
[78698142ms] [ERROR] WebSocket connection to 'wss://localhost:8081/app/app-key?protocol=7&client=js&version=8.4.0&flash=false' failed: Error in connection establishment: net::ERR_SSL_PROTOCOL_ERROR @ http://[::1]:5173/node_modules/.vite/deps/pusher-js.js?v=78e615f6:3255
[78758138ms] [ERROR] WebSocket connection to 'wss://localhost:8081/app/app-key?protocol=7&client=js&version=8.4.0&flash=false' failed: Error in connection establishment: net::ERR_SSL_PROTOCOL_ERROR @ http://[::1]:5173/node_modules/.vite/deps/pusher-js.js?v=78e615f6:3255
[78818141ms] [ERROR] WebSocket connection to 'wss://localhost:8081/app/app-key?protocol=7&client=js&version=8.4.0&flash=false' failed: Error in connection establishment: net::ERR_SSL_PROTOCOL_ERROR @ http://[::1]:5173/node_modules/.vite/deps/pusher-js.js?v=78e615f6:3255
[78878146ms] [ERROR] WebSocket connection to 'wss://localhost:8081/app/app-key?protocol=7&client=js&version=8.4.0&flash=false' failed: Error in connection establishment: net::ERR_SSL_PROTOCOL_ERROR @ http://[::1]:5173/node_modules/.vite/deps/pusher-js.js?v=78e615f6:3255
[78938149ms] [ERROR] WebSocket connection to 'wss://localhost:8081/app/app-key?protocol=7&client=js&version=8.4.0&flash=false' failed: Error in connection establishment: net::ERR_SSL_PROTOCOL_ERROR @ http://[::1]:5173/node_modules/.vite/deps/pusher-js.js?v=78e615f6:3255
[78998151ms] [ERROR] WebSocket connection to 'wss://localhost:8081/app/app-key?protocol=7&client=js&version=8.4.0&flash=false' failed: Error in connection establishment: net::ERR_SSL_PROTOCOL_ERROR @ http://[::1]:5173/node_modules/.vite/deps/pusher-js.js?v=78e615f6:3255
[79058149ms] [ERROR] WebSocket connection to 'wss://localhost:8081/app/app-key?protocol=7&client=js&version=8.4.0&flash=false' failed: Error in connection establishment: net::ERR_SSL_PROTOCOL_ERROR @ http://[::1]:5173/node_modules/.vite/deps/pusher-js.js?v=78e615f6:3255
[79118154ms] [ERROR] WebSocket connection to 'wss://localhost:8081/app/app-key?protocol=7&client=js&version=8.4.0&flash=false' failed: Error in connection establishment: net::ERR_SSL_PROTOCOL_ERROR @ http://[::1]:5173/node_modules/.vite/deps/pusher-js.js?v=78e615f6:3255
[79178153ms] [ERROR] WebSocket connection to 'wss://localhost:8081/app/app-key?protocol=7&client=js&version=8.4.0&flash=false' failed: Error in connection establishment: net::ERR_SSL_PROTOCOL_ERROR @ http://[::1]:5173/node_modules/.vite/deps/pusher-js.js?v=78e615f6:3255
[79238155ms] [ERROR] WebSocket connection to 'wss://localhost:8081/app/app-key?protocol=7&client=js&version=8.4.0&flash=false' failed: Error in connection establishment: net::ERR_SSL_PROTOCOL_ERROR @ http://[::1]:5173/node_modules/.vite/deps/pusher-js.js?v=78e615f6:3255
[79298162ms] [ERROR] WebSocket connection to 'wss://localhost:8081/app/app-key?protocol=7&client=js&version=8.4.0&flash=false' failed: Error in connection establishment: net::ERR_SSL_PROTOCOL_ERROR @ http://[::1]:5173/node_modules/.vite/deps/pusher-js.js?v=78e615f6:3255
[79358162ms] [ERROR] WebSocket connection to 'wss://localhost:8081/app/app-key?protocol=7&client=js&version=8.4.0&flash=false' failed: Error in connection establishment: net::ERR_SSL_PROTOCOL_ERROR @ http://[::1]:5173/node_modules/.vite/deps/pusher-js.js?v=78e615f6:3255
[79418160ms] [ERROR] WebSocket connection to 'wss://localhost:8081/app/app-key?protocol=7&client=js&version=8.4.0&flash=false' failed: Error in connection establishment: net::ERR_SSL_PROTOCOL_ERROR @ http://[::1]:5173/node_modules/.vite/deps/pusher-js.js?v=78e615f6:3255
[79478165ms] [ERROR] WebSocket connection to 'wss://localhost:8081/app/app-key?protocol=7&client=js&version=8.4.0&flash=false' failed: Error in connection establishment: net::ERR_SSL_PROTOCOL_ERROR @ http://[::1]:5173/node_modules/.vite/deps/pusher-js.js?v=78e615f6:3255
[79538167ms] [ERROR] WebSocket connection to 'wss://localhost:8081/app/app-key?protocol=7&client=js&version=8.4.0&flash=false' failed: Error in connection establishment: net::ERR_SSL_PROTOCOL_ERROR @ http://[::1]:5173/node_modules/.vite/deps/pusher-js.js?v=78e615f6:3255
[79598173ms] [ERROR] WebSocket connection to 'wss://localhost:8081/app/app-key?protocol=7&client=js&version=8.4.0&flash=false' failed: Error in connection establishment: net::ERR_SSL_PROTOCOL_ERROR @ http://[::1]:5173/node_modules/.vite/deps/pusher-js.js?v=78e615f6:3255
[79658169ms] [ERROR] WebSocket connection to 'wss://localhost:8081/app/app-key?protocol=7&client=js&version=8.4.0&flash=false' failed: Error in connection establishment: net::ERR_SSL_PROTOCOL_ERROR @ http://[::1]:5173/node_modules/.vite/deps/pusher-js.js?v=78e615f6:3255
[79718172ms] [ERROR] WebSocket connection to 'wss://localhost:8081/app/app-key?protocol=7&client=js&version=8.4.0&flash=false' failed: Error in connection establishment: net::ERR_SSL_PROTOCOL_ERROR @ http://[::1]:5173/node_modules/.vite/deps/pusher-js.js?v=78e615f6:3255
[79778177ms] [ERROR] WebSocket connection to 'wss://localhost:8081/app/app-key?protocol=7&client=js&version=8.4.0&flash=false' failed: Error in connection establishment: net::ERR_SSL_PROTOCOL_ERROR @ http://[::1]:5173/node_modules/.vite/deps/pusher-js.js?v=78e615f6:3255
[79838179ms] [ERROR] WebSocket connection to 'wss://localhost:8081/app/app-key?protocol=7&client=js&version=8.4.0&flash=false' failed: Error in connection establishment: net::ERR_SSL_PROTOCOL_ERROR @ http://[::1]:5173/node_modules/.vite/deps/pusher-js.js?v=78e615f6:3255
[79898179ms] [ERROR] WebSocket connection to 'wss://localhost:8081/app/app-key?protocol=7&client=js&version=8.4.0&flash=false' failed: Error in connection establishment: net::ERR_SSL_PROTOCOL_ERROR @ http://[::1]:5173/node_modules/.vite/deps/pusher-js.js?v=78e615f6:3255
[79958181ms] [ERROR] WebSocket connection to 'wss://localhost:8081/app/app-key?protocol=7&client=js&version=8.4.0&flash=false' failed: Error in connection establishment: net::ERR_SSL_PROTOCOL_ERROR @ http://[::1]:5173/node_modules/.vite/deps/pusher-js.js?v=78e615f6:3255
[80018184ms] [ERROR] WebSocket connection to 'wss://localhost:8081/app/app-key?protocol=7&client=js&version=8.4.0&flash=false' failed: Error in connection establishment: net::ERR_SSL_PROTOCOL_ERROR @ http://[::1]:5173/node_modules/.vite/deps/pusher-js.js?v=78e615f6:3255
[80078185ms] [ERROR] WebSocket connection to 'wss://localhost:8081/app/app-key?protocol=7&client=js&version=8.4.0&flash=false' failed: Error in connection establishment: net::ERR_SSL_PROTOCOL_ERROR @ http://[::1]:5173/node_modules/.vite/deps/pusher-js.js?v=78e615f6:3255
[80138177ms] [ERROR] WebSocket connection to 'wss://localhost:8081/app/app-key?protocol=7&client=js&version=8.4.0&flash=false' failed: Error in connection establishment: net::ERR_SSL_PROTOCOL_ERROR @ http://[::1]:5173/node_modules/.vite/deps/pusher-js.js?v=78e615f6:3255
[80198183ms] [ERROR] WebSocket connection to 'wss://localhost:8081/app/app-key?protocol=7&client=js&version=8.4.0&flash=false' failed: Error in connection establishment: net::ERR_SSL_PROTOCOL_ERROR @ http://[::1]:5173/node_modules/.vite/deps/pusher-js.js?v=78e615f6:3255
[80258182ms] [ERROR] WebSocket connection to 'wss://localhost:8081/app/app-key?protocol=7&client=js&version=8.4.0&flash=false' failed: Error in connection establishment: net::ERR_SSL_PROTOCOL_ERROR @ http://[::1]:5173/node_modules/.vite/deps/pusher-js.js?v=78e615f6:3255
[80318186ms] [ERROR] WebSocket connection to 'wss://localhost:8081/app/app-key?protocol=7&client=js&version=8.4.0&flash=false' failed: Error in connection establishment: net::ERR_SSL_PROTOCOL_ERROR @ http://[::1]:5173/node_modules/.vite/deps/pusher-js.js?v=78e615f6:3255
[80378190ms] [ERROR] WebSocket connection to 'wss://localhost:8081/app/app-key?protocol=7&client=js&version=8.4.0&flash=false' failed: Error in connection establishment: net::ERR_SSL_PROTOCOL_ERROR @ http://[::1]:5173/node_modules/.vite/deps/pusher-js.js?v=78e615f6:3255
[80438185ms] [ERROR] WebSocket connection to 'wss://localhost:8081/app/app-key?protocol=7&client=js&version=8.4.0&flash=false' failed: Error in connection establishment: net::ERR_SSL_PROTOCOL_ERROR @ http://[::1]:5173/node_modules/.vite/deps/pusher-js.js?v=78e615f6:3255
[80498189ms] [ERROR] WebSocket connection to 'wss://localhost:8081/app/app-key?protocol=7&client=js&version=8.4.0&flash=false' failed: Error in connection establishment: net::ERR_SSL_PROTOCOL_ERROR @ http://[::1]:5173/node_modules/.vite/deps/pusher-js.js?v=78e615f6:3255
[80558191ms] [ERROR] WebSocket connection to 'wss://localhost:8081/app/app-key?protocol=7&client=js&version=8.4.0&flash=false' failed: Error in connection establishment: net::ERR_SSL_PROTOCOL_ERROR @ http://[::1]:5173/node_modules/.vite/deps/pusher-js.js?v=78e615f6:3255
[80618194ms] [ERROR] WebSocket connection to 'wss://localhost:8081/app/app-key?protocol=7&client=js&version=8.4.0&flash=false' failed: Error in connection establishment: net::ERR_SSL_PROTOCOL_ERROR @ http://[::1]:5173/node_modules/.vite/deps/pusher-js.js?v=78e615f6:3255
[80678200ms] [ERROR] WebSocket connection to 'wss://localhost:8081/app/app-key?protocol=7&client=js&version=8.4.0&flash=false' failed: Error in connection establishment: net::ERR_SSL_PROTOCOL_ERROR @ http://[::1]:5173/node_modules/.vite/deps/pusher-js.js?v=78e615f6:3255
[80738195ms] [ERROR] WebSocket connection to 'wss://localhost:8081/app/app-key?protocol=7&client=js&version=8.4.0&flash=false' failed: Error in connection establishment: net::ERR_SSL_PROTOCOL_ERROR @ http://[::1]:5173/node_modules/.vite/deps/pusher-js.js?v=78e615f6:3255
[80798202ms] [ERROR] WebSocket connection to 'wss://localhost:8081/app/app-key?protocol=7&client=js&version=8.4.0&flash=false' failed: Error in connection establishment: net::ERR_SSL_PROTOCOL_ERROR @ http://[::1]:5173/node_modules/.vite/deps/pusher-js.js?v=78e615f6:3255
[80858208ms] [ERROR] WebSocket connection to 'wss://localhost:8081/app/app-key?protocol=7&client=js&version=8.4.0&flash=false' failed: Error in connection establishment: net::ERR_SSL_PROTOCOL_ERROR @ http://[::1]:5173/node_modules/.vite/deps/pusher-js.js?v=78e615f6:3255
[80918202ms] [ERROR] WebSocket connection to 'wss://localhost:8081/app/app-key?protocol=7&client=js&version=8.4.0&flash=false' failed: Error in connection establishment: net::ERR_SSL_PROTOCOL_ERROR @ http://[::1]:5173/node_modules/.vite/deps/pusher-js.js?v=78e615f6:3255
[80978204ms] [ERROR] WebSocket connection to 'wss://localhost:8081/app/app-key?protocol=7&client=js&version=8.4.0&flash=false' failed: Error in connection establishment: net::ERR_SSL_PROTOCOL_ERROR @ http://[::1]:5173/node_modules/.vite/deps/pusher-js.js?v=78e615f6:3255
[81038210ms] [ERROR] WebSocket connection to 'wss://localhost:8081/app/app-key?protocol=7&client=js&version=8.4.0&flash=false' failed: Error in connection establishment: net::ERR_SSL_PROTOCOL_ERROR @ http://[::1]:5173/node_modules/.vite/deps/pusher-js.js?v=78e615f6:3255
[81098213ms] [ERROR] WebSocket connection to 'wss://localhost:8081/app/app-key?protocol=7&client=js&version=8.4.0&flash=false' failed: Error in connection establishment: net::ERR_SSL_PROTOCOL_ERROR @ http://[::1]:5173/node_modules/.vite/deps/pusher-js.js?v=78e615f6:3255
[81158210ms] [ERROR] WebSocket connection to 'wss://localhost:8081/app/app-key?protocol=7&client=js&version=8.4.0&flash=false' failed: Error in connection establishment: net::ERR_SSL_PROTOCOL_ERROR @ http://[::1]:5173/node_modules/.vite/deps/pusher-js.js?v=78e615f6:3255
[81218215ms] [ERROR] WebSocket connection to 'wss://localhost:8081/app/app-key?protocol=7&client=js&version=8.4.0&flash=false' failed: Error in connection establishment: net::ERR_SSL_PROTOCOL_ERROR @ http://[::1]:5173/node_modules/.vite/deps/pusher-js.js?v=78e615f6:3255
[81278216ms] [ERROR] WebSocket connection to 'wss://localhost:8081/app/app-key?protocol=7&client=js&version=8.4.0&flash=false' failed: Error in connection establishment: net::ERR_SSL_PROTOCOL_ERROR @ http://[::1]:5173/node_modules/.vite/deps/pusher-js.js?v=78e615f6:3255
[81338220ms] [ERROR] WebSocket connection to 'wss://localhost:8081/app/app-key?protocol=7&client=js&version=8.4.0&flash=false' failed: Error in connection establishment: net::ERR_SSL_PROTOCOL_ERROR @ http://[::1]:5173/node_modules/.vite/deps/pusher-js.js?v=78e615f6:3255
[81398223ms] [ERROR] WebSocket connection to 'wss://localhost:8081/app/app-key?protocol=7&client=js&version=8.4.0&flash=false' failed: Error in connection establishment: net::ERR_SSL_PROTOCOL_ERROR @ http://[::1]:5173/node_modules/.vite/deps/pusher-js.js?v=78e615f6:3255
[81458225ms] [ERROR] WebSocket connection to 'wss://localhost:8081/app/app-key?protocol=7&client=js&version=8.4.0&flash=false' failed: Error in connection establishment: net::ERR_SSL_PROTOCOL_ERROR @ http://[::1]:5173/node_modules/.vite/deps/pusher-js.js?v=78e615f6:3255
[81518228ms] [ERROR] WebSocket connection to 'wss://localhost:8081/app/app-key?protocol=7&client=js&version=8.4.0&flash=false' failed: Error in connection establishment: net::ERR_SSL_PROTOCOL_ERROR @ http://[::1]:5173/node_modules/.vite/deps/pusher-js.js?v=78e615f6:3255
[81578228ms] [ERROR] WebSocket connection to 'wss://localhost:8081/app/app-key?protocol=7&client=js&version=8.4.0&flash=false' failed: Error in connection establishment: net::ERR_SSL_PROTOCOL_ERROR @ http://[::1]:5173/node_modules/.vite/deps/pusher-js.js?v=78e615f6:3255
[81638232ms] [ERROR] WebSocket connection to 'wss://localhost:8081/app/app-key?protocol=7&client=js&version=8.4.0&flash=false' failed: Error in connection establishment: net::ERR_SSL_PROTOCOL_ERROR @ http://[::1]:5173/node_modules/.vite/deps/pusher-js.js?v=78e615f6:3255
[81698231ms] [ERROR] WebSocket connection to 'wss://localhost:8081/app/app-key?protocol=7&client=js&version=8.4.0&flash=false' failed: Error in connection establishment: net::ERR_SSL_PROTOCOL_ERROR @ http://[::1]:5173/node_modules/.vite/deps/pusher-js.js?v=78e615f6:3255
[81758234ms] [ERROR] WebSocket connection to 'wss://localhost:8081/app/app-key?protocol=7&client=js&version=8.4.0&flash=false' failed: Error in connection establishment: net::ERR_SSL_PROTOCOL_ERROR @ http://[::1]:5173/node_modules/.vite/deps/pusher-js.js?v=78e615f6:3255
[81818231ms] [ERROR] WebSocket connection to 'wss://localhost:8081/app/app-key?protocol=7&client=js&version=8.4.0&flash=false' failed: Error in connection establishment: net::ERR_SSL_PROTOCOL_ERROR @ http://[::1]:5173/node_modules/.vite/deps/pusher-js.js?v=78e615f6:3255
[81878237ms] [ERROR] WebSocket connection to 'wss://localhost:8081/app/app-key?protocol=7&client=js&version=8.4.0&flash=false' failed: Error in connection establishment: net::ERR_SSL_PROTOCOL_ERROR @ http://[::1]:5173/node_modules/.vite/deps/pusher-js.js?v=78e615f6:3255
[81938237ms] [ERROR] WebSocket connection to 'wss://localhost:8081/app/app-key?protocol=7&client=js&version=8.4.0&flash=false' failed: Error in connection establishment: net::ERR_SSL_PROTOCOL_ERROR @ http://[::1]:5173/node_modules/.vite/deps/pusher-js.js?v=78e615f6:3255
[81998235ms] [ERROR] WebSocket connection to 'wss://localhost:8081/app/app-key?protocol=7&client=js&version=8.4.0&flash=false' failed: Error in connection establishment: net::ERR_SSL_PROTOCOL_ERROR @ http://[::1]:5173/node_modules/.vite/deps/pusher-js.js?v=78e615f6:3255
[82058245ms] [ERROR] WebSocket connection to 'wss://localhost:8081/app/app-key?protocol=7&client=js&version=8.4.0&flash=false' failed: Error in connection establishment: net::ERR_SSL_PROTOCOL_ERROR @ http://[::1]:5173/node_modules/.vite/deps/pusher-js.js?v=78e615f6:3255
[82118223ms] [ERROR] WebSocket connection to 'wss://localhost:8081/app/app-key?protocol=7&client=js&version=8.4.0&flash=false' failed: Error in connection establishment: net::ERR_SSL_PROTOCOL_ERROR @ http://[::1]:5173/node_modules/.vite/deps/pusher-js.js?v=78e615f6:3255
[82178226ms] [ERROR] WebSocket connection to 'wss://localhost:8081/app/app-key?protocol=7&client=js&version=8.4.0&flash=false' failed: Error in connection establishment: net::ERR_SSL_PROTOCOL_ERROR @ http://[::1]:5173/node_modules/.vite/deps/pusher-js.js?v=78e615f6:3255
[82238230ms] [ERROR] WebSocket connection to 'wss://localhost:8081/app/app-key?protocol=7&client=js&version=8.4.0&flash=false' failed: Error in connection establishment: net::ERR_SSL_PROTOCOL_ERROR @ http://[::1]:5173/node_modules/.vite/deps/pusher-js.js?v=78e615f6:3255
[82298229ms] [ERROR] WebSocket connection to 'wss://localhost:8081/app/app-key?protocol=7&client=js&version=8.4.0&flash=false' failed: Error in connection establishment: net::ERR_SSL_PROTOCOL_ERROR @ http://[::1]:5173/node_modules/.vite/deps/pusher-js.js?v=78e615f6:3255
[82358232ms] [ERROR] WebSocket connection to 'wss://localhost:8081/app/app-key?protocol=7&client=js&version=8.4.0&flash=false' failed: Error in connection establishment: net::ERR_SSL_PROTOCOL_ERROR @ http://[::1]:5173/node_modules/.vite/deps/pusher-js.js?v=78e615f6:3255
[82418236ms] [ERROR] WebSocket connection to 'wss://localhost:8081/app/app-key?protocol=7&client=js&version=8.4.0&flash=false' failed: Error in connection establishment: net::ERR_SSL_PROTOCOL_ERROR @ http://[::1]:5173/node_modules/.vite/deps/pusher-js.js?v=78e615f6:3255
[82478236ms] [ERROR] WebSocket connection to 'wss://localhost:8081/app/app-key?protocol=7&client=js&version=8.4.0&flash=false' failed: Error in connection establishment: net::ERR_SSL_PROTOCOL_ERROR @ http://[::1]:5173/node_modules/.vite/deps/pusher-js.js?v=78e615f6:3255
[82538234ms] [ERROR] WebSocket connection to 'wss://localhost:8081/app/app-key?protocol=7&client=js&version=8.4.0&flash=false' failed: Error in connection establishment: net::ERR_SSL_PROTOCOL_ERROR @ http://[::1]:5173/node_modules/.vite/deps/pusher-js.js?v=78e615f6:3255
[82598235ms] [ERROR] WebSocket connection to 'wss://localhost:8081/app/app-key?protocol=7&client=js&version=8.4.0&flash=false' failed: Error in connection establishment: net::ERR_SSL_PROTOCOL_ERROR @ http://[::1]:5173/node_modules/.vite/deps/pusher-js.js?v=78e615f6:3255
[82658237ms] [ERROR] WebSocket connection to 'wss://localhost:8081/app/app-key?protocol=7&client=js&version=8.4.0&flash=false' failed: Error in connection establishment: net::ERR_SSL_PROTOCOL_ERROR @ http://[::1]:5173/node_modules/.vite/deps/pusher-js.js?v=78e615f6:3255
[82718238ms] [ERROR] WebSocket connection to 'wss://localhost:8081/app/app-key?protocol=7&client=js&version=8.4.0&flash=false' failed: Error in connection establishment: net::ERR_SSL_PROTOCOL_ERROR @ http://[::1]:5173/node_modules/.vite/deps/pusher-js.js?v=78e615f6:3255
[82778243ms] [ERROR] WebSocket connection to 'wss://localhost:8081/app/app-key?protocol=7&client=js&version=8.4.0&flash=false' failed: Error in connection establishment: net::ERR_SSL_PROTOCOL_ERROR @ http://[::1]:5173/node_modules/.vite/deps/pusher-js.js?v=78e615f6:3255
[82838242ms] [ERROR] WebSocket connection to 'wss://localhost:8081/app/app-key?protocol=7&client=js&version=8.4.0&flash=false' failed: Error in connection establishment: net::ERR_SSL_PROTOCOL_ERROR @ http://[::1]:5173/node_modules/.vite/deps/pusher-js.js?v=78e615f6:3255
[82898242ms] [ERROR] WebSocket connection to 'wss://localhost:8081/app/app-key?protocol=7&client=js&version=8.4.0&flash=false' failed: Error in connection establishment: net::ERR_SSL_PROTOCOL_ERROR @ http://[::1]:5173/node_modules/.vite/deps/pusher-js.js?v=78e615f6:3255
[82958245ms] [ERROR] WebSocket connection to 'wss://localhost:8081/app/app-key?protocol=7&client=js&version=8.4.0&flash=false' failed: Error in connection establishment: net::ERR_SSL_PROTOCOL_ERROR @ http://[::1]:5173/node_modules/.vite/deps/pusher-js.js?v=78e615f6:3255
[83018244ms] [ERROR] WebSocket connection to 'wss://localhost:8081/app/app-key?protocol=7&client=js&version=8.4.0&flash=false' failed: Error in connection establishment: net::ERR_SSL_PROTOCOL_ERROR @ http://[::1]:5173/node_modules/.vite/deps/pusher-js.js?v=78e615f6:3255
[83078247ms] [ERROR] WebSocket connection to 'wss://localhost:8081/app/app-key?protocol=7&client=js&version=8.4.0&flash=false' failed: Error in connection establishment: net::ERR_SSL_PROTOCOL_ERROR @ http://[::1]:5173/node_modules/.vite/deps/pusher-js.js?v=78e615f6:3255
[83138255ms] [ERROR] WebSocket connection to 'wss://localhost:8081/app/app-key?protocol=7&client=js&version=8.4.0&flash=false' failed: Error in connection establishment: net::ERR_SSL_PROTOCOL_ERROR @ http://[::1]:5173/node_modules/.vite/deps/pusher-js.js?v=78e615f6:3255
[83198260ms] [ERROR] WebSocket connection to 'wss://localhost:8081/app/app-key?protocol=7&client=js&version=8.4.0&flash=false' failed: Error in connection establishment: net::ERR_SSL_PROTOCOL_ERROR @ http://[::1]:5173/node_modules/.vite/deps/pusher-js.js?v=78e615f6:3255
[83258254ms] [ERROR] WebSocket connection to 'wss://localhost:8081/app/app-key?protocol=7&client=js&version=8.4.0&flash=false' failed: Error in connection establishment: net::ERR_SSL_PROTOCOL_ERROR @ http://[::1]:5173/node_modules/.vite/deps/pusher-js.js?v=78e615f6:3255
[83318253ms] [ERROR] WebSocket connection to 'wss://localhost:8081/app/app-key?protocol=7&client=js&version=8.4.0&flash=false' failed: Error in connection establishment: net::ERR_SSL_PROTOCOL_ERROR @ http://[::1]:5173/node_modules/.vite/deps/pusher-js.js?v=78e615f6:3255
[83378260ms] [ERROR] WebSocket connection to 'wss://localhost:8081/app/app-key?protocol=7&client=js&version=8.4.0&flash=false' failed: Error in connection establishment: net::ERR_SSL_PROTOCOL_ERROR @ http://[::1]:5173/node_modules/.vite/deps/pusher-js.js?v=78e615f6:3255
[83438264ms] [ERROR] WebSocket connection to 'wss://localhost:8081/app/app-key?protocol=7&client=js&version=8.4.0&flash=false' failed: Error in connection establishment: net::ERR_SSL_PROTOCOL_ERROR @ http://[::1]:5173/node_modules/.vite/deps/pusher-js.js?v=78e615f6:3255
[83498261ms] [ERROR] WebSocket connection to 'wss://localhost:8081/app/app-key?protocol=7&client=js&version=8.4.0&flash=false' failed: Error in connection establishment: net::ERR_SSL_PROTOCOL_ERROR @ http://[::1]:5173/node_modules/.vite/deps/pusher-js.js?v=78e615f6:3255
[83558266ms] [ERROR] WebSocket connection to 'wss://localhost:8081/app/app-key?protocol=7&client=js&version=8.4.0&flash=false' failed: Error in connection establishment: net::ERR_SSL_PROTOCOL_ERROR @ http://[::1]:5173/node_modules/.vite/deps/pusher-js.js?v=78e615f6:3255
[83618260ms] [ERROR] WebSocket connection to 'wss://localhost:8081/app/app-key?protocol=7&client=js&version=8.4.0&flash=false' failed: Error in connection establishment: net::ERR_SSL_PROTOCOL_ERROR @ http://[::1]:5173/node_modules/.vite/deps/pusher-js.js?v=78e615f6:3255
[83678264ms] [ERROR] WebSocket connection to 'wss://localhost:8081/app/app-key?protocol=7&client=js&version=8.4.0&flash=false' failed: Error in connection establishment: net::ERR_SSL_PROTOCOL_ERROR @ http://[::1]:5173/node_modules/.vite/deps/pusher-js.js?v=78e615f6:3255
[83738270ms] [ERROR] WebSocket connection to 'wss://localhost:8081/app/app-key?protocol=7&client=js&version=8.4.0&flash=false' failed: Error in connection establishment: net::ERR_SSL_PROTOCOL_ERROR @ http://[::1]:5173/node_modules/.vite/deps/pusher-js.js?v=78e615f6:3255
[83798268ms] [ERROR] WebSocket connection to 'wss://localhost:8081/app/app-key?protocol=7&client=js&version=8.4.0&flash=false' failed: Error in connection establishment: net::ERR_SSL_PROTOCOL_ERROR @ http://[::1]:5173/node_modules/.vite/deps/pusher-js.js?v=78e615f6:3255
[83858269ms] [ERROR] WebSocket connection to 'wss://localhost:8081/app/app-key?protocol=7&client=js&version=8.4.0&flash=false' failed: Error in connection establishment: net::ERR_SSL_PROTOCOL_ERROR @ http://[::1]:5173/node_modules/.vite/deps/pusher-js.js?v=78e615f6:3255
[83918272ms] [ERROR] WebSocket connection to 'wss://localhost:8081/app/app-key?protocol=7&client=js&version=8.4.0&flash=false' failed: Error in connection establishment: net::ERR_SSL_PROTOCOL_ERROR @ http://[::1]:5173/node_modules/.vite/deps/pusher-js.js?v=78e615f6:3255
[83978272ms] [ERROR] WebSocket connection to 'wss://localhost:8081/app/app-key?protocol=7&client=js&version=8.4.0&flash=false' failed: Error in connection establishment: net::ERR_SSL_PROTOCOL_ERROR @ http://[::1]:5173/node_modules/.vite/deps/pusher-js.js?v=78e615f6:3255
[84038273ms] [ERROR] WebSocket connection to 'wss://localhost:8081/app/app-key?protocol=7&client=js&version=8.4.0&flash=false' failed: Error in connection establishment: net::ERR_SSL_PROTOCOL_ERROR @ http://[::1]:5173/node_modules/.vite/deps/pusher-js.js?v=78e615f6:3255
[84098263ms] [ERROR] WebSocket connection to 'wss://localhost:8081/app/app-key?protocol=7&client=js&version=8.4.0&flash=false' failed: Error in connection establishment: net::ERR_SSL_PROTOCOL_ERROR @ http://[::1]:5173/node_modules/.vite/deps/pusher-js.js?v=78e615f6:3255
[84158260ms] [ERROR] WebSocket connection to 'wss://localhost:8081/app/app-key?protocol=7&client=js&version=8.4.0&flash=false' failed: Error in connection establishment: net::ERR_SSL_PROTOCOL_ERROR @ http://[::1]:5173/node_modules/.vite/deps/pusher-js.js?v=78e615f6:3255
[84218263ms] [ERROR] WebSocket connection to 'wss://localhost:8081/app/app-key?protocol=7&client=js&version=8.4.0&flash=false' failed: Error in connection establishment: net::ERR_SSL_PROTOCOL_ERROR @ http://[::1]:5173/node_modules/.vite/deps/pusher-js.js?v=78e615f6:3255
[84278263ms] [ERROR] WebSocket connection to 'wss://localhost:8081/app/app-key?protocol=7&client=js&version=8.4.0&flash=false' failed: Error in connection establishment: net::ERR_SSL_PROTOCOL_ERROR @ http://[::1]:5173/node_modules/.vite/deps/pusher-js.js?v=78e615f6:3255
[84338267ms] [ERROR] WebSocket connection to 'wss://localhost:8081/app/app-key?protocol=7&client=js&version=8.4.0&flash=false' failed: Error in connection establishment: net::ERR_SSL_PROTOCOL_ERROR @ http://[::1]:5173/node_modules/.vite/deps/pusher-js.js?v=78e615f6:3255
[84398264ms] [ERROR] WebSocket connection to 'wss://localhost:8081/app/app-key?protocol=7&client=js&version=8.4.0&flash=false' failed: Error in connection establishment: net::ERR_SSL_PROTOCOL_ERROR @ http://[::1]:5173/node_modules/.vite/deps/pusher-js.js?v=78e615f6:3255
[84458262ms] [ERROR] WebSocket connection to 'wss://localhost:8081/app/app-key?protocol=7&client=js&version=8.4.0&flash=false' failed: Error in connection establishment: net::ERR_SSL_PROTOCOL_ERROR @ http://[::1]:5173/node_modules/.vite/deps/pusher-js.js?v=78e615f6:3255
[84518269ms] [ERROR] WebSocket connection to 'wss://localhost:8081/app/app-key?protocol=7&client=js&version=8.4.0&flash=false' failed: Error in connection establishment: net::ERR_SSL_PROTOCOL_ERROR @ http://[::1]:5173/node_modules/.vite/deps/pusher-js.js?v=78e615f6:3255
[84578268ms] [ERROR] WebSocket connection to 'wss://localhost:8081/app/app-key?protocol=7&client=js&version=8.4.0&flash=false' failed: Error in connection establishment: net::ERR_SSL_PROTOCOL_ERROR @ http://[::1]:5173/node_modules/.vite/deps/pusher-js.js?v=78e615f6:3255
[84638268ms] [ERROR] WebSocket connection to 'wss://localhost:8081/app/app-key?protocol=7&client=js&version=8.4.0&flash=false' failed: Error in connection establishment: net::ERR_SSL_PROTOCOL_ERROR @ http://[::1]:5173/node_modules/.vite/deps/pusher-js.js?v=78e615f6:3255
[84698266ms] [ERROR] WebSocket connection to 'wss://localhost:8081/app/app-key?protocol=7&client=js&version=8.4.0&flash=false' failed: Error in connection establishment: net::ERR_SSL_PROTOCOL_ERROR @ http://[::1]:5173/node_modules/.vite/deps/pusher-js.js?v=78e615f6:3255
[84758261ms] [ERROR] WebSocket connection to 'wss://localhost:8081/app/app-key?protocol=7&client=js&version=8.4.0&flash=false' failed: Error in connection establishment: net::ERR_SSL_PROTOCOL_ERROR @ http://[::1]:5173/node_modules/.vite/deps/pusher-js.js?v=78e615f6:3255
[84818265ms] [ERROR] WebSocket connection to 'wss://localhost:8081/app/app-key?protocol=7&client=js&version=8.4.0&flash=false' failed: Error in connection establishment: net::ERR_SSL_PROTOCOL_ERROR @ http://[::1]:5173/node_modules/.vite/deps/pusher-js.js?v=78e615f6:3255
[84878272ms] [ERROR] WebSocket connection to 'wss://localhost:8081/app/app-key?protocol=7&client=js&version=8.4.0&flash=false' failed: Error in connection establishment: net::ERR_SSL_PROTOCOL_ERROR @ http://[::1]:5173/node_modules/.vite/deps/pusher-js.js?v=78e615f6:3255
[84938278ms] [ERROR] WebSocket connection to 'wss://localhost:8081/app/app-key?protocol=7&client=js&version=8.4.0&flash=false' failed: Error in connection establishment: net::ERR_SSL_PROTOCOL_ERROR @ http://[::1]:5173/node_modules/.vite/deps/pusher-js.js?v=78e615f6:3255
[84998272ms] [ERROR] WebSocket connection to 'wss://localhost:8081/app/app-key?protocol=7&client=js&version=8.4.0&flash=false' failed: Error in connection establishment: net::ERR_SSL_PROTOCOL_ERROR @ http://[::1]:5173/node_modules/.vite/deps/pusher-js.js?v=78e615f6:3255
[85058291ms] [ERROR] WebSocket connection to 'wss://localhost:8081/app/app-key?protocol=7&client=js&version=8.4.0&flash=false' failed: Error in connection establishment: net::ERR_SSL_PROTOCOL_ERROR @ http://[::1]:5173/node_modules/.vite/deps/pusher-js.js?v=78e615f6:3255
[85118283ms] [ERROR] WebSocket connection to 'wss://localhost:8081/app/app-key?protocol=7&client=js&version=8.4.0&flash=false' failed: Error in connection establishment: net::ERR_SSL_PROTOCOL_ERROR @ http://[::1]:5173/node_modules/.vite/deps/pusher-js.js?v=78e615f6:3255
[85178273ms] [ERROR] WebSocket connection to 'wss://localhost:8081/app/app-key?protocol=7&client=js&version=8.4.0&flash=false' failed: Error in connection establishment: net::ERR_SSL_PROTOCOL_ERROR @ http://[::1]:5173/node_modules/.vite/deps/pusher-js.js?v=78e615f6:3255
[85238283ms] [ERROR] WebSocket connection to 'wss://localhost:8081/app/app-key?protocol=7&client=js&version=8.4.0&flash=false' failed: Error in connection establishment: net::ERR_SSL_PROTOCOL_ERROR @ http://[::1]:5173/node_modules/.vite/deps/pusher-js.js?v=78e615f6:3255
[85298277ms] [ERROR] WebSocket connection to 'wss://localhost:8081/app/app-key?protocol=7&client=js&version=8.4.0&flash=false' failed: Error in connection establishment: net::ERR_SSL_PROTOCOL_ERROR @ http://[::1]:5173/node_modules/.vite/deps/pusher-js.js?v=78e615f6:3255
[85358286ms] [ERROR] WebSocket connection to 'wss://localhost:8081/app/app-key?protocol=7&client=js&version=8.4.0&flash=false' failed: Error in connection establishment: net::ERR_SSL_PROTOCOL_ERROR @ http://[::1]:5173/node_modules/.vite/deps/pusher-js.js?v=78e615f6:3255
[85418281ms] [ERROR] WebSocket connection to 'wss://localhost:8081/app/app-key?protocol=7&client=js&version=8.4.0&flash=false' failed: Error in connection establishment: net::ERR_SSL_PROTOCOL_ERROR @ http://[::1]:5173/node_modules/.vite/deps/pusher-js.js?v=78e615f6:3255
[85478275ms] [ERROR] WebSocket connection to 'wss://localhost:8081/app/app-key?protocol=7&client=js&version=8.4.0&flash=false' failed: Error in connection establishment: net::ERR_SSL_PROTOCOL_ERROR @ http://[::1]:5173/node_modules/.vite/deps/pusher-js.js?v=78e615f6:3255
[85538282ms] [ERROR] WebSocket connection to 'wss://localhost:8081/app/app-key?protocol=7&client=js&version=8.4.0&flash=false' failed: Error in connection establishment: net::ERR_SSL_PROTOCOL_ERROR @ http://[::1]:5173/node_modules/.vite/deps/pusher-js.js?v=78e615f6:3255
[85598283ms] [ERROR] WebSocket connection to 'wss://localhost:8081/app/app-key?protocol=7&client=js&version=8.4.0&flash=false' failed: Error in connection establishment: net::ERR_SSL_PROTOCOL_ERROR @ http://[::1]:5173/node_modules/.vite/deps/pusher-js.js?v=78e615f6:3255
[85658290ms] [ERROR] WebSocket connection to 'wss://localhost:8081/app/app-key?protocol=7&client=js&version=8.4.0&flash=false' failed: Error in connection establishment: net::ERR_SSL_PROTOCOL_ERROR @ http://[::1]:5173/node_modules/.vite/deps/pusher-js.js?v=78e615f6:3255
[85718291ms] [ERROR] WebSocket connection to 'wss://localhost:8081/app/app-key?protocol=7&client=js&version=8.4.0&flash=false' failed: Error in connection establishment: net::ERR_SSL_PROTOCOL_ERROR @ http://[::1]:5173/node_modules/.vite/deps/pusher-js.js?v=78e615f6:3255
[85778299ms] [ERROR] WebSocket connection to 'wss://localhost:8081/app/app-key?protocol=7&client=js&version=8.4.0&flash=false' failed: Error in connection establishment: net::ERR_SSL_PROTOCOL_ERROR @ http://[::1]:5173/node_modules/.vite/deps/pusher-js.js?v=78e615f6:3255
[85838289ms] [ERROR] WebSocket connection to 'wss://localhost:8081/app/app-key?protocol=7&client=js&version=8.4.0&flash=false' failed: Error in connection establishment: net::ERR_SSL_PROTOCOL_ERROR @ http://[::1]:5173/node_modules/.vite/deps/pusher-js.js?v=78e615f6:3255
[85898291ms] [ERROR] WebSocket connection to 'wss://localhost:8081/app/app-key?protocol=7&client=js&version=8.4.0&flash=false' failed: Error in connection establishment: net::ERR_SSL_PROTOCOL_ERROR @ http://[::1]:5173/node_modules/.vite/deps/pusher-js.js?v=78e615f6:3255
[85958295ms] [ERROR] WebSocket connection to 'wss://localhost:8081/app/app-key?protocol=7&client=js&version=8.4.0&flash=false' failed: Error in connection establishment: net::ERR_SSL_PROTOCOL_ERROR @ http://[::1]:5173/node_modules/.vite/deps/pusher-js.js?v=78e615f6:3255
[86018293ms] [ERROR] WebSocket connection to 'wss://localhost:8081/app/app-key?protocol=7&client=js&version=8.4.0&flash=false' failed: Error in connection establishment: net::ERR_SSL_PROTOCOL_ERROR @ http://[::1]:5173/node_modules/.vite/deps/pusher-js.js?v=78e615f6:3255
[86078312ms] [ERROR] WebSocket connection to 'wss://localhost:8081/app/app-key?protocol=7&client=js&version=8.4.0&flash=false' failed: Error in connection establishment: net::ERR_SSL_PROTOCOL_ERROR @ http://[::1]:5173/node_modules/.vite/deps/pusher-js.js?v=78e615f6:3255
[86138312ms] [ERROR] WebSocket connection to 'wss://localhost:8081/app/app-key?protocol=7&client=js&version=8.4.0&flash=false' failed: Error in connection establishment: net::ERR_SSL_PROTOCOL_ERROR @ http://[::1]:5173/node_modules/.vite/deps/pusher-js.js?v=78e615f6:3255
[86198335ms] [ERROR] WebSocket connection to 'wss://localhost:8081/app/app-key?protocol=7&client=js&version=8.4.0&flash=false' failed: Error in connection establishment: net::ERR_SSL_PROTOCOL_ERROR @ http://[::1]:5173/node_modules/.vite/deps/pusher-js.js?v=78e615f6:3255
[86258310ms] [ERROR] WebSocket connection to 'wss://localhost:8081/app/app-key?protocol=7&client=js&version=8.4.0&flash=false' failed: Error in connection establishment: net::ERR_SSL_PROTOCOL_ERROR @ http://[::1]:5173/node_modules/.vite/deps/pusher-js.js?v=78e615f6:3255
[86318322ms] [ERROR] WebSocket connection to 'wss://localhost:8081/app/app-key?protocol=7&client=js&version=8.4.0&flash=false' failed: Error in connection establishment: net::ERR_SSL_PROTOCOL_ERROR @ http://[::1]:5173/node_modules/.vite/deps/pusher-js.js?v=78e615f6:3255
[86378329ms] [ERROR] WebSocket connection to 'wss://localhost:8081/app/app-key?protocol=7&client=js&version=8.4.0&flash=false' failed: Error in connection establishment: net::ERR_SSL_PROTOCOL_ERROR @ http://[::1]:5173/node_modules/.vite/deps/pusher-js.js?v=78e615f6:3255
[86438320ms] [ERROR] WebSocket connection to 'wss://localhost:8081/app/app-key?protocol=7&client=js&version=8.4.0&flash=false' failed: Error in connection establishment: net::ERR_SSL_PROTOCOL_ERROR @ http://[::1]:5173/node_modules/.vite/deps/pusher-js.js?v=78e615f6:3255
[86498327ms] [ERROR] WebSocket connection to 'wss://localhost:8081/app/app-key?protocol=7&client=js&version=8.4.0&flash=false' failed: Error in connection establishment: net::ERR_SSL_PROTOCOL_ERROR @ http://[::1]:5173/node_modules/.vite/deps/pusher-js.js?v=78e615f6:3255
[86558327ms] [ERROR] WebSocket connection to 'wss://localhost:8081/app/app-key?protocol=7&client=js&version=8.4.0&flash=false' failed: Error in connection establishment: net::ERR_SSL_PROTOCOL_ERROR @ http://[::1]:5173/node_modules/.vite/deps/pusher-js.js?v=78e615f6:3255
[86618331ms] [ERROR] WebSocket connection to 'wss://localhost:8081/app/app-key?protocol=7&client=js&version=8.4.0&flash=false' failed: Error in connection establishment: net::ERR_SSL_PROTOCOL_ERROR @ http://[::1]:5173/node_modules/.vite/deps/pusher-js.js?v=78e615f6:3255
[86678335ms] [ERROR] WebSocket connection to 'wss://localhost:8081/app/app-key?protocol=7&client=js&version=8.4.0&flash=false' failed: Error in connection establishment: net::ERR_SSL_PROTOCOL_ERROR @ http://[::1]:5173/node_modules/.vite/deps/pusher-js.js?v=78e615f6:3255
[86738335ms] [ERROR] WebSocket connection to 'wss://localhost:8081/app/app-key?protocol=7&client=js&version=8.4.0&flash=false' failed: Error in connection establishment: net::ERR_SSL_PROTOCOL_ERROR @ http://[::1]:5173/node_modules/.vite/deps/pusher-js.js?v=78e615f6:3255
[86798337ms] [ERROR] WebSocket connection to 'wss://localhost:8081/app/app-key?protocol=7&client=js&version=8.4.0&flash=false' failed: Error in connection establishment: net::ERR_SSL_PROTOCOL_ERROR @ http://[::1]:5173/node_modules/.vite/deps/pusher-js.js?v=78e615f6:3255
[86858339ms] [ERROR] WebSocket connection to 'wss://localhost:8081/app/app-key?protocol=7&client=js&version=8.4.0&flash=false' failed: Error in connection establishment: net::ERR_SSL_PROTOCOL_ERROR @ http://[::1]:5173/node_modules/.vite/deps/pusher-js.js?v=78e615f6:3255
[86918343ms] [ERROR] WebSocket connection to 'wss://localhost:8081/app/app-key?protocol=7&client=js&version=8.4.0&flash=false' failed: Error in connection establishment: net::ERR_SSL_PROTOCOL_ERROR @ http://[::1]:5173/node_modules/.vite/deps/pusher-js.js?v=78e615f6:3255
[86978345ms] [ERROR] WebSocket connection to 'wss://localhost:8081/app/app-key?protocol=7&client=js&version=8.4.0&flash=false' failed: Error in connection establishment: net::ERR_SSL_PROTOCOL_ERROR @ http://[::1]:5173/node_modules/.vite/deps/pusher-js.js?v=78e615f6:3255
[87038346ms] [ERROR] WebSocket connection to 'wss://localhost:8081/app/app-key?protocol=7&client=js&version=8.4.0&flash=false' failed: Error in connection establishment: net::ERR_SSL_PROTOCOL_ERROR @ http://[::1]:5173/node_modules/.vite/deps/pusher-js.js?v=78e615f6:3255
[87098348ms] [ERROR] WebSocket connection to 'wss://localhost:8081/app/app-key?protocol=7&client=js&version=8.4.0&flash=false' failed: Error in connection establishment: net::ERR_SSL_PROTOCOL_ERROR @ http://[::1]:5173/node_modules/.vite/deps/pusher-js.js?v=78e615f6:3255
[87158350ms] [ERROR] WebSocket connection to 'wss://localhost:8081/app/app-key?protocol=7&client=js&version=8.4.0&flash=false' failed: Error in connection establishment: net::ERR_SSL_PROTOCOL_ERROR @ http://[::1]:5173/node_modules/.vite/deps/pusher-js.js?v=78e615f6:3255
[87218349ms] [ERROR] WebSocket connection to 'wss://localhost:8081/app/app-key?protocol=7&client=js&version=8.4.0&flash=false' failed: Error in connection establishment: net::ERR_SSL_PROTOCOL_ERROR @ http://[::1]:5173/node_modules/.vite/deps/pusher-js.js?v=78e615f6:3255
[87278352ms] [ERROR] WebSocket connection to 'wss://localhost:8081/app/app-key?protocol=7&client=js&version=8.4.0&flash=false' failed: Error in connection establishment: net::ERR_SSL_PROTOCOL_ERROR @ http://[::1]:5173/node_modules/.vite/deps/pusher-js.js?v=78e615f6:3255
[87338354ms] [ERROR] WebSocket connection to 'wss://localhost:8081/app/app-key?protocol=7&client=js&version=8.4.0&flash=false' failed: Error in connection establishment: net::ERR_SSL_PROTOCOL_ERROR @ http://[::1]:5173/node_modules/.vite/deps/pusher-js.js?v=78e615f6:3255
[87398360ms] [ERROR] WebSocket connection to 'wss://localhost:8081/app/app-key?protocol=7&client=js&version=8.4.0&flash=false' failed: Error in connection establishment: net::ERR_SSL_PROTOCOL_ERROR @ http://[::1]:5173/node_modules/.vite/deps/pusher-js.js?v=78e615f6:3255
[87458362ms] [ERROR] WebSocket connection to 'wss://localhost:8081/app/app-key?protocol=7&client=js&version=8.4.0&flash=false' failed: Error in connection establishment: net::ERR_SSL_PROTOCOL_ERROR @ http://[::1]:5173/node_modules/.vite/deps/pusher-js.js?v=78e615f6:3255
[87518364ms] [ERROR] WebSocket connection to 'wss://localhost:8081/app/app-key?protocol=7&client=js&version=8.4.0&flash=false' failed: Error in connection establishment: net::ERR_SSL_PROTOCOL_ERROR @ http://[::1]:5173/node_modules/.vite/deps/pusher-js.js?v=78e615f6:3255
[87578365ms] [ERROR] WebSocket connection to 'wss://localhost:8081/app/app-key?protocol=7&client=js&version=8.4.0&flash=false' failed: Error in connection establishment: net::ERR_SSL_PROTOCOL_ERROR @ http://[::1]:5173/node_modules/.vite/deps/pusher-js.js?v=78e615f6:3255
[87638370ms] [ERROR] WebSocket connection to 'wss://localhost:8081/app/app-key?protocol=7&client=js&version=8.4.0&flash=false' failed: Error in connection establishment: net::ERR_SSL_PROTOCOL_ERROR @ http://[::1]:5173/node_modules/.vite/deps/pusher-js.js?v=78e615f6:3255
[87698373ms] [ERROR] WebSocket connection to 'wss://localhost:8081/app/app-key?protocol=7&client=js&version=8.4.0&flash=false' failed: Error in connection establishment: net::ERR_SSL_PROTOCOL_ERROR @ http://[::1]:5173/node_modules/.vite/deps/pusher-js.js?v=78e615f6:3255
[87758374ms] [ERROR] WebSocket connection to 'wss://localhost:8081/app/app-key?protocol=7&client=js&version=8.4.0&flash=false' failed: Error in connection establishment: net::ERR_SSL_PROTOCOL_ERROR @ http://[::1]:5173/node_modules/.vite/deps/pusher-js.js?v=78e615f6:3255
[87818379ms] [ERROR] WebSocket connection to 'wss://localhost:8081/app/app-key?protocol=7&client=js&version=8.4.0&flash=false' failed: Error in connection establishment: net::ERR_SSL_PROTOCOL_ERROR @ http://[::1]:5173/node_modules/.vite/deps/pusher-js.js?v=78e615f6:3255
[87878375ms] [ERROR] WebSocket connection to 'wss://localhost:8081/app/app-key?protocol=7&client=js&version=8.4.0&flash=false' failed: Error in connection establishment: net::ERR_SSL_PROTOCOL_ERROR @ http://[::1]:5173/node_modules/.vite/deps/pusher-js.js?v=78e615f6:3255
[87938384ms] [ERROR] WebSocket connection to 'wss://localhost:8081/app/app-key?protocol=7&client=js&version=8.4.0&flash=false' failed: Error in connection establishment: net::ERR_SSL_PROTOCOL_ERROR @ http://[::1]:5173/node_modules/.vite/deps/pusher-js.js?v=78e615f6:3255
[87998387ms] [ERROR] WebSocket connection to 'wss://localhost:8081/app/app-key?protocol=7&client=js&version=8.4.0&flash=false' failed: Error in connection establishment: net::ERR_SSL_PROTOCOL_ERROR @ http://[::1]:5173/node_modules/.vite/deps/pusher-js.js?v=78e615f6:3255
[88058385ms] [ERROR] WebSocket connection to 'wss://localhost:8081/app/app-key?protocol=7&client=js&version=8.4.0&flash=false' failed: Error in connection establishment: net::ERR_SSL_PROTOCOL_ERROR @ http://[::1]:5173/node_modules/.vite/deps/pusher-js.js?v=78e615f6:3255
[88118395ms] [ERROR] WebSocket connection to 'wss://localhost:8081/app/app-key?protocol=7&client=js&version=8.4.0&flash=false' failed: Error in connection establishment: net::ERR_SSL_PROTOCOL_ERROR @ http://[::1]:5173/node_modules/.vite/deps/pusher-js.js?v=78e615f6:3255
[88178390ms] [ERROR] WebSocket connection to 'wss://localhost:8081/app/app-key?protocol=7&client=js&version=8.4.0&flash=false' failed: Error in connection establishment: net::ERR_SSL_PROTOCOL_ERROR @ http://[::1]:5173/node_modules/.vite/deps/pusher-js.js?v=78e615f6:3255
[88238393ms] [ERROR] WebSocket connection to 'wss://localhost:8081/app/app-key?protocol=7&client=js&version=8.4.0&flash=false' failed: Error in connection establishment: net::ERR_SSL_PROTOCOL_ERROR @ http://[::1]:5173/node_modules/.vite/deps/pusher-js.js?v=78e615f6:3255
[88298394ms] [ERROR] WebSocket connection to 'wss://localhost:8081/app/app-key?protocol=7&client=js&version=8.4.0&flash=false' failed: Error in connection establishment: net::ERR_SSL_PROTOCOL_ERROR @ http://[::1]:5173/node_modules/.vite/deps/pusher-js.js?v=78e615f6:3255
[88358402ms] [ERROR] WebSocket connection to 'wss://localhost:8081/app/app-key?protocol=7&client=js&version=8.4.0&flash=false' failed: Error in connection establishment: net::ERR_SSL_PROTOCOL_ERROR @ http://[::1]:5173/node_modules/.vite/deps/pusher-js.js?v=78e615f6:3255
[88418413ms] [ERROR] WebSocket connection to 'wss://localhost:8081/app/app-key?protocol=7&client=js&version=8.4.0&flash=false' failed: Error in connection establishment: net::ERR_SSL_PROTOCOL_ERROR @ http://[::1]:5173/node_modules/.vite/deps/pusher-js.js?v=78e615f6:3255
[88478409ms] [ERROR] WebSocket connection to 'wss://localhost:8081/app/app-key?protocol=7&client=js&version=8.4.0&flash=false' failed: Error in connection establishment: net::ERR_SSL_PROTOCOL_ERROR @ http://[::1]:5173/node_modules/.vite/deps/pusher-js.js?v=78e615f6:3255
[88538412ms] [ERROR] WebSocket connection to 'wss://localhost:8081/app/app-key?protocol=7&client=js&version=8.4.0&flash=false' failed: Error in connection establishment: net::ERR_SSL_PROTOCOL_ERROR @ http://[::1]:5173/node_modules/.vite/deps/pusher-js.js?v=78e615f6:3255
[88598418ms] [ERROR] WebSocket connection to 'wss://localhost:8081/app/app-key?protocol=7&client=js&version=8.4.0&flash=false' failed: Error in connection establishment: net::ERR_SSL_PROTOCOL_ERROR @ http://[::1]:5173/node_modules/.vite/deps/pusher-js.js?v=78e615f6:3255
[88658422ms] [ERROR] WebSocket connection to 'wss://localhost:8081/app/app-key?protocol=7&client=js&version=8.4.0&flash=false' failed: Error in connection establishment: net::ERR_SSL_PROTOCOL_ERROR @ http://[::1]:5173/node_modules/.vite/deps/pusher-js.js?v=78e615f6:3255
[88718426ms] [ERROR] WebSocket connection to 'wss://localhost:8081/app/app-key?protocol=7&client=js&version=8.4.0&flash=false' failed: Error in connection establishment: net::ERR_SSL_PROTOCOL_ERROR @ http://[::1]:5173/node_modules/.vite/deps/pusher-js.js?v=78e615f6:3255
[88778425ms] [ERROR] WebSocket connection to 'wss://localhost:8081/app/app-key?protocol=7&client=js&version=8.4.0&flash=false' failed: Error in connection establishment: net::ERR_SSL_PROTOCOL_ERROR @ http://[::1]:5173/node_modules/.vite/deps/pusher-js.js?v=78e615f6:3255
[88838429ms] [ERROR] WebSocket connection to 'wss://localhost:8081/app/app-key?protocol=7&client=js&version=8.4.0&flash=false' failed: Error in connection establishment: net::ERR_SSL_PROTOCOL_ERROR @ http://[::1]:5173/node_modules/.vite/deps/pusher-js.js?v=78e615f6:3255
[88898422ms] [ERROR] WebSocket connection to 'wss://localhost:8081/app/app-key?protocol=7&client=js&version=8.4.0&flash=false' failed: Error in connection establishment: net::ERR_SSL_PROTOCOL_ERROR @ http://[::1]:5173/node_modules/.vite/deps/pusher-js.js?v=78e615f6:3255
[88958431ms] [ERROR] WebSocket connection to 'wss://localhost:8081/app/app-key?protocol=7&client=js&version=8.4.0&flash=false' failed: Error in connection establishment: net::ERR_SSL_PROTOCOL_ERROR @ http://[::1]:5173/node_modules/.vite/deps/pusher-js.js?v=78e615f6:3255
[89018430ms] [ERROR] WebSocket connection to 'wss://localhost:8081/app/app-key?protocol=7&client=js&version=8.4.0&flash=false' failed: Error in connection establishment: net::ERR_SSL_PROTOCOL_ERROR @ http://[::1]:5173/node_modules/.vite/deps/pusher-js.js?v=78e615f6:3255
[89078425ms] [ERROR] WebSocket connection to 'wss://localhost:8081/app/app-key?protocol=7&client=js&version=8.4.0&flash=false' failed: Error in connection establishment: net::ERR_SSL_PROTOCOL_ERROR @ http://[::1]:5173/node_modules/.vite/deps/pusher-js.js?v=78e615f6:3255
[89138439ms] [ERROR] WebSocket connection to 'wss://localhost:8081/app/app-key?protocol=7&client=js&version=8.4.0&flash=false' failed: Error in connection establishment: net::ERR_SSL_PROTOCOL_ERROR @ http://[::1]:5173/node_modules/.vite/deps/pusher-js.js?v=78e615f6:3255
[89198438ms] [ERROR] WebSocket connection to 'wss://localhost:8081/app/app-key?protocol=7&client=js&version=8.4.0&flash=false' failed: Error in connection establishment: net::ERR_SSL_PROTOCOL_ERROR @ http://[::1]:5173/node_modules/.vite/deps/pusher-js.js?v=78e615f6:3255
[89258433ms] [ERROR] WebSocket connection to 'wss://localhost:8081/app/app-key?protocol=7&client=js&version=8.4.0&flash=false' failed: Error in connection establishment: net::ERR_SSL_PROTOCOL_ERROR @ http://[::1]:5173/node_modules/.vite/deps/pusher-js.js?v=78e615f6:3255
[89318434ms] [ERROR] WebSocket connection to 'wss://localhost:8081/app/app-key?protocol=7&client=js&version=8.4.0&flash=false' failed: Error in connection establishment: net::ERR_SSL_PROTOCOL_ERROR @ http://[::1]:5173/node_modules/.vite/deps/pusher-js.js?v=78e615f6:3255
[89378434ms] [ERROR] WebSocket connection to 'wss://localhost:8081/app/app-key?protocol=7&client=js&version=8.4.0&flash=false' failed: Error in connection establishment: net::ERR_SSL_PROTOCOL_ERROR @ http://[::1]:5173/node_modules/.vite/deps/pusher-js.js?v=78e615f6:3255
[89438438ms] [ERROR] WebSocket connection to 'wss://localhost:8081/app/app-key?protocol=7&client=js&version=8.4.0&flash=false' failed: Error in connection establishment: net::ERR_SSL_PROTOCOL_ERROR @ http://[::1]:5173/node_modules/.vite/deps/pusher-js.js?v=78e615f6:3255
[89498441ms] [ERROR] WebSocket connection to 'wss://localhost:8081/app/app-key?protocol=7&client=js&version=8.4.0&flash=false' failed: Error in connection establishment: net::ERR_SSL_PROTOCOL_ERROR @ http://[::1]:5173/node_modules/.vite/deps/pusher-js.js?v=78e615f6:3255
[89558443ms] [ERROR] WebSocket connection to 'wss://localhost:8081/app/app-key?protocol=7&client=js&version=8.4.0&flash=false' failed: Error in connection establishment: net::ERR_SSL_PROTOCOL_ERROR @ http://[::1]:5173/node_modules/.vite/deps/pusher-js.js?v=78e615f6:3255
[89618442ms] [ERROR] WebSocket connection to 'wss://localhost:8081/app/app-key?protocol=7&client=js&version=8.4.0&flash=false' failed: Error in connection establishment: net::ERR_SSL_PROTOCOL_ERROR @ http://[::1]:5173/node_modules/.vite/deps/pusher-js.js?v=78e615f6:3255
[89678447ms] [ERROR] WebSocket connection to 'wss://localhost:8081/app/app-key?protocol=7&client=js&version=8.4.0&flash=false' failed: Error in connection establishment: net::ERR_SSL_PROTOCOL_ERROR @ http://[::1]:5173/node_modules/.vite/deps/pusher-js.js?v=78e615f6:3255
[89738446ms] [ERROR] WebSocket connection to 'wss://localhost:8081/app/app-key?protocol=7&client=js&version=8.4.0&flash=false' failed: Error in connection establishment: net::ERR_SSL_PROTOCOL_ERROR @ http://[::1]:5173/node_modules/.vite/deps/pusher-js.js?v=78e615f6:3255
[89798449ms] [ERROR] WebSocket connection to 'wss://localhost:8081/app/app-key?protocol=7&client=js&version=8.4.0&flash=false' failed: Error in connection establishment: net::ERR_SSL_PROTOCOL_ERROR @ http://[::1]:5173/node_modules/.vite/deps/pusher-js.js?v=78e615f6:3255
[89858454ms] [ERROR] WebSocket connection to 'wss://localhost:8081/app/app-key?protocol=7&client=js&version=8.4.0&flash=false' failed: Error in connection establishment: net::ERR_SSL_PROTOCOL_ERROR @ http://[::1]:5173/node_modules/.vite/deps/pusher-js.js?v=78e615f6:3255
[89918452ms] [ERROR] WebSocket connection to 'wss://localhost:8081/app/app-key?protocol=7&client=js&version=8.4.0&flash=false' failed: Error in connection establishment: net::ERR_SSL_PROTOCOL_ERROR @ http://[::1]:5173/node_modules/.vite/deps/pusher-js.js?v=78e615f6:3255
[89978452ms] [ERROR] WebSocket connection to 'wss://localhost:8081/app/app-key?protocol=7&client=js&version=8.4.0&flash=false' failed: Error in connection establishment: net::ERR_SSL_PROTOCOL_ERROR @ http://[::1]:5173/node_modules/.vite/deps/pusher-js.js?v=78e615f6:3255
[90038452ms] [ERROR] WebSocket connection to 'wss://localhost:8081/app/app-key?protocol=7&client=js&version=8.4.0&flash=false' failed: Error in connection establishment: net::ERR_SSL_PROTOCOL_ERROR @ http://[::1]:5173/node_modules/.vite/deps/pusher-js.js?v=78e615f6:3255
[90098458ms] [ERROR] WebSocket connection to 'wss://localhost:8081/app/app-key?protocol=7&client=js&version=8.4.0&flash=false' failed: Error in connection establishment: net::ERR_SSL_PROTOCOL_ERROR @ http://[::1]:5173/node_modules/.vite/deps/pusher-js.js?v=78e615f6:3255
[90158459ms] [ERROR] WebSocket connection to 'wss://localhost:8081/app/app-key?protocol=7&client=js&version=8.4.0&flash=false' failed: Error in connection establishment: net::ERR_SSL_PROTOCOL_ERROR @ http://[::1]:5173/node_modules/.vite/deps/pusher-js.js?v=78e615f6:3255
[90218459ms] [ERROR] WebSocket connection to 'wss://localhost:8081/app/app-key?protocol=7&client=js&version=8.4.0&flash=false' failed: Error in connection establishment: net::ERR_SSL_PROTOCOL_ERROR @ http://[::1]:5173/node_modules/.vite/deps/pusher-js.js?v=78e615f6:3255
[90278465ms] [ERROR] WebSocket connection to 'wss://localhost:8081/app/app-key?protocol=7&client=js&version=8.4.0&flash=false' failed: Error in connection establishment: net::ERR_SSL_PROTOCOL_ERROR @ http://[::1]:5173/node_modules/.vite/deps/pusher-js.js?v=78e615f6:3255
[90338462ms] [ERROR] WebSocket connection to 'wss://localhost:8081/app/app-key?protocol=7&client=js&version=8.4.0&flash=false' failed: Error in connection establishment: net::ERR_SSL_PROTOCOL_ERROR @ http://[::1]:5173/node_modules/.vite/deps/pusher-js.js?v=78e615f6:3255
[90398496ms] [ERROR] WebSocket connection to 'wss://localhost:8081/app/app-key?protocol=7&client=js&version=8.4.0&flash=false' failed: Error in connection establishment: net::ERR_SSL_PROTOCOL_ERROR @ http://[::1]:5173/node_modules/.vite/deps/pusher-js.js?v=78e615f6:3255
[90458499ms] [ERROR] WebSocket connection to 'wss://localhost:8081/app/app-key?protocol=7&client=js&version=8.4.0&flash=false' failed: Error in connection establishment: net::ERR_SSL_PROTOCOL_ERROR @ http://[::1]:5173/node_modules/.vite/deps/pusher-js.js?v=78e615f6:3255
[90518504ms] [ERROR] WebSocket connection to 'wss://localhost:8081/app/app-key?protocol=7&client=js&version=8.4.0&flash=false' failed: Error in connection establishment: net::ERR_SSL_PROTOCOL_ERROR @ http://[::1]:5173/node_modules/.vite/deps/pusher-js.js?v=78e615f6:3255
[90578503ms] [ERROR] WebSocket connection to 'wss://localhost:8081/app/app-key?protocol=7&client=js&version=8.4.0&flash=false' failed: Error in connection establishment: net::ERR_SSL_PROTOCOL_ERROR @ http://[::1]:5173/node_modules/.vite/deps/pusher-js.js?v=78e615f6:3255
[90638502ms] [ERROR] WebSocket connection to 'wss://localhost:8081/app/app-key?protocol=7&client=js&version=8.4.0&flash=false' failed: Error in connection establishment: net::ERR_SSL_PROTOCOL_ERROR @ http://[::1]:5173/node_modules/.vite/deps/pusher-js.js?v=78e615f6:3255
[90698504ms] [ERROR] WebSocket connection to 'wss://localhost:8081/app/app-key?protocol=7&client=js&version=8.4.0&flash=false' failed: Error in connection establishment: net::ERR_SSL_PROTOCOL_ERROR @ http://[::1]:5173/node_modules/.vite/deps/pusher-js.js?v=78e615f6:3255
[90758512ms] [ERROR] WebSocket connection to 'wss://localhost:8081/app/app-key?protocol=7&client=js&version=8.4.0&flash=false' failed: Error in connection establishment: net::ERR_SSL_PROTOCOL_ERROR @ http://[::1]:5173/node_modules/.vite/deps/pusher-js.js?v=78e615f6:3255
[90818511ms] [ERROR] WebSocket connection to 'wss://localhost:8081/app/app-key?protocol=7&client=js&version=8.4.0&flash=false' failed: Error in connection establishment: net::ERR_SSL_PROTOCOL_ERROR @ http://[::1]:5173/node_modules/.vite/deps/pusher-js.js?v=78e615f6:3255
[90878517ms] [ERROR] WebSocket connection to 'wss://localhost:8081/app/app-key?protocol=7&client=js&version=8.4.0&flash=false' failed: Error in connection establishment: net::ERR_SSL_PROTOCOL_ERROR @ http://[::1]:5173/node_modules/.vite/deps/pusher-js.js?v=78e615f6:3255
[90938520ms] [ERROR] WebSocket connection to 'wss://localhost:8081/app/app-key?protocol=7&client=js&version=8.4.0&flash=false' failed: Error in connection establishment: net::ERR_SSL_PROTOCOL_ERROR @ http://[::1]:5173/node_modules/.vite/deps/pusher-js.js?v=78e615f6:3255
[90998520ms] [ERROR] WebSocket connection to 'wss://localhost:8081/app/app-key?protocol=7&client=js&version=8.4.0&flash=false' failed: Error in connection establishment: net::ERR_SSL_PROTOCOL_ERROR @ http://[::1]:5173/node_modules/.vite/deps/pusher-js.js?v=78e615f6:3255
[91058518ms] [ERROR] WebSocket connection to 'wss://localhost:8081/app/app-key?protocol=7&client=js&version=8.4.0&flash=false' failed: Error in connection establishment: net::ERR_SSL_PROTOCOL_ERROR @ http://[::1]:5173/node_modules/.vite/deps/pusher-js.js?v=78e615f6:3255
[91118523ms] [ERROR] WebSocket connection to 'wss://localhost:8081/app/app-key?protocol=7&client=js&version=8.4.0&flash=false' failed: Error in connection establishment: net::ERR_SSL_PROTOCOL_ERROR @ http://[::1]:5173/node_modules/.vite/deps/pusher-js.js?v=78e615f6:3255
[91178521ms] [ERROR] WebSocket connection to 'wss://localhost:8081/app/app-key?protocol=7&client=js&version=8.4.0&flash=false' failed: Error in connection establishment: net::ERR_SSL_PROTOCOL_ERROR @ http://[::1]:5173/node_modules/.vite/deps/pusher-js.js?v=78e615f6:3255
[91238519ms] [ERROR] WebSocket connection to 'wss://localhost:8081/app/app-key?protocol=7&client=js&version=8.4.0&flash=false' failed: Error in connection establishment: net::ERR_SSL_PROTOCOL_ERROR @ http://[::1]:5173/node_modules/.vite/deps/pusher-js.js?v=78e615f6:3255
[91298525ms] [ERROR] WebSocket connection to 'wss://localhost:8081/app/app-key?protocol=7&client=js&version=8.4.0&flash=false' failed: Error in connection establishment: net::ERR_SSL_PROTOCOL_ERROR @ http://[::1]:5173/node_modules/.vite/deps/pusher-js.js?v=78e615f6:3255
[91358529ms] [ERROR] WebSocket connection to 'wss://localhost:8081/app/app-key?protocol=7&client=js&version=8.4.0&flash=false' failed: Error in connection establishment: net::ERR_SSL_PROTOCOL_ERROR @ http://[::1]:5173/node_modules/.vite/deps/pusher-js.js?v=78e615f6:3255
[91418534ms] [ERROR] WebSocket connection to 'wss://localhost:8081/app/app-key?protocol=7&client=js&version=8.4.0&flash=false' failed: Error in connection establishment: net::ERR_SSL_PROTOCOL_ERROR @ http://[::1]:5173/node_modules/.vite/deps/pusher-js.js?v=78e615f6:3255
[91478537ms] [ERROR] WebSocket connection to 'wss://localhost:8081/app/app-key?protocol=7&client=js&version=8.4.0&flash=false' failed: Error in connection establishment: net::ERR_SSL_PROTOCOL_ERROR @ http://[::1]:5173/node_modules/.vite/deps/pusher-js.js?v=78e615f6:3255
[91538533ms] [ERROR] WebSocket connection to 'wss://localhost:8081/app/app-key?protocol=7&client=js&version=8.4.0&flash=false' failed: Error in connection establishment: net::ERR_SSL_PROTOCOL_ERROR @ http://[::1]:5173/node_modules/.vite/deps/pusher-js.js?v=78e615f6:3255
[91598538ms] [ERROR] WebSocket connection to 'wss://localhost:8081/app/app-key?protocol=7&client=js&version=8.4.0&flash=false' failed: Error in connection establishment: net::ERR_SSL_PROTOCOL_ERROR @ http://[::1]:5173/node_modules/.vite/deps/pusher-js.js?v=78e615f6:3255
[91658540ms] [ERROR] WebSocket connection to 'wss://localhost:8081/app/app-key?protocol=7&client=js&version=8.4.0&flash=false' failed: Error in connection establishment: net::ERR_SSL_PROTOCOL_ERROR @ http://[::1]:5173/node_modules/.vite/deps/pusher-js.js?v=78e615f6:3255
[91718552ms] [ERROR] WebSocket connection to 'wss://localhost:8081/app/app-key?protocol=7&client=js&version=8.4.0&flash=false' failed: Error in connection establishment: net::ERR_SSL_PROTOCOL_ERROR @ http://[::1]:5173/node_modules/.vite/deps/pusher-js.js?v=78e615f6:3255
[91778547ms] [ERROR] WebSocket connection to 'wss://localhost:8081/app/app-key?protocol=7&client=js&version=8.4.0&flash=false' failed: Error in connection establishment: net::ERR_SSL_PROTOCOL_ERROR @ http://[::1]:5173/node_modules/.vite/deps/pusher-js.js?v=78e615f6:3255
[91838548ms] [ERROR] WebSocket connection to 'wss://localhost:8081/app/app-key?protocol=7&client=js&version=8.4.0&flash=false' failed: Error in connection establishment: net::ERR_SSL_PROTOCOL_ERROR @ http://[::1]:5173/node_modules/.vite/deps/pusher-js.js?v=78e615f6:3255
[91898544ms] [ERROR] WebSocket connection to 'wss://localhost:8081/app/app-key?protocol=7&client=js&version=8.4.0&flash=false' failed: Error in connection establishment: net::ERR_SSL_PROTOCOL_ERROR @ http://[::1]:5173/node_modules/.vite/deps/pusher-js.js?v=78e615f6:3255
[91958550ms] [ERROR] WebSocket connection to 'wss://localhost:8081/app/app-key?protocol=7&client=js&version=8.4.0&flash=false' failed: Error in connection establishment: net::ERR_SSL_PROTOCOL_ERROR @ http://[::1]:5173/node_modules/.vite/deps/pusher-js.js?v=78e615f6:3255
[92018552ms] [ERROR] WebSocket connection to 'wss://localhost:8081/app/app-key?protocol=7&client=js&version=8.4.0&flash=false' failed: Error in connection establishment: net::ERR_SSL_PROTOCOL_ERROR @ http://[::1]:5173/node_modules/.vite/deps/pusher-js.js?v=78e615f6:3255
[92078553ms] [ERROR] WebSocket connection to 'wss://localhost:8081/app/app-key?protocol=7&client=js&version=8.4.0&flash=false' failed: Error in connection establishment: net::ERR_SSL_PROTOCOL_ERROR @ http://[::1]:5173/node_modules/.vite/deps/pusher-js.js?v=78e615f6:3255
[92138554ms] [ERROR] WebSocket connection to 'wss://localhost:8081/app/app-key?protocol=7&client=js&version=8.4.0&flash=false' failed: Error in connection establishment: net::ERR_SSL_PROTOCOL_ERROR @ http://[::1]:5173/node_modules/.vite/deps/pusher-js.js?v=78e615f6:3255
[92198555ms] [ERROR] WebSocket connection to 'wss://localhost:8081/app/app-key?protocol=7&client=js&version=8.4.0&flash=false' failed: Error in connection establishment: net::ERR_SSL_PROTOCOL_ERROR @ http://[::1]:5173/node_modules/.vite/deps/pusher-js.js?v=78e615f6:3255
[92258556ms] [ERROR] WebSocket connection to 'wss://localhost:8081/app/app-key?protocol=7&client=js&version=8.4.0&flash=false' failed: Error in connection establishment: net::ERR_SSL_PROTOCOL_ERROR @ http://[::1]:5173/node_modules/.vite/deps/pusher-js.js?v=78e615f6:3255
[92318564ms] [ERROR] WebSocket connection to 'wss://localhost:8081/app/app-key?protocol=7&client=js&version=8.4.0&flash=false' failed: Error in connection establishment: net::ERR_SSL_PROTOCOL_ERROR @ http://[::1]:5173/node_modules/.vite/deps/pusher-js.js?v=78e615f6:3255
[92378558ms] [ERROR] WebSocket connection to 'wss://localhost:8081/app/app-key?protocol=7&client=js&version=8.4.0&flash=false' failed: Error in connection establishment: net::ERR_SSL_PROTOCOL_ERROR @ http://[::1]:5173/node_modules/.vite/deps/pusher-js.js?v=78e615f6:3255
[92438540ms] [ERROR] WebSocket connection to 'wss://localhost:8081/app/app-key?protocol=7&client=js&version=8.4.0&flash=false' failed: Error in connection establishment: net::ERR_SSL_PROTOCOL_ERROR @ http://[::1]:5173/node_modules/.vite/deps/pusher-js.js?v=78e615f6:3255
[92498550ms] [ERROR] WebSocket connection to 'wss://localhost:8081/app/app-key?protocol=7&client=js&version=8.4.0&flash=false' failed: Error in connection establishment: net::ERR_SSL_PROTOCOL_ERROR @ http://[::1]:5173/node_modules/.vite/deps/pusher-js.js?v=78e615f6:3255
[92558539ms] [ERROR] WebSocket connection to 'wss://localhost:8081/app/app-key?protocol=7&client=js&version=8.4.0&flash=false' failed: Error in connection establishment: net::ERR_SSL_PROTOCOL_ERROR @ http://[::1]:5173/node_modules/.vite/deps/pusher-js.js?v=78e615f6:3255
[92618546ms] [ERROR] WebSocket connection to 'wss://localhost:8081/app/app-key?protocol=7&client=js&version=8.4.0&flash=false' failed: Error in connection establishment: net::ERR_SSL_PROTOCOL_ERROR @ http://[::1]:5173/node_modules/.vite/deps/pusher-js.js?v=78e615f6:3255
[92678546ms] [ERROR] WebSocket connection to 'wss://localhost:8081/app/app-key?protocol=7&client=js&version=8.4.0&flash=false' failed: Error in connection establishment: net::ERR_SSL_PROTOCOL_ERROR @ http://[::1]:5173/node_modules/.vite/deps/pusher-js.js?v=78e615f6:3255
[92738549ms] [ERROR] WebSocket connection to 'wss://localhost:8081/app/app-key?protocol=7&client=js&version=8.4.0&flash=false' failed: Error in connection establishment: net::ERR_SSL_PROTOCOL_ERROR @ http://[::1]:5173/node_modules/.vite/deps/pusher-js.js?v=78e615f6:3255
[92798549ms] [ERROR] WebSocket connection to 'wss://localhost:8081/app/app-key?protocol=7&client=js&version=8.4.0&flash=false' failed: Error in connection establishment: net::ERR_SSL_PROTOCOL_ERROR @ http://[::1]:5173/node_modules/.vite/deps/pusher-js.js?v=78e615f6:3255
[92858555ms] [ERROR] WebSocket connection to 'wss://localhost:8081/app/app-key?protocol=7&client=js&version=8.4.0&flash=false' failed: Error in connection establishment: net::ERR_SSL_PROTOCOL_ERROR @ http://[::1]:5173/node_modules/.vite/deps/pusher-js.js?v=78e615f6:3255
[92918554ms] [ERROR] WebSocket connection to 'wss://localhost:8081/app/app-key?protocol=7&client=js&version=8.4.0&flash=false' failed: Error in connection establishment: net::ERR_SSL_PROTOCOL_ERROR @ http://[::1]:5173/node_modules/.vite/deps/pusher-js.js?v=78e615f6:3255
[92978557ms] [ERROR] WebSocket connection to 'wss://localhost:8081/app/app-key?protocol=7&client=js&version=8.4.0&flash=false' failed: Error in connection establishment: net::ERR_SSL_PROTOCOL_ERROR @ http://[::1]:5173/node_modules/.vite/deps/pusher-js.js?v=78e615f6:3255
[93038557ms] [ERROR] WebSocket connection to 'wss://localhost:8081/app/app-key?protocol=7&client=js&version=8.4.0&flash=false' failed: Error in connection establishment: net::ERR_SSL_PROTOCOL_ERROR @ http://[::1]:5173/node_modules/.vite/deps/pusher-js.js?v=78e615f6:3255
[93098559ms] [ERROR] WebSocket connection to 'wss://localhost:8081/app/app-key?protocol=7&client=js&version=8.4.0&flash=false' failed: Error in connection establishment: net::ERR_SSL_PROTOCOL_ERROR @ http://[::1]:5173/node_modules/.vite/deps/pusher-js.js?v=78e615f6:3255
[93158557ms] [ERROR] WebSocket connection to 'wss://localhost:8081/app/app-key?protocol=7&client=js&version=8.4.0&flash=false' failed: Error in connection establishment: net::ERR_SSL_PROTOCOL_ERROR @ http://[::1]:5173/node_modules/.vite/deps/pusher-js.js?v=78e615f6:3255
[93218562ms] [ERROR] WebSocket connection to 'wss://localhost:8081/app/app-key?protocol=7&client=js&version=8.4.0&flash=false' failed: Error in connection establishment: net::ERR_SSL_PROTOCOL_ERROR @ http://[::1]:5173/node_modules/.vite/deps/pusher-js.js?v=78e615f6:3255
[93278560ms] [ERROR] WebSocket connection to 'wss://localhost:8081/app/app-key?protocol=7&client=js&version=8.4.0&flash=false' failed: Error in connection establishment: net::ERR_SSL_PROTOCOL_ERROR @ http://[::1]:5173/node_modules/.vite/deps/pusher-js.js?v=78e615f6:3255
[93338565ms] [ERROR] WebSocket connection to 'wss://localhost:8081/app/app-key?protocol=7&client=js&version=8.4.0&flash=false' failed: Error in connection establishment: net::ERR_SSL_PROTOCOL_ERROR @ http://[::1]:5173/node_modules/.vite/deps/pusher-js.js?v=78e615f6:3255
[93398563ms] [ERROR] WebSocket connection to 'wss://localhost:8081/app/app-key?protocol=7&client=js&version=8.4.0&flash=false' failed: Error in connection establishment: net::ERR_SSL_PROTOCOL_ERROR @ http://[::1]:5173/node_modules/.vite/deps/pusher-js.js?v=78e615f6:3255
[93458568ms] [ERROR] WebSocket connection to 'wss://localhost:8081/app/app-key?protocol=7&client=js&version=8.4.0&flash=false' failed: Error in connection establishment: net::ERR_SSL_PROTOCOL_ERROR @ http://[::1]:5173/node_modules/.vite/deps/pusher-js.js?v=78e615f6:3255
[93518575ms] [ERROR] WebSocket connection to 'wss://localhost:8081/app/app-key?protocol=7&client=js&version=8.4.0&flash=false' failed: Error in connection establishment: net::ERR_SSL_PROTOCOL_ERROR @ http://[::1]:5173/node_modules/.vite/deps/pusher-js.js?v=78e615f6:3255
[93578569ms] [ERROR] WebSocket connection to 'wss://localhost:8081/app/app-key?protocol=7&client=js&version=8.4.0&flash=false' failed: Error in connection establishment: net::ERR_SSL_PROTOCOL_ERROR @ http://[::1]:5173/node_modules/.vite/deps/pusher-js.js?v=78e615f6:3255
[93638574ms] [ERROR] WebSocket connection to 'wss://localhost:8081/app/app-key?protocol=7&client=js&version=8.4.0&flash=false' failed: Error in connection establishment: net::ERR_SSL_PROTOCOL_ERROR @ http://[::1]:5173/node_modules/.vite/deps/pusher-js.js?v=78e615f6:3255
[93698573ms] [ERROR] WebSocket connection to 'wss://localhost:8081/app/app-key?protocol=7&client=js&version=8.4.0&flash=false' failed: Error in connection establishment: net::ERR_SSL_PROTOCOL_ERROR @ http://[::1]:5173/node_modules/.vite/deps/pusher-js.js?v=78e615f6:3255
[93758575ms] [ERROR] WebSocket connection to 'wss://localhost:8081/app/app-key?protocol=7&client=js&version=8.4.0&flash=false' failed: Error in connection establishment: net::ERR_SSL_PROTOCOL_ERROR @ http://[::1]:5173/node_modules/.vite/deps/pusher-js.js?v=78e615f6:3255
[93818577ms] [ERROR] WebSocket connection to 'wss://localhost:8081/app/app-key?protocol=7&client=js&version=8.4.0&flash=false' failed: Error in connection establishment: net::ERR_SSL_PROTOCOL_ERROR @ http://[::1]:5173/node_modules/.vite/deps/pusher-js.js?v=78e615f6:3255
[93878577ms] [ERROR] WebSocket connection to 'wss://localhost:8081/app/app-key?protocol=7&client=js&version=8.4.0&flash=false' failed: Error in connection establishment: net::ERR_SSL_PROTOCOL_ERROR @ http://[::1]:5173/node_modules/.vite/deps/pusher-js.js?v=78e615f6:3255
[93938577ms] [ERROR] WebSocket connection to 'wss://localhost:8081/app/app-key?protocol=7&client=js&version=8.4.0&flash=false' failed: Error in connection establishment: net::ERR_SSL_PROTOCOL_ERROR @ http://[::1]:5173/node_modules/.vite/deps/pusher-js.js?v=78e615f6:3255
[93998580ms] [ERROR] WebSocket connection to 'wss://localhost:8081/app/app-key?protocol=7&client=js&version=8.4.0&flash=false' failed: Error in connection establishment: net::ERR_SSL_PROTOCOL_ERROR @ http://[::1]:5173/node_modules/.vite/deps/pusher-js.js?v=78e615f6:3255
[94058587ms] [ERROR] WebSocket connection to 'wss://localhost:8081/app/app-key?protocol=7&client=js&version=8.4.0&flash=false' failed: Error in connection establishment: net::ERR_SSL_PROTOCOL_ERROR @ http://[::1]:5173/node_modules/.vite/deps/pusher-js.js?v=78e615f6:3255
[94118586ms] [ERROR] WebSocket connection to 'wss://localhost:8081/app/app-key?protocol=7&client=js&version=8.4.0&flash=false' failed: Error in connection establishment: net::ERR_SSL_PROTOCOL_ERROR @ http://[::1]:5173/node_modules/.vite/deps/pusher-js.js?v=78e615f6:3255
[94178585ms] [ERROR] WebSocket connection to 'wss://localhost:8081/app/app-key?protocol=7&client=js&version=8.4.0&flash=false' failed: Error in connection establishment: net::ERR_SSL_PROTOCOL_ERROR @ http://[::1]:5173/node_modules/.vite/deps/pusher-js.js?v=78e615f6:3255
[94238589ms] [ERROR] WebSocket connection to 'wss://localhost:8081/app/app-key?protocol=7&client=js&version=8.4.0&flash=false' failed: Error in connection establishment: net::ERR_SSL_PROTOCOL_ERROR @ http://[::1]:5173/node_modules/.vite/deps/pusher-js.js?v=78e615f6:3255
[94298594ms] [ERROR] WebSocket connection to 'wss://localhost:8081/app/app-key?protocol=7&client=js&version=8.4.0&flash=false' failed: Error in connection establishment: net::ERR_SSL_PROTOCOL_ERROR @ http://[::1]:5173/node_modules/.vite/deps/pusher-js.js?v=78e615f6:3255
[94358570ms] [ERROR] WebSocket connection to 'wss://localhost:8081/app/app-key?protocol=7&client=js&version=8.4.0&flash=false' failed: Error in connection establishment: net::ERR_SSL_PROTOCOL_ERROR @ http://[::1]:5173/node_modules/.vite/deps/pusher-js.js?v=78e615f6:3255
[94418568ms] [ERROR] WebSocket connection to 'wss://localhost:8081/app/app-key?protocol=7&client=js&version=8.4.0&flash=false' failed: Error in connection establishment: net::ERR_SSL_PROTOCOL_ERROR @ http://[::1]:5173/node_modules/.vite/deps/pusher-js.js?v=78e615f6:3255
[94478572ms] [ERROR] WebSocket connection to 'wss://localhost:8081/app/app-key?protocol=7&client=js&version=8.4.0&flash=false' failed: Error in connection establishment: net::ERR_SSL_PROTOCOL_ERROR @ http://[::1]:5173/node_modules/.vite/deps/pusher-js.js?v=78e615f6:3255
[94538573ms] [ERROR] WebSocket connection to 'wss://localhost:8081/app/app-key?protocol=7&client=js&version=8.4.0&flash=false' failed: Error in connection establishment: net::ERR_SSL_PROTOCOL_ERROR @ http://[::1]:5173/node_modules/.vite/deps/pusher-js.js?v=78e615f6:3255
[94598579ms] [ERROR] WebSocket connection to 'wss://localhost:8081/app/app-key?protocol=7&client=js&version=8.4.0&flash=false' failed: Error in connection establishment: net::ERR_SSL_PROTOCOL_ERROR @ http://[::1]:5173/node_modules/.vite/deps/pusher-js.js?v=78e615f6:3255
[94658574ms] [ERROR] WebSocket connection to 'wss://localhost:8081/app/app-key?protocol=7&client=js&version=8.4.0&flash=false' failed: Error in connection establishment: net::ERR_SSL_PROTOCOL_ERROR @ http://[::1]:5173/node_modules/.vite/deps/pusher-js.js?v=78e615f6:3255
[94718579ms] [ERROR] WebSocket connection to 'wss://localhost:8081/app/app-key?protocol=7&client=js&version=8.4.0&flash=false' failed: Error in connection establishment: net::ERR_SSL_PROTOCOL_ERROR @ http://[::1]:5173/node_modules/.vite/deps/pusher-js.js?v=78e615f6:3255
[94778578ms] [ERROR] WebSocket connection to 'wss://localhost:8081/app/app-key?protocol=7&client=js&version=8.4.0&flash=false' failed: Error in connection establishment: net::ERR_SSL_PROTOCOL_ERROR @ http://[::1]:5173/node_modules/.vite/deps/pusher-js.js?v=78e615f6:3255
[94838580ms] [ERROR] WebSocket connection to 'wss://localhost:8081/app/app-key?protocol=7&client=js&version=8.4.0&flash=false' failed: Error in connection establishment: net::ERR_SSL_PROTOCOL_ERROR @ http://[::1]:5173/node_modules/.vite/deps/pusher-js.js?v=78e615f6:3255
[94898585ms] [ERROR] WebSocket connection to 'wss://localhost:8081/app/app-key?protocol=7&client=js&version=8.4.0&flash=false' failed: Error in connection establishment: net::ERR_SSL_PROTOCOL_ERROR @ http://[::1]:5173/node_modules/.vite/deps/pusher-js.js?v=78e615f6:3255
[94958583ms] [ERROR] WebSocket connection to 'wss://localhost:8081/app/app-key?protocol=7&client=js&version=8.4.0&flash=false' failed: Error in connection establishment: net::ERR_SSL_PROTOCOL_ERROR @ http://[::1]:5173/node_modules/.vite/deps/pusher-js.js?v=78e615f6:3255
[95018610ms] [ERROR] WebSocket connection to 'wss://localhost:8081/app/app-key?protocol=7&client=js&version=8.4.0&flash=false' failed: Error in connection establishment: net::ERR_SSL_PROTOCOL_ERROR @ http://[::1]:5173/node_modules/.vite/deps/pusher-js.js?v=78e615f6:3255
[95078596ms] [ERROR] WebSocket connection to 'wss://localhost:8081/app/app-key?protocol=7&client=js&version=8.4.0&flash=false' failed: Error in connection establishment: net::ERR_SSL_PROTOCOL_ERROR @ http://[::1]:5173/node_modules/.vite/deps/pusher-js.js?v=78e615f6:3255
[95138587ms] [ERROR] WebSocket connection to 'wss://localhost:8081/app/app-key?protocol=7&client=js&version=8.4.0&flash=false' failed: Error in connection establishment: net::ERR_SSL_PROTOCOL_ERROR @ http://[::1]:5173/node_modules/.vite/deps/pusher-js.js?v=78e615f6:3255
[95198588ms] [ERROR] WebSocket connection to 'wss://localhost:8081/app/app-key?protocol=7&client=js&version=8.4.0&flash=false' failed: Error in connection establishment: net::ERR_SSL_PROTOCOL_ERROR @ http://[::1]:5173/node_modules/.vite/deps/pusher-js.js?v=78e615f6:3255
[95258592ms] [ERROR] WebSocket connection to 'wss://localhost:8081/app/app-key?protocol=7&client=js&version=8.4.0&flash=false' failed: Error in connection establishment: net::ERR_SSL_PROTOCOL_ERROR @ http://[::1]:5173/node_modules/.vite/deps/pusher-js.js?v=78e615f6:3255
[95318589ms] [ERROR] WebSocket connection to 'wss://localhost:8081/app/app-key?protocol=7&client=js&version=8.4.0&flash=false' failed: Error in connection establishment: net::ERR_SSL_PROTOCOL_ERROR @ http://[::1]:5173/node_modules/.vite/deps/pusher-js.js?v=78e615f6:3255
[95378592ms] [ERROR] WebSocket connection to 'wss://localhost:8081/app/app-key?protocol=7&client=js&version=8.4.0&flash=false' failed: Error in connection establishment: net::ERR_SSL_PROTOCOL_ERROR @ http://[::1]:5173/node_modules/.vite/deps/pusher-js.js?v=78e615f6:3255
[95438597ms] [ERROR] WebSocket connection to 'wss://localhost:8081/app/app-key?protocol=7&client=js&version=8.4.0&flash=false' failed: Error in connection establishment: net::ERR_SSL_PROTOCOL_ERROR @ http://[::1]:5173/node_modules/.vite/deps/pusher-js.js?v=78e615f6:3255
[95498594ms] [ERROR] WebSocket connection to 'wss://localhost:8081/app/app-key?protocol=7&client=js&version=8.4.0&flash=false' failed: Error in connection establishment: net::ERR_SSL_PROTOCOL_ERROR @ http://[::1]:5173/node_modules/.vite/deps/pusher-js.js?v=78e615f6:3255
[95558598ms] [ERROR] WebSocket connection to 'wss://localhost:8081/app/app-key?protocol=7&client=js&version=8.4.0&flash=false' failed: Error in connection establishment: net::ERR_SSL_PROTOCOL_ERROR @ http://[::1]:5173/node_modules/.vite/deps/pusher-js.js?v=78e615f6:3255
[95618598ms] [ERROR] WebSocket connection to 'wss://localhost:8081/app/app-key?protocol=7&client=js&version=8.4.0&flash=false' failed: Error in connection establishment: net::ERR_SSL_PROTOCOL_ERROR @ http://[::1]:5173/node_modules/.vite/deps/pusher-js.js?v=78e615f6:3255
[95678602ms] [ERROR] WebSocket connection to 'wss://localhost:8081/app/app-key?protocol=7&client=js&version=8.4.0&flash=false' failed: Error in connection establishment: net::ERR_SSL_PROTOCOL_ERROR @ http://[::1]:5173/node_modules/.vite/deps/pusher-js.js?v=78e615f6:3255
[95738605ms] [ERROR] WebSocket connection to 'wss://localhost:8081/app/app-key?protocol=7&client=js&version=8.4.0&flash=false' failed: Error in connection establishment: net::ERR_SSL_PROTOCOL_ERROR @ http://[::1]:5173/node_modules/.vite/deps/pusher-js.js?v=78e615f6:3255
[95798603ms] [ERROR] WebSocket connection to 'wss://localhost:8081/app/app-key?protocol=7&client=js&version=8.4.0&flash=false' failed: Error in connection establishment: net::ERR_SSL_PROTOCOL_ERROR @ http://[::1]:5173/node_modules/.vite/deps/pusher-js.js?v=78e615f6:3255
[95858609ms] [ERROR] WebSocket connection to 'wss://localhost:8081/app/app-key?protocol=7&client=js&version=8.4.0&flash=false' failed: Error in connection establishment: net::ERR_SSL_PROTOCOL_ERROR @ http://[::1]:5173/node_modules/.vite/deps/pusher-js.js?v=78e615f6:3255
[95918612ms] [ERROR] WebSocket connection to 'wss://localhost:8081/app/app-key?protocol=7&client=js&version=8.4.0&flash=false' failed: Error in connection establishment: net::ERR_SSL_PROTOCOL_ERROR @ http://[::1]:5173/node_modules/.vite/deps/pusher-js.js?v=78e615f6:3255
[95978611ms] [ERROR] WebSocket connection to 'wss://localhost:8081/app/app-key?protocol=7&client=js&version=8.4.0&flash=false' failed: Error in connection establishment: net::ERR_SSL_PROTOCOL_ERROR @ http://[::1]:5173/node_modules/.vite/deps/pusher-js.js?v=78e615f6:3255
[96038609ms] [ERROR] WebSocket connection to 'wss://localhost:8081/app/app-key?protocol=7&client=js&version=8.4.0&flash=false' failed: Error in connection establishment: net::ERR_SSL_PROTOCOL_ERROR @ http://[::1]:5173/node_modules/.vite/deps/pusher-js.js?v=78e615f6:3255
[96098620ms] [ERROR] WebSocket connection to 'wss://localhost:8081/app/app-key?protocol=7&client=js&version=8.4.0&flash=false' failed: Error in connection establishment: net::ERR_SSL_PROTOCOL_ERROR @ http://[::1]:5173/node_modules/.vite/deps/pusher-js.js?v=78e615f6:3255
[96158616ms] [ERROR] WebSocket connection to 'wss://localhost:8081/app/app-key?protocol=7&client=js&version=8.4.0&flash=false' failed: Error in connection establishment: net::ERR_SSL_PROTOCOL_ERROR @ http://[::1]:5173/node_modules/.vite/deps/pusher-js.js?v=78e615f6:3255
[96218617ms] [ERROR] WebSocket connection to 'wss://localhost:8081/app/app-key?protocol=7&client=js&version=8.4.0&flash=false' failed: Error in connection establishment: net::ERR_SSL_PROTOCOL_ERROR @ http://[::1]:5173/node_modules/.vite/deps/pusher-js.js?v=78e615f6:3255
[96278617ms] [ERROR] WebSocket connection to 'wss://localhost:8081/app/app-key?protocol=7&client=js&version=8.4.0&flash=false' failed: Error in connection establishment: net::ERR_SSL_PROTOCOL_ERROR @ http://[::1]:5173/node_modules/.vite/deps/pusher-js.js?v=78e615f6:3255
[96338625ms] [ERROR] WebSocket connection to 'wss://localhost:8081/app/app-key?protocol=7&client=js&version=8.4.0&flash=false' failed: Error in connection establishment: net::ERR_SSL_PROTOCOL_ERROR @ http://[::1]:5173/node_modules/.vite/deps/pusher-js.js?v=78e615f6:3255
[96398633ms] [ERROR] WebSocket connection to 'wss://localhost:8081/app/app-key?protocol=7&client=js&version=8.4.0&flash=false' failed: Error in connection establishment: net::ERR_SSL_PROTOCOL_ERROR @ http://[::1]:5173/node_modules/.vite/deps/pusher-js.js?v=78e615f6:3255
[96458632ms] [ERROR] WebSocket connection to 'wss://localhost:8081/app/app-key?protocol=7&client=js&version=8.4.0&flash=false' failed: Error in connection establishment: net::ERR_SSL_PROTOCOL_ERROR @ http://[::1]:5173/node_modules/.vite/deps/pusher-js.js?v=78e615f6:3255
[96518628ms] [ERROR] WebSocket connection to 'wss://localhost:8081/app/app-key?protocol=7&client=js&version=8.4.0&flash=false' failed: Error in connection establishment: net::ERR_SSL_PROTOCOL_ERROR @ http://[::1]:5173/node_modules/.vite/deps/pusher-js.js?v=78e615f6:3255
[96578635ms] [ERROR] WebSocket connection to 'wss://localhost:8081/app/app-key?protocol=7&client=js&version=8.4.0&flash=false' failed: Error in connection establishment: net::ERR_SSL_PROTOCOL_ERROR @ http://[::1]:5173/node_modules/.vite/deps/pusher-js.js?v=78e615f6:3255
[96638631ms] [ERROR] WebSocket connection to 'wss://localhost:8081/app/app-key?protocol=7&client=js&version=8.4.0&flash=false' failed: Error in connection establishment: net::ERR_SSL_PROTOCOL_ERROR @ http://[::1]:5173/node_modules/.vite/deps/pusher-js.js?v=78e615f6:3255
[96698631ms] [ERROR] WebSocket connection to 'wss://localhost:8081/app/app-key?protocol=7&client=js&version=8.4.0&flash=false' failed: Error in connection establishment: net::ERR_SSL_PROTOCOL_ERROR @ http://[::1]:5173/node_modules/.vite/deps/pusher-js.js?v=78e615f6:3255
[96758640ms] [ERROR] WebSocket connection to 'wss://localhost:8081/app/app-key?protocol=7&client=js&version=8.4.0&flash=false' failed: Error in connection establishment: net::ERR_SSL_PROTOCOL_ERROR @ http://[::1]:5173/node_modules/.vite/deps/pusher-js.js?v=78e615f6:3255
[96818635ms] [ERROR] WebSocket connection to 'wss://localhost:8081/app/app-key?protocol=7&client=js&version=8.4.0&flash=false' failed: Error in connection establishment: net::ERR_SSL_PROTOCOL_ERROR @ http://[::1]:5173/node_modules/.vite/deps/pusher-js.js?v=78e615f6:3255
[96878640ms] [ERROR] WebSocket connection to 'wss://localhost:8081/app/app-key?protocol=7&client=js&version=8.4.0&flash=false' failed: Error in connection establishment: net::ERR_SSL_PROTOCOL_ERROR @ http://[::1]:5173/node_modules/.vite/deps/pusher-js.js?v=78e615f6:3255
[96938641ms] [ERROR] WebSocket connection to 'wss://localhost:8081/app/app-key?protocol=7&client=js&version=8.4.0&flash=false' failed: Error in connection establishment: net::ERR_SSL_PROTOCOL_ERROR @ http://[::1]:5173/node_modules/.vite/deps/pusher-js.js?v=78e615f6:3255
[96998636ms] [ERROR] WebSocket connection to 'wss://localhost:8081/app/app-key?protocol=7&client=js&version=8.4.0&flash=false' failed: Error in connection establishment: net::ERR_SSL_PROTOCOL_ERROR @ http://[::1]:5173/node_modules/.vite/deps/pusher-js.js?v=78e615f6:3255
[97058644ms] [ERROR] WebSocket connection to 'wss://localhost:8081/app/app-key?protocol=7&client=js&version=8.4.0&flash=false' failed: Error in connection establishment: net::ERR_SSL_PROTOCOL_ERROR @ http://[::1]:5173/node_modules/.vite/deps/pusher-js.js?v=78e615f6:3255
[97118651ms] [ERROR] WebSocket connection to 'wss://localhost:8081/app/app-key?protocol=7&client=js&version=8.4.0&flash=false' failed: Error in connection establishment: net::ERR_SSL_PROTOCOL_ERROR @ http://[::1]:5173/node_modules/.vite/deps/pusher-js.js?v=78e615f6:3255
[97178647ms] [ERROR] WebSocket connection to 'wss://localhost:8081/app/app-key?protocol=7&client=js&version=8.4.0&flash=false' failed: Error in connection establishment: net::ERR_SSL_PROTOCOL_ERROR @ http://[::1]:5173/node_modules/.vite/deps/pusher-js.js?v=78e615f6:3255
[97238644ms] [ERROR] WebSocket connection to 'wss://localhost:8081/app/app-key?protocol=7&client=js&version=8.4.0&flash=false' failed: Error in connection establishment: net::ERR_SSL_PROTOCOL_ERROR @ http://[::1]:5173/node_modules/.vite/deps/pusher-js.js?v=78e615f6:3255
[97298647ms] [ERROR] WebSocket connection to 'wss://localhost:8081/app/app-key?protocol=7&client=js&version=8.4.0&flash=false' failed: Error in connection establishment: net::ERR_SSL_PROTOCOL_ERROR @ http://[::1]:5173/node_modules/.vite/deps/pusher-js.js?v=78e615f6:3255
[97358649ms] [ERROR] WebSocket connection to 'wss://localhost:8081/app/app-key?protocol=7&client=js&version=8.4.0&flash=false' failed: Error in connection establishment: net::ERR_SSL_PROTOCOL_ERROR @ http://[::1]:5173/node_modules/.vite/deps/pusher-js.js?v=78e615f6:3255
[97418650ms] [ERROR] WebSocket connection to 'wss://localhost:8081/app/app-key?protocol=7&client=js&version=8.4.0&flash=false' failed: Error in connection establishment: net::ERR_SSL_PROTOCOL_ERROR @ http://[::1]:5173/node_modules/.vite/deps/pusher-js.js?v=78e615f6:3255
[97478650ms] [ERROR] WebSocket connection to 'wss://localhost:8081/app/app-key?protocol=7&client=js&version=8.4.0&flash=false' failed: Error in connection establishment: net::ERR_SSL_PROTOCOL_ERROR @ http://[::1]:5173/node_modules/.vite/deps/pusher-js.js?v=78e615f6:3255
[97538653ms] [ERROR] WebSocket connection to 'wss://localhost:8081/app/app-key?protocol=7&client=js&version=8.4.0&flash=false' failed: Error in connection establishment: net::ERR_SSL_PROTOCOL_ERROR @ http://[::1]:5173/node_modules/.vite/deps/pusher-js.js?v=78e615f6:3255
[97598654ms] [ERROR] WebSocket connection to 'wss://localhost:8081/app/app-key?protocol=7&client=js&version=8.4.0&flash=false' failed: Error in connection establishment: net::ERR_SSL_PROTOCOL_ERROR @ http://[::1]:5173/node_modules/.vite/deps/pusher-js.js?v=78e615f6:3255
[97658663ms] [ERROR] WebSocket connection to 'wss://localhost:8081/app/app-key?protocol=7&client=js&version=8.4.0&flash=false' failed: Error in connection establishment: net::ERR_SSL_PROTOCOL_ERROR @ http://[::1]:5173/node_modules/.vite/deps/pusher-js.js?v=78e615f6:3255
[97718661ms] [ERROR] WebSocket connection to 'wss://localhost:8081/app/app-key?protocol=7&client=js&version=8.4.0&flash=false' failed: Error in connection establishment: net::ERR_SSL_PROTOCOL_ERROR @ http://[::1]:5173/node_modules/.vite/deps/pusher-js.js?v=78e615f6:3255
[97778661ms] [ERROR] WebSocket connection to 'wss://localhost:8081/app/app-key?protocol=7&client=js&version=8.4.0&flash=false' failed: Error in connection establishment: net::ERR_SSL_PROTOCOL_ERROR @ http://[::1]:5173/node_modules/.vite/deps/pusher-js.js?v=78e615f6:3255
[97838662ms] [ERROR] WebSocket connection to 'wss://localhost:8081/app/app-key?protocol=7&client=js&version=8.4.0&flash=false' failed: Error in connection establishment: net::ERR_SSL_PROTOCOL_ERROR @ http://[::1]:5173/node_modules/.vite/deps/pusher-js.js?v=78e615f6:3255
[97898661ms] [ERROR] WebSocket connection to 'wss://localhost:8081/app/app-key?protocol=7&client=js&version=8.4.0&flash=false' failed: Error in connection establishment: net::ERR_SSL_PROTOCOL_ERROR @ http://[::1]:5173/node_modules/.vite/deps/pusher-js.js?v=78e615f6:3255
[97958670ms] [ERROR] WebSocket connection to 'wss://localhost:8081/app/app-key?protocol=7&client=js&version=8.4.0&flash=false' failed: Error in connection establishment: net::ERR_SSL_PROTOCOL_ERROR @ http://[::1]:5173/node_modules/.vite/deps/pusher-js.js?v=78e615f6:3255
[98018669ms] [ERROR] WebSocket connection to 'wss://localhost:8081/app/app-key?protocol=7&client=js&version=8.4.0&flash=false' failed: Error in connection establishment: net::ERR_SSL_PROTOCOL_ERROR @ http://[::1]:5173/node_modules/.vite/deps/pusher-js.js?v=78e615f6:3255
[98078672ms] [ERROR] WebSocket connection to 'wss://localhost:8081/app/app-key?protocol=7&client=js&version=8.4.0&flash=false' failed: Error in connection establishment: net::ERR_SSL_PROTOCOL_ERROR @ http://[::1]:5173/node_modules/.vite/deps/pusher-js.js?v=78e615f6:3255
[98138668ms] [ERROR] WebSocket connection to 'wss://localhost:8081/app/app-key?protocol=7&client=js&version=8.4.0&flash=false' failed: Error in connection establishment: net::ERR_SSL_PROTOCOL_ERROR @ http://[::1]:5173/node_modules/.vite/deps/pusher-js.js?v=78e615f6:3255
[98198667ms] [ERROR] WebSocket connection to 'wss://localhost:8081/app/app-key?protocol=7&client=js&version=8.4.0&flash=false' failed: Error in connection establishment: net::ERR_SSL_PROTOCOL_ERROR @ http://[::1]:5173/node_modules/.vite/deps/pusher-js.js?v=78e615f6:3255
[98258684ms] [ERROR] WebSocket connection to 'wss://localhost:8081/app/app-key?protocol=7&client=js&version=8.4.0&flash=false' failed: Error in connection establishment: net::ERR_SSL_PROTOCOL_ERROR @ http://[::1]:5173/node_modules/.vite/deps/pusher-js.js?v=78e615f6:3255
[98318696ms] [ERROR] WebSocket connection to 'wss://localhost:8081/app/app-key?protocol=7&client=js&version=8.4.0&flash=false' failed: Error in connection establishment: net::ERR_SSL_PROTOCOL_ERROR @ http://[::1]:5173/node_modules/.vite/deps/pusher-js.js?v=78e615f6:3255
[98378694ms] [ERROR] WebSocket connection to 'wss://localhost:8081/app/app-key?protocol=7&client=js&version=8.4.0&flash=false' failed: Error in connection establishment: net::ERR_SSL_PROTOCOL_ERROR @ http://[::1]:5173/node_modules/.vite/deps/pusher-js.js?v=78e615f6:3255
[98438699ms] [ERROR] WebSocket connection to 'wss://localhost:8081/app/app-key?protocol=7&client=js&version=8.4.0&flash=false' failed: Error in connection establishment: net::ERR_SSL_PROTOCOL_ERROR @ http://[::1]:5173/node_modules/.vite/deps/pusher-js.js?v=78e615f6:3255
[98498706ms] [ERROR] WebSocket connection to 'wss://localhost:8081/app/app-key?protocol=7&client=js&version=8.4.0&flash=false' failed: Error in connection establishment: net::ERR_SSL_PROTOCOL_ERROR @ http://[::1]:5173/node_modules/.vite/deps/pusher-js.js?v=78e615f6:3255
[98558704ms] [ERROR] WebSocket connection to 'wss://localhost:8081/app/app-key?protocol=7&client=js&version=8.4.0&flash=false' failed: Error in connection establishment: net::ERR_SSL_PROTOCOL_ERROR @ http://[::1]:5173/node_modules/.vite/deps/pusher-js.js?v=78e615f6:3255
[98618720ms] [ERROR] WebSocket connection to 'wss://localhost:8081/app/app-key?protocol=7&client=js&version=8.4.0&flash=false' failed: Error in connection establishment: net::ERR_SSL_PROTOCOL_ERROR @ http://[::1]:5173/node_modules/.vite/deps/pusher-js.js?v=78e615f6:3255
[98678720ms] [ERROR] WebSocket connection to 'wss://localhost:8081/app/app-key?protocol=7&client=js&version=8.4.0&flash=false' failed: Error in connection establishment: net::ERR_SSL_PROTOCOL_ERROR @ http://[::1]:5173/node_modules/.vite/deps/pusher-js.js?v=78e615f6:3255
[98738718ms] [ERROR] WebSocket connection to 'wss://localhost:8081/app/app-key?protocol=7&client=js&version=8.4.0&flash=false' failed: Error in connection establishment: net::ERR_SSL_PROTOCOL_ERROR @ http://[::1]:5173/node_modules/.vite/deps/pusher-js.js?v=78e615f6:3255
[98798713ms] [ERROR] WebSocket connection to 'wss://localhost:8081/app/app-key?protocol=7&client=js&version=8.4.0&flash=false' failed: Error in connection establishment: net::ERR_SSL_PROTOCOL_ERROR @ http://[::1]:5173/node_modules/.vite/deps/pusher-js.js?v=78e615f6:3255
[98858714ms] [ERROR] WebSocket connection to 'wss://localhost:8081/app/app-key?protocol=7&client=js&version=8.4.0&flash=false' failed: Error in connection establishment: net::ERR_SSL_PROTOCOL_ERROR @ http://[::1]:5173/node_modules/.vite/deps/pusher-js.js?v=78e615f6:3255
[98918714ms] [ERROR] WebSocket connection to 'wss://localhost:8081/app/app-key?protocol=7&client=js&version=8.4.0&flash=false' failed: Error in connection establishment: net::ERR_SSL_PROTOCOL_ERROR @ http://[::1]:5173/node_modules/.vite/deps/pusher-js.js?v=78e615f6:3255
[98978720ms] [ERROR] WebSocket connection to 'wss://localhost:8081/app/app-key?protocol=7&client=js&version=8.4.0&flash=false' failed: Error in connection establishment: net::ERR_SSL_PROTOCOL_ERROR @ http://[::1]:5173/node_modules/.vite/deps/pusher-js.js?v=78e615f6:3255
[99038722ms] [ERROR] WebSocket connection to 'wss://localhost:8081/app/app-key?protocol=7&client=js&version=8.4.0&flash=false' failed: Error in connection establishment: net::ERR_SSL_PROTOCOL_ERROR @ http://[::1]:5173/node_modules/.vite/deps/pusher-js.js?v=78e615f6:3255
[99098720ms] [ERROR] WebSocket connection to 'wss://localhost:8081/app/app-key?protocol=7&client=js&version=8.4.0&flash=false' failed: Error in connection establishment: net::ERR_SSL_PROTOCOL_ERROR @ http://[::1]:5173/node_modules/.vite/deps/pusher-js.js?v=78e615f6:3255
[99158724ms] [ERROR] WebSocket connection to 'wss://localhost:8081/app/app-key?protocol=7&client=js&version=8.4.0&flash=false' failed: Error in connection establishment: net::ERR_SSL_PROTOCOL_ERROR @ http://[::1]:5173/node_modules/.vite/deps/pusher-js.js?v=78e615f6:3255
[99218726ms] [ERROR] WebSocket connection to 'wss://localhost:8081/app/app-key?protocol=7&client=js&version=8.4.0&flash=false' failed: Error in connection establishment: net::ERR_SSL_PROTOCOL_ERROR @ http://[::1]:5173/node_modules/.vite/deps/pusher-js.js?v=78e615f6:3255
[99278737ms] [ERROR] WebSocket connection to 'wss://localhost:8081/app/app-key?protocol=7&client=js&version=8.4.0&flash=false' failed: Error in connection establishment: net::ERR_SSL_PROTOCOL_ERROR @ http://[::1]:5173/node_modules/.vite/deps/pusher-js.js?v=78e615f6:3255
[99338729ms] [ERROR] WebSocket connection to 'wss://localhost:8081/app/app-key?protocol=7&client=js&version=8.4.0&flash=false' failed: Error in connection establishment: net::ERR_SSL_PROTOCOL_ERROR @ http://[::1]:5173/node_modules/.vite/deps/pusher-js.js?v=78e615f6:3255
[99398732ms] [ERROR] WebSocket connection to 'wss://localhost:8081/app/app-key?protocol=7&client=js&version=8.4.0&flash=false' failed: Error in connection establishment: net::ERR_SSL_PROTOCOL_ERROR @ http://[::1]:5173/node_modules/.vite/deps/pusher-js.js?v=78e615f6:3255
[99458731ms] [ERROR] WebSocket connection to 'wss://localhost:8081/app/app-key?protocol=7&client=js&version=8.4.0&flash=false' failed: Error in connection establishment: net::ERR_SSL_PROTOCOL_ERROR @ http://[::1]:5173/node_modules/.vite/deps/pusher-js.js?v=78e615f6:3255
[99518737ms] [ERROR] WebSocket connection to 'wss://localhost:8081/app/app-key?protocol=7&client=js&version=8.4.0&flash=false' failed: Error in connection establishment: net::ERR_SSL_PROTOCOL_ERROR @ http://[::1]:5173/node_modules/.vite/deps/pusher-js.js?v=78e615f6:3255
[99578737ms] [ERROR] WebSocket connection to 'wss://localhost:8081/app/app-key?protocol=7&client=js&version=8.4.0&flash=false' failed: Error in connection establishment: net::ERR_SSL_PROTOCOL_ERROR @ http://[::1]:5173/node_modules/.vite/deps/pusher-js.js?v=78e615f6:3255
[99638739ms] [ERROR] WebSocket connection to 'wss://localhost:8081/app/app-key?protocol=7&client=js&version=8.4.0&flash=false' failed: Error in connection establishment: net::ERR_SSL_PROTOCOL_ERROR @ http://[::1]:5173/node_modules/.vite/deps/pusher-js.js?v=78e615f6:3255
[99698746ms] [ERROR] WebSocket connection to 'wss://localhost:8081/app/app-key?protocol=7&client=js&version=8.4.0&flash=false' failed: Error in connection establishment: net::ERR_SSL_PROTOCOL_ERROR @ http://[::1]:5173/node_modules/.vite/deps/pusher-js.js?v=78e615f6:3255
[99758748ms] [ERROR] WebSocket connection to 'wss://localhost:8081/app/app-key?protocol=7&client=js&version=8.4.0&flash=false' failed: Error in connection establishment: net::ERR_SSL_PROTOCOL_ERROR @ http://[::1]:5173/node_modules/.vite/deps/pusher-js.js?v=78e615f6:3255
[99818748ms] [ERROR] WebSocket connection to 'wss://localhost:8081/app/app-key?protocol=7&client=js&version=8.4.0&flash=false' failed: Error in connection establishment: net::ERR_SSL_PROTOCOL_ERROR @ http://[::1]:5173/node_modules/.vite/deps/pusher-js.js?v=78e615f6:3255
[99878749ms] [ERROR] WebSocket connection to 'wss://localhost:8081/app/app-key?protocol=7&client=js&version=8.4.0&flash=false' failed: Error in connection establishment: net::ERR_SSL_PROTOCOL_ERROR @ http://[::1]:5173/node_modules/.vite/deps/pusher-js.js?v=78e615f6:3255
[99938752ms] [ERROR] WebSocket connection to 'wss://localhost:8081/app/app-key?protocol=7&client=js&version=8.4.0&flash=false' failed: Error in connection establishment: net::ERR_SSL_PROTOCOL_ERROR @ http://[::1]:5173/node_modules/.vite/deps/pusher-js.js?v=78e615f6:3255
[99998755ms] [ERROR] WebSocket connection to 'wss://localhost:8081/app/app-key?protocol=7&client=js&version=8.4.0&flash=false' failed: Error in connection establishment: net::ERR_SSL_PROTOCOL_ERROR @ http://[::1]:5173/node_modules/.vite/deps/pusher-js.js?v=78e615f6:3255
[100058757ms] [ERROR] WebSocket connection to 'wss://localhost:8081/app/app-key?protocol=7&client=js&version=8.4.0&flash=false' failed: Error in connection establishment: net::ERR_SSL_PROTOCOL_ERROR @ http://[::1]:5173/node_modules/.vite/deps/pusher-js.js?v=78e615f6:3255
[100118760ms] [ERROR] WebSocket connection to 'wss://localhost:8081/app/app-key?protocol=7&client=js&version=8.4.0&flash=false' failed: Error in connection establishment: net::ERR_SSL_PROTOCOL_ERROR @ http://[::1]:5173/node_modules/.vite/deps/pusher-js.js?v=78e615f6:3255
[100178763ms] [ERROR] WebSocket connection to 'wss://localhost:8081/app/app-key?protocol=7&client=js&version=8.4.0&flash=false' failed: Error in connection establishment: net::ERR_SSL_PROTOCOL_ERROR @ http://[::1]:5173/node_modules/.vite/deps/pusher-js.js?v=78e615f6:3255
[100238762ms] [ERROR] WebSocket connection to 'wss://localhost:8081/app/app-key?protocol=7&client=js&version=8.4.0&flash=false' failed: Error in connection establishment: net::ERR_SSL_PROTOCOL_ERROR @ http://[::1]:5173/node_modules/.vite/deps/pusher-js.js?v=78e615f6:3255
[100298747ms] [ERROR] WebSocket connection to 'wss://localhost:8081/app/app-key?protocol=7&client=js&version=8.4.0&flash=false' failed: Error in connection establishment: net::ERR_SSL_PROTOCOL_ERROR @ http://[::1]:5173/node_modules/.vite/deps/pusher-js.js?v=78e615f6:3255
[100358755ms] [ERROR] WebSocket connection to 'wss://localhost:8081/app/app-key?protocol=7&client=js&version=8.4.0&flash=false' failed: Error in connection establishment: net::ERR_SSL_PROTOCOL_ERROR @ http://[::1]:5173/node_modules/.vite/deps/pusher-js.js?v=78e615f6:3255
[100418752ms] [ERROR] WebSocket connection to 'wss://localhost:8081/app/app-key?protocol=7&client=js&version=8.4.0&flash=false' failed: Error in connection establishment: net::ERR_SSL_PROTOCOL_ERROR @ http://[::1]:5173/node_modules/.vite/deps/pusher-js.js?v=78e615f6:3255
[100478751ms] [ERROR] WebSocket connection to 'wss://localhost:8081/app/app-key?protocol=7&client=js&version=8.4.0&flash=false' failed: Error in connection establishment: net::ERR_SSL_PROTOCOL_ERROR @ http://[::1]:5173/node_modules/.vite/deps/pusher-js.js?v=78e615f6:3255
[100538756ms] [ERROR] WebSocket connection to 'wss://localhost:8081/app/app-key?protocol=7&client=js&version=8.4.0&flash=false' failed: Error in connection establishment: net::ERR_SSL_PROTOCOL_ERROR @ http://[::1]:5173/node_modules/.vite/deps/pusher-js.js?v=78e615f6:3255
[100598752ms] [ERROR] WebSocket connection to 'wss://localhost:8081/app/app-key?protocol=7&client=js&version=8.4.0&flash=false' failed: Error in connection establishment: net::ERR_SSL_PROTOCOL_ERROR @ http://[::1]:5173/node_modules/.vite/deps/pusher-js.js?v=78e615f6:3255
[100658752ms] [ERROR] WebSocket connection to 'wss://localhost:8081/app/app-key?protocol=7&client=js&version=8.4.0&flash=false' failed: Error in connection establishment: net::ERR_SSL_PROTOCOL_ERROR @ http://[::1]:5173/node_modules/.vite/deps/pusher-js.js?v=78e615f6:3255
[100718755ms] [ERROR] WebSocket connection to 'wss://localhost:8081/app/app-key?protocol=7&client=js&version=8.4.0&flash=false' failed: Error in connection establishment: net::ERR_SSL_PROTOCOL_ERROR @ http://[::1]:5173/node_modules/.vite/deps/pusher-js.js?v=78e615f6:3255
[100778759ms] [ERROR] WebSocket connection to 'wss://localhost:8081/app/app-key?protocol=7&client=js&version=8.4.0&flash=false' failed: Error in connection establishment: net::ERR_SSL_PROTOCOL_ERROR @ http://[::1]:5173/node_modules/.vite/deps/pusher-js.js?v=78e615f6:3255
[100838772ms] [ERROR] WebSocket connection to 'wss://localhost:8081/app/app-key?protocol=7&client=js&version=8.4.0&flash=false' failed: Error in connection establishment: net::ERR_SSL_PROTOCOL_ERROR @ http://[::1]:5173/node_modules/.vite/deps/pusher-js.js?v=78e615f6:3255
[100898769ms] [ERROR] WebSocket connection to 'wss://localhost:8081/app/app-key?protocol=7&client=js&version=8.4.0&flash=false' failed: Error in connection establishment: net::ERR_SSL_PROTOCOL_ERROR @ http://[::1]:5173/node_modules/.vite/deps/pusher-js.js?v=78e615f6:3255
[100958768ms] [ERROR] WebSocket connection to 'wss://localhost:8081/app/app-key?protocol=7&client=js&version=8.4.0&flash=false' failed: Error in connection establishment: net::ERR_SSL_PROTOCOL_ERROR @ http://[::1]:5173/node_modules/.vite/deps/pusher-js.js?v=78e615f6:3255
[101018766ms] [ERROR] WebSocket connection to 'wss://localhost:8081/app/app-key?protocol=7&client=js&version=8.4.0&flash=false' failed: Error in connection establishment: net::ERR_SSL_PROTOCOL_ERROR @ http://[::1]:5173/node_modules/.vite/deps/pusher-js.js?v=78e615f6:3255
[101078767ms] [ERROR] WebSocket connection to 'wss://localhost:8081/app/app-key?protocol=7&client=js&version=8.4.0&flash=false' failed: Error in connection establishment: net::ERR_SSL_PROTOCOL_ERROR @ http://[::1]:5173/node_modules/.vite/deps/pusher-js.js?v=78e615f6:3255
[101138768ms] [ERROR] WebSocket connection to 'wss://localhost:8081/app/app-key?protocol=7&client=js&version=8.4.0&flash=false' failed: Error in connection establishment: net::ERR_SSL_PROTOCOL_ERROR @ http://[::1]:5173/node_modules/.vite/deps/pusher-js.js?v=78e615f6:3255
[101198777ms] [ERROR] WebSocket connection to 'wss://localhost:8081/app/app-key?protocol=7&client=js&version=8.4.0&flash=false' failed: Error in connection establishment: net::ERR_SSL_PROTOCOL_ERROR @ http://[::1]:5173/node_modules/.vite/deps/pusher-js.js?v=78e615f6:3255
[101258772ms] [ERROR] WebSocket connection to 'wss://localhost:8081/app/app-key?protocol=7&client=js&version=8.4.0&flash=false' failed: Error in connection establishment: net::ERR_SSL_PROTOCOL_ERROR @ http://[::1]:5173/node_modules/.vite/deps/pusher-js.js?v=78e615f6:3255
[101318773ms] [ERROR] WebSocket connection to 'wss://localhost:8081/app/app-key?protocol=7&client=js&version=8.4.0&flash=false' failed: Error in connection establishment: net::ERR_SSL_PROTOCOL_ERROR @ http://[::1]:5173/node_modules/.vite/deps/pusher-js.js?v=78e615f6:3255
[101378777ms] [ERROR] WebSocket connection to 'wss://localhost:8081/app/app-key?protocol=7&client=js&version=8.4.0&flash=false' failed: Error in connection establishment: net::ERR_SSL_PROTOCOL_ERROR @ http://[::1]:5173/node_modules/.vite/deps/pusher-js.js?v=78e615f6:3255
[101438778ms] [ERROR] WebSocket connection to 'wss://localhost:8081/app/app-key?protocol=7&client=js&version=8.4.0&flash=false' failed: Error in connection establishment: net::ERR_SSL_PROTOCOL_ERROR @ http://[::1]:5173/node_modules/.vite/deps/pusher-js.js?v=78e615f6:3255
[101498783ms] [ERROR] WebSocket connection to 'wss://localhost:8081/app/app-key?protocol=7&client=js&version=8.4.0&flash=false' failed: Error in connection establishment: net::ERR_SSL_PROTOCOL_ERROR @ http://[::1]:5173/node_modules/.vite/deps/pusher-js.js?v=78e615f6:3255
[101558788ms] [ERROR] WebSocket connection to 'wss://localhost:8081/app/app-key?protocol=7&client=js&version=8.4.0&flash=false' failed: Error in connection establishment: net::ERR_SSL_PROTOCOL_ERROR @ http://[::1]:5173/node_modules/.vite/deps/pusher-js.js?v=78e615f6:3255
[101618784ms] [ERROR] WebSocket connection to 'wss://localhost:8081/app/app-key?protocol=7&client=js&version=8.4.0&flash=false' failed: Error in connection establishment: net::ERR_SSL_PROTOCOL_ERROR @ http://[::1]:5173/node_modules/.vite/deps/pusher-js.js?v=78e615f6:3255
[101678783ms] [ERROR] WebSocket connection to 'wss://localhost:8081/app/app-key?protocol=7&client=js&version=8.4.0&flash=false' failed: Error in connection establishment: net::ERR_SSL_PROTOCOL_ERROR @ http://[::1]:5173/node_modules/.vite/deps/pusher-js.js?v=78e615f6:3255
[101738787ms] [ERROR] WebSocket connection to 'wss://localhost:8081/app/app-key?protocol=7&client=js&version=8.4.0&flash=false' failed: Error in connection establishment: net::ERR_SSL_PROTOCOL_ERROR @ http://[::1]:5173/node_modules/.vite/deps/pusher-js.js?v=78e615f6:3255
[101798787ms] [ERROR] WebSocket connection to 'wss://localhost:8081/app/app-key?protocol=7&client=js&version=8.4.0&flash=false' failed: Error in connection establishment: net::ERR_SSL_PROTOCOL_ERROR @ http://[::1]:5173/node_modules/.vite/deps/pusher-js.js?v=78e615f6:3255
[101858790ms] [ERROR] WebSocket connection to 'wss://localhost:8081/app/app-key?protocol=7&client=js&version=8.4.0&flash=false' failed: Error in connection establishment: net::ERR_SSL_PROTOCOL_ERROR @ http://[::1]:5173/node_modules/.vite/deps/pusher-js.js?v=78e615f6:3255
[101918796ms] [ERROR] WebSocket connection to 'wss://localhost:8081/app/app-key?protocol=7&client=js&version=8.4.0&flash=false' failed: Error in connection establishment: net::ERR_SSL_PROTOCOL_ERROR @ http://[::1]:5173/node_modules/.vite/deps/pusher-js.js?v=78e615f6:3255
[101978798ms] [ERROR] WebSocket connection to 'wss://localhost:8081/app/app-key?protocol=7&client=js&version=8.4.0&flash=false' failed: Error in connection establishment: net::ERR_SSL_PROTOCOL_ERROR @ http://[::1]:5173/node_modules/.vite/deps/pusher-js.js?v=78e615f6:3255
[102038796ms] [ERROR] WebSocket connection to 'wss://localhost:8081/app/app-key?protocol=7&client=js&version=8.4.0&flash=false' failed: Error in connection establishment: net::ERR_SSL_PROTOCOL_ERROR @ http://[::1]:5173/node_modules/.vite/deps/pusher-js.js?v=78e615f6:3255
[102098801ms] [ERROR] WebSocket connection to 'wss://localhost:8081/app/app-key?protocol=7&client=js&version=8.4.0&flash=false' failed: Error in connection establishment: net::ERR_SSL_PROTOCOL_ERROR @ http://[::1]:5173/node_modules/.vite/deps/pusher-js.js?v=78e615f6:3255
[102158805ms] [ERROR] WebSocket connection to 'wss://localhost:8081/app/app-key?protocol=7&client=js&version=8.4.0&flash=false' failed: Error in connection establishment: net::ERR_SSL_PROTOCOL_ERROR @ http://[::1]:5173/node_modules/.vite/deps/pusher-js.js?v=78e615f6:3255
[102218811ms] [ERROR] WebSocket connection to 'wss://localhost:8081/app/app-key?protocol=7&client=js&version=8.4.0&flash=false' failed: Error in connection establishment: net::ERR_SSL_PROTOCOL_ERROR @ http://[::1]:5173/node_modules/.vite/deps/pusher-js.js?v=78e615f6:3255
[102278812ms] [ERROR] WebSocket connection to 'wss://localhost:8081/app/app-key?protocol=7&client=js&version=8.4.0&flash=false' failed: Error in connection establishment: net::ERR_SSL_PROTOCOL_ERROR @ http://[::1]:5173/node_modules/.vite/deps/pusher-js.js?v=78e615f6:3255
[102338813ms] [ERROR] WebSocket connection to 'wss://localhost:8081/app/app-key?protocol=7&client=js&version=8.4.0&flash=false' failed: Error in connection establishment: net::ERR_SSL_PROTOCOL_ERROR @ http://[::1]:5173/node_modules/.vite/deps/pusher-js.js?v=78e615f6:3255
[102398821ms] [ERROR] WebSocket connection to 'wss://localhost:8081/app/app-key?protocol=7&client=js&version=8.4.0&flash=false' failed: Error in connection establishment: net::ERR_SSL_PROTOCOL_ERROR @ http://[::1]:5173/node_modules/.vite/deps/pusher-js.js?v=78e615f6:3255
[102458818ms] [ERROR] WebSocket connection to 'wss://localhost:8081/app/app-key?protocol=7&client=js&version=8.4.0&flash=false' failed: Error in connection establishment: net::ERR_SSL_PROTOCOL_ERROR @ http://[::1]:5173/node_modules/.vite/deps/pusher-js.js?v=78e615f6:3255
[102518818ms] [ERROR] WebSocket connection to 'wss://localhost:8081/app/app-key?protocol=7&client=js&version=8.4.0&flash=false' failed: Error in connection establishment: net::ERR_SSL_PROTOCOL_ERROR @ http://[::1]:5173/node_modules/.vite/deps/pusher-js.js?v=78e615f6:3255
[102578825ms] [ERROR] WebSocket connection to 'wss://localhost:8081/app/app-key?protocol=7&client=js&version=8.4.0&flash=false' failed: Error in connection establishment: net::ERR_SSL_PROTOCOL_ERROR @ http://[::1]:5173/node_modules/.vite/deps/pusher-js.js?v=78e615f6:3255
[102638827ms] [ERROR] WebSocket connection to 'wss://localhost:8081/app/app-key?protocol=7&client=js&version=8.4.0&flash=false' failed: Error in connection establishment: net::ERR_SSL_PROTOCOL_ERROR @ http://[::1]:5173/node_modules/.vite/deps/pusher-js.js?v=78e615f6:3255
[102698825ms] [ERROR] WebSocket connection to 'wss://localhost:8081/app/app-key?protocol=7&client=js&version=8.4.0&flash=false' failed: Error in connection establishment: net::ERR_SSL_PROTOCOL_ERROR @ http://[::1]:5173/node_modules/.vite/deps/pusher-js.js?v=78e615f6:3255
[102758825ms] [ERROR] WebSocket connection to 'wss://localhost:8081/app/app-key?protocol=7&client=js&version=8.4.0&flash=false' failed: Error in connection establishment: net::ERR_SSL_PROTOCOL_ERROR @ http://[::1]:5173/node_modules/.vite/deps/pusher-js.js?v=78e615f6:3255
[102818828ms] [ERROR] WebSocket connection to 'wss://localhost:8081/app/app-key?protocol=7&client=js&version=8.4.0&flash=false' failed: Error in connection establishment: net::ERR_SSL_PROTOCOL_ERROR @ http://[::1]:5173/node_modules/.vite/deps/pusher-js.js?v=78e615f6:3255
[102878835ms] [ERROR] WebSocket connection to 'wss://localhost:8081/app/app-key?protocol=7&client=js&version=8.4.0&flash=false' failed: Error in connection establishment: net::ERR_SSL_PROTOCOL_ERROR @ http://[::1]:5173/node_modules/.vite/deps/pusher-js.js?v=78e615f6:3255
[102938832ms] [ERROR] WebSocket connection to 'wss://localhost:8081/app/app-key?protocol=7&client=js&version=8.4.0&flash=false' failed: Error in connection establishment: net::ERR_SSL_PROTOCOL_ERROR @ http://[::1]:5173/node_modules/.vite/deps/pusher-js.js?v=78e615f6:3255
[102998835ms] [ERROR] WebSocket connection to 'wss://localhost:8081/app/app-key?protocol=7&client=js&version=8.4.0&flash=false' failed: Error in connection establishment: net::ERR_SSL_PROTOCOL_ERROR @ http://[::1]:5173/node_modules/.vite/deps/pusher-js.js?v=78e615f6:3255
[103058841ms] [ERROR] WebSocket connection to 'wss://localhost:8081/app/app-key?protocol=7&client=js&version=8.4.0&flash=false' failed: Error in connection establishment: net::ERR_SSL_PROTOCOL_ERROR @ http://[::1]:5173/node_modules/.vite/deps/pusher-js.js?v=78e615f6:3255
[103118834ms] [ERROR] WebSocket connection to 'wss://localhost:8081/app/app-key?protocol=7&client=js&version=8.4.0&flash=false' failed: Error in connection establishment: net::ERR_SSL_PROTOCOL_ERROR @ http://[::1]:5173/node_modules/.vite/deps/pusher-js.js?v=78e615f6:3255
[103178837ms] [ERROR] WebSocket connection to 'wss://localhost:8081/app/app-key?protocol=7&client=js&version=8.4.0&flash=false' failed: Error in connection establishment: net::ERR_SSL_PROTOCOL_ERROR @ http://[::1]:5173/node_modules/.vite/deps/pusher-js.js?v=78e615f6:3255
[103238839ms] [ERROR] WebSocket connection to 'wss://localhost:8081/app/app-key?protocol=7&client=js&version=8.4.0&flash=false' failed: Error in connection establishment: net::ERR_SSL_PROTOCOL_ERROR @ http://[::1]:5173/node_modules/.vite/deps/pusher-js.js?v=78e615f6:3255
[103298839ms] [ERROR] WebSocket connection to 'wss://localhost:8081/app/app-key?protocol=7&client=js&version=8.4.0&flash=false' failed: Error in connection establishment: net::ERR_SSL_PROTOCOL_ERROR @ http://[::1]:5173/node_modules/.vite/deps/pusher-js.js?v=78e615f6:3255
[103358841ms] [ERROR] WebSocket connection to 'wss://localhost:8081/app/app-key?protocol=7&client=js&version=8.4.0&flash=false' failed: Error in connection establishment: net::ERR_SSL_PROTOCOL_ERROR @ http://[::1]:5173/node_modules/.vite/deps/pusher-js.js?v=78e615f6:3255
[103418849ms] [ERROR] WebSocket connection to 'wss://localhost:8081/app/app-key?protocol=7&client=js&version=8.4.0&flash=false' failed: Error in connection establishment: net::ERR_SSL_PROTOCOL_ERROR @ http://[::1]:5173/node_modules/.vite/deps/pusher-js.js?v=78e615f6:3255
[103478848ms] [ERROR] WebSocket connection to 'wss://localhost:8081/app/app-key?protocol=7&client=js&version=8.4.0&flash=false' failed: Error in connection establishment: net::ERR_SSL_PROTOCOL_ERROR @ http://[::1]:5173/node_modules/.vite/deps/pusher-js.js?v=78e615f6:3255
[103538853ms] [ERROR] WebSocket connection to 'wss://localhost:8081/app/app-key?protocol=7&client=js&version=8.4.0&flash=false' failed: Error in connection establishment: net::ERR_SSL_PROTOCOL_ERROR @ http://[::1]:5173/node_modules/.vite/deps/pusher-js.js?v=78e615f6:3255
[103598852ms] [ERROR] WebSocket connection to 'wss://localhost:8081/app/app-key?protocol=7&client=js&version=8.4.0&flash=false' failed: Error in connection establishment: net::ERR_SSL_PROTOCOL_ERROR @ http://[::1]:5173/node_modules/.vite/deps/pusher-js.js?v=78e615f6:3255
[103658856ms] [ERROR] WebSocket connection to 'wss://localhost:8081/app/app-key?protocol=7&client=js&version=8.4.0&flash=false' failed: Error in connection establishment: net::ERR_SSL_PROTOCOL_ERROR @ http://[::1]:5173/node_modules/.vite/deps/pusher-js.js?v=78e615f6:3255
[103718855ms] [ERROR] WebSocket connection to 'wss://localhost:8081/app/app-key?protocol=7&client=js&version=8.4.0&flash=false' failed: Error in connection establishment: net::ERR_SSL_PROTOCOL_ERROR @ http://[::1]:5173/node_modules/.vite/deps/pusher-js.js?v=78e615f6:3255
[103778859ms] [ERROR] WebSocket connection to 'wss://localhost:8081/app/app-key?protocol=7&client=js&version=8.4.0&flash=false' failed: Error in connection establishment: net::ERR_SSL_PROTOCOL_ERROR @ http://[::1]:5173/node_modules/.vite/deps/pusher-js.js?v=78e615f6:3255
[103838860ms] [ERROR] WebSocket connection to 'wss://localhost:8081/app/app-key?protocol=7&client=js&version=8.4.0&flash=false' failed: Error in connection establishment: net::ERR_SSL_PROTOCOL_ERROR @ http://[::1]:5173/node_modules/.vite/deps/pusher-js.js?v=78e615f6:3255
[103898859ms] [ERROR] WebSocket connection to 'wss://localhost:8081/app/app-key?protocol=7&client=js&version=8.4.0&flash=false' failed: Error in connection establishment: net::ERR_SSL_PROTOCOL_ERROR @ http://[::1]:5173/node_modules/.vite/deps/pusher-js.js?v=78e615f6:3255
[103958854ms] [ERROR] WebSocket connection to 'wss://localhost:8081/app/app-key?protocol=7&client=js&version=8.4.0&flash=false' failed: Error in connection establishment: net::ERR_SSL_PROTOCOL_ERROR @ http://[::1]:5173/node_modules/.vite/deps/pusher-js.js?v=78e615f6:3255
[104018865ms] [ERROR] WebSocket connection to 'wss://localhost:8081/app/app-key?protocol=7&client=js&version=8.4.0&flash=false' failed: Error in connection establishment: net::ERR_SSL_PROTOCOL_ERROR @ http://[::1]:5173/node_modules/.vite/deps/pusher-js.js?v=78e615f6:3255
[104078861ms] [ERROR] WebSocket connection to 'wss://localhost:8081/app/app-key?protocol=7&client=js&version=8.4.0&flash=false' failed: Error in connection establishment: net::ERR_SSL_PROTOCOL_ERROR @ http://[::1]:5173/node_modules/.vite/deps/pusher-js.js?v=78e615f6:3255
[104138864ms] [ERROR] WebSocket connection to 'wss://localhost:8081/app/app-key?protocol=7&client=js&version=8.4.0&flash=false' failed: Error in connection establishment: net::ERR_SSL_PROTOCOL_ERROR @ http://[::1]:5173/node_modules/.vite/deps/pusher-js.js?v=78e615f6:3255
[104198869ms] [ERROR] WebSocket connection to 'wss://localhost:8081/app/app-key?protocol=7&client=js&version=8.4.0&flash=false' failed: Error in connection establishment: net::ERR_SSL_PROTOCOL_ERROR @ http://[::1]:5173/node_modules/.vite/deps/pusher-js.js?v=78e615f6:3255
[104258843ms] [ERROR] WebSocket connection to 'wss://localhost:8081/app/app-key?protocol=7&client=js&version=8.4.0&flash=false' failed: Error in connection establishment: net::ERR_SSL_PROTOCOL_ERROR @ http://[::1]:5173/node_modules/.vite/deps/pusher-js.js?v=78e615f6:3255
[104318845ms] [ERROR] WebSocket connection to 'wss://localhost:8081/app/app-key?protocol=7&client=js&version=8.4.0&flash=false' failed: Error in connection establishment: net::ERR_SSL_PROTOCOL_ERROR @ http://[::1]:5173/node_modules/.vite/deps/pusher-js.js?v=78e615f6:3255
[104378842ms] [ERROR] WebSocket connection to 'wss://localhost:8081/app/app-key?protocol=7&client=js&version=8.4.0&flash=false' failed: Error in connection establishment: net::ERR_SSL_PROTOCOL_ERROR @ http://[::1]:5173/node_modules/.vite/deps/pusher-js.js?v=78e615f6:3255
[104438844ms] [ERROR] WebSocket connection to 'wss://localhost:8081/app/app-key?protocol=7&client=js&version=8.4.0&flash=false' failed: Error in connection establishment: net::ERR_SSL_PROTOCOL_ERROR @ http://[::1]:5173/node_modules/.vite/deps/pusher-js.js?v=78e615f6:3255
[104498845ms] [ERROR] WebSocket connection to 'wss://localhost:8081/app/app-key?protocol=7&client=js&version=8.4.0&flash=false' failed: Error in connection establishment: net::ERR_SSL_PROTOCOL_ERROR @ http://[::1]:5173/node_modules/.vite/deps/pusher-js.js?v=78e615f6:3255
[104558849ms] [ERROR] WebSocket connection to 'wss://localhost:8081/app/app-key?protocol=7&client=js&version=8.4.0&flash=false' failed: Error in connection establishment: net::ERR_SSL_PROTOCOL_ERROR @ http://[::1]:5173/node_modules/.vite/deps/pusher-js.js?v=78e615f6:3255
[104618848ms] [ERROR] WebSocket connection to 'wss://localhost:8081/app/app-key?protocol=7&client=js&version=8.4.0&flash=false' failed: Error in connection establishment: net::ERR_SSL_PROTOCOL_ERROR @ http://[::1]:5173/node_modules/.vite/deps/pusher-js.js?v=78e615f6:3255
[104678844ms] [ERROR] WebSocket connection to 'wss://localhost:8081/app/app-key?protocol=7&client=js&version=8.4.0&flash=false' failed: Error in connection establishment: net::ERR_SSL_PROTOCOL_ERROR @ http://[::1]:5173/node_modules/.vite/deps/pusher-js.js?v=78e615f6:3255
[104738848ms] [ERROR] WebSocket connection to 'wss://localhost:8081/app/app-key?protocol=7&client=js&version=8.4.0&flash=false' failed: Error in connection establishment: net::ERR_SSL_PROTOCOL_ERROR @ http://[::1]:5173/node_modules/.vite/deps/pusher-js.js?v=78e615f6:3255
[104798852ms] [ERROR] WebSocket connection to 'wss://localhost:8081/app/app-key?protocol=7&client=js&version=8.4.0&flash=false' failed: Error in connection establishment: net::ERR_SSL_PROTOCOL_ERROR @ http://[::1]:5173/node_modules/.vite/deps/pusher-js.js?v=78e615f6:3255
[104858849ms] [ERROR] WebSocket connection to 'wss://localhost:8081/app/app-key?protocol=7&client=js&version=8.4.0&flash=false' failed: Error in connection establishment: net::ERR_SSL_PROTOCOL_ERROR @ http://[::1]:5173/node_modules/.vite/deps/pusher-js.js?v=78e615f6:3255
[104918854ms] [ERROR] WebSocket connection to 'wss://localhost:8081/app/app-key?protocol=7&client=js&version=8.4.0&flash=false' failed: Error in connection establishment: net::ERR_SSL_PROTOCOL_ERROR @ http://[::1]:5173/node_modules/.vite/deps/pusher-js.js?v=78e615f6:3255
[104978853ms] [ERROR] WebSocket connection to 'wss://localhost:8081/app/app-key?protocol=7&client=js&version=8.4.0&flash=false' failed: Error in connection establishment: net::ERR_SSL_PROTOCOL_ERROR @ http://[::1]:5173/node_modules/.vite/deps/pusher-js.js?v=78e615f6:3255
[105038855ms] [ERROR] WebSocket connection to 'wss://localhost:8081/app/app-key?protocol=7&client=js&version=8.4.0&flash=false' failed: Error in connection establishment: net::ERR_SSL_PROTOCOL_ERROR @ http://[::1]:5173/node_modules/.vite/deps/pusher-js.js?v=78e615f6:3255
[105098854ms] [ERROR] WebSocket connection to 'wss://localhost:8081/app/app-key?protocol=7&client=js&version=8.4.0&flash=false' failed: Error in connection establishment: net::ERR_SSL_PROTOCOL_ERROR @ http://[::1]:5173/node_modules/.vite/deps/pusher-js.js?v=78e615f6:3255
[105158858ms] [ERROR] WebSocket connection to 'wss://localhost:8081/app/app-key?protocol=7&client=js&version=8.4.0&flash=false' failed: Error in connection establishment: net::ERR_SSL_PROTOCOL_ERROR @ http://[::1]:5173/node_modules/.vite/deps/pusher-js.js?v=78e615f6:3255
[105218859ms] [ERROR] WebSocket connection to 'wss://localhost:8081/app/app-key?protocol=7&client=js&version=8.4.0&flash=false' failed: Error in connection establishment: net::ERR_SSL_PROTOCOL_ERROR @ http://[::1]:5173/node_modules/.vite/deps/pusher-js.js?v=78e615f6:3255
[105278859ms] [ERROR] WebSocket connection to 'wss://localhost:8081/app/app-key?protocol=7&client=js&version=8.4.0&flash=false' failed: Error in connection establishment: net::ERR_SSL_PROTOCOL_ERROR @ http://[::1]:5173/node_modules/.vite/deps/pusher-js.js?v=78e615f6:3255
[105338858ms] [ERROR] WebSocket connection to 'wss://localhost:8081/app/app-key?protocol=7&client=js&version=8.4.0&flash=false' failed: Error in connection establishment: net::ERR_SSL_PROTOCOL_ERROR @ http://[::1]:5173/node_modules/.vite/deps/pusher-js.js?v=78e615f6:3255
[105398860ms] [ERROR] WebSocket connection to 'wss://localhost:8081/app/app-key?protocol=7&client=js&version=8.4.0&flash=false' failed: Error in connection establishment: net::ERR_SSL_PROTOCOL_ERROR @ http://[::1]:5173/node_modules/.vite/deps/pusher-js.js?v=78e615f6:3255
[105458859ms] [ERROR] WebSocket connection to 'wss://localhost:8081/app/app-key?protocol=7&client=js&version=8.4.0&flash=false' failed: Error in connection establishment: net::ERR_SSL_PROTOCOL_ERROR @ http://[::1]:5173/node_modules/.vite/deps/pusher-js.js?v=78e615f6:3255
[105518855ms] [ERROR] WebSocket connection to 'wss://localhost:8081/app/app-key?protocol=7&client=js&version=8.4.0&flash=false' failed: Error in connection establishment: net::ERR_SSL_PROTOCOL_ERROR @ http://[::1]:5173/node_modules/.vite/deps/pusher-js.js?v=78e615f6:3255
[105578859ms] [ERROR] WebSocket connection to 'wss://localhost:8081/app/app-key?protocol=7&client=js&version=8.4.0&flash=false' failed: Error in connection establishment: net::ERR_SSL_PROTOCOL_ERROR @ http://[::1]:5173/node_modules/.vite/deps/pusher-js.js?v=78e615f6:3255
[105638862ms] [ERROR] WebSocket connection to 'wss://localhost:8081/app/app-key?protocol=7&client=js&version=8.4.0&flash=false' failed: Error in connection establishment: net::ERR_SSL_PROTOCOL_ERROR @ http://[::1]:5173/node_modules/.vite/deps/pusher-js.js?v=78e615f6:3255
[105698854ms] [ERROR] WebSocket connection to 'wss://localhost:8081/app/app-key?protocol=7&client=js&version=8.4.0&flash=false' failed: Error in connection establishment: net::ERR_SSL_PROTOCOL_ERROR @ http://[::1]:5173/node_modules/.vite/deps/pusher-js.js?v=78e615f6:3255
[105758862ms] [ERROR] WebSocket connection to 'wss://localhost:8081/app/app-key?protocol=7&client=js&version=8.4.0&flash=false' failed: Error in connection establishment: net::ERR_SSL_PROTOCOL_ERROR @ http://[::1]:5173/node_modules/.vite/deps/pusher-js.js?v=78e615f6:3255
[105818860ms] [ERROR] WebSocket connection to 'wss://localhost:8081/app/app-key?protocol=7&client=js&version=8.4.0&flash=false' failed: Error in connection establishment: net::ERR_SSL_PROTOCOL_ERROR @ http://[::1]:5173/node_modules/.vite/deps/pusher-js.js?v=78e615f6:3255
[105878862ms] [ERROR] WebSocket connection to 'wss://localhost:8081/app/app-key?protocol=7&client=js&version=8.4.0&flash=false' failed: Error in connection establishment: net::ERR_SSL_PROTOCOL_ERROR @ http://[::1]:5173/node_modules/.vite/deps/pusher-js.js?v=78e615f6:3255
[105938870ms] [ERROR] WebSocket connection to 'wss://localhost:8081/app/app-key?protocol=7&client=js&version=8.4.0&flash=false' failed: Error in connection establishment: net::ERR_SSL_PROTOCOL_ERROR @ http://[::1]:5173/node_modules/.vite/deps/pusher-js.js?v=78e615f6:3255
[105998877ms] [ERROR] WebSocket connection to 'wss://localhost:8081/app/app-key?protocol=7&client=js&version=8.4.0&flash=false' failed: Error in connection establishment: net::ERR_SSL_PROTOCOL_ERROR @ http://[::1]:5173/node_modules/.vite/deps/pusher-js.js?v=78e615f6:3255
[106058875ms] [ERROR] WebSocket connection to 'wss://localhost:8081/app/app-key?protocol=7&client=js&version=8.4.0&flash=false' failed: Error in connection establishment: net::ERR_SSL_PROTOCOL_ERROR @ http://[::1]:5173/node_modules/.vite/deps/pusher-js.js?v=78e615f6:3255
[106118871ms] [ERROR] WebSocket connection to 'wss://localhost:8081/app/app-key?protocol=7&client=js&version=8.4.0&flash=false' failed: Error in connection establishment: net::ERR_SSL_PROTOCOL_ERROR @ http://[::1]:5173/node_modules/.vite/deps/pusher-js.js?v=78e615f6:3255
[106178869ms] [ERROR] WebSocket connection to 'wss://localhost:8081/app/app-key?protocol=7&client=js&version=8.4.0&flash=false' failed: Error in connection establishment: net::ERR_SSL_PROTOCOL_ERROR @ http://[::1]:5173/node_modules/.vite/deps/pusher-js.js?v=78e615f6:3255
[106238894ms] [ERROR] WebSocket connection to 'wss://localhost:8081/app/app-key?protocol=7&client=js&version=8.4.0&flash=false' failed: Error in connection establishment: net::ERR_SSL_PROTOCOL_ERROR @ http://[::1]:5173/node_modules/.vite/deps/pusher-js.js?v=78e615f6:3255
[106298905ms] [ERROR] WebSocket connection to 'wss://localhost:8081/app/app-key?protocol=7&client=js&version=8.4.0&flash=false' failed: Error in connection establishment: net::ERR_SSL_PROTOCOL_ERROR @ http://[::1]:5173/node_modules/.vite/deps/pusher-js.js?v=78e615f6:3255
[106358902ms] [ERROR] WebSocket connection to 'wss://localhost:8081/app/app-key?protocol=7&client=js&version=8.4.0&flash=false' failed: Error in connection establishment: net::ERR_SSL_PROTOCOL_ERROR @ http://[::1]:5173/node_modules/.vite/deps/pusher-js.js?v=78e615f6:3255
[106418903ms] [ERROR] WebSocket connection to 'wss://localhost:8081/app/app-key?protocol=7&client=js&version=8.4.0&flash=false' failed: Error in connection establishment: net::ERR_SSL_PROTOCOL_ERROR @ http://[::1]:5173/node_modules/.vite/deps/pusher-js.js?v=78e615f6:3255
[106478904ms] [ERROR] WebSocket connection to 'wss://localhost:8081/app/app-key?protocol=7&client=js&version=8.4.0&flash=false' failed: Error in connection establishment: net::ERR_SSL_PROTOCOL_ERROR @ http://[::1]:5173/node_modules/.vite/deps/pusher-js.js?v=78e615f6:3255
[106538903ms] [ERROR] WebSocket connection to 'wss://localhost:8081/app/app-key?protocol=7&client=js&version=8.4.0&flash=false' failed: Error in connection establishment: net::ERR_SSL_PROTOCOL_ERROR @ http://[::1]:5173/node_modules/.vite/deps/pusher-js.js?v=78e615f6:3255
[106598909ms] [ERROR] WebSocket connection to 'wss://localhost:8081/app/app-key?protocol=7&client=js&version=8.4.0&flash=false' failed: Error in connection establishment: net::ERR_SSL_PROTOCOL_ERROR @ http://[::1]:5173/node_modules/.vite/deps/pusher-js.js?v=78e615f6:3255
[106658912ms] [ERROR] WebSocket connection to 'wss://localhost:8081/app/app-key?protocol=7&client=js&version=8.4.0&flash=false' failed: Error in connection establishment: net::ERR_SSL_PROTOCOL_ERROR @ http://[::1]:5173/node_modules/.vite/deps/pusher-js.js?v=78e615f6:3255
[106718910ms] [ERROR] WebSocket connection to 'wss://localhost:8081/app/app-key?protocol=7&client=js&version=8.4.0&flash=false' failed: Error in connection establishment: net::ERR_SSL_PROTOCOL_ERROR @ http://[::1]:5173/node_modules/.vite/deps/pusher-js.js?v=78e615f6:3255
[106778918ms] [ERROR] WebSocket connection to 'wss://localhost:8081/app/app-key?protocol=7&client=js&version=8.4.0&flash=false' failed: Error in connection establishment: net::ERR_SSL_PROTOCOL_ERROR @ http://[::1]:5173/node_modules/.vite/deps/pusher-js.js?v=78e615f6:3255
[106838917ms] [ERROR] WebSocket connection to 'wss://localhost:8081/app/app-key?protocol=7&client=js&version=8.4.0&flash=false' failed: Error in connection establishment: net::ERR_SSL_PROTOCOL_ERROR @ http://[::1]:5173/node_modules/.vite/deps/pusher-js.js?v=78e615f6:3255
[106898914ms] [ERROR] WebSocket connection to 'wss://localhost:8081/app/app-key?protocol=7&client=js&version=8.4.0&flash=false' failed: Error in connection establishment: net::ERR_SSL_PROTOCOL_ERROR @ http://[::1]:5173/node_modules/.vite/deps/pusher-js.js?v=78e615f6:3255
[106958919ms] [ERROR] WebSocket connection to 'wss://localhost:8081/app/app-key?protocol=7&client=js&version=8.4.0&flash=false' failed: Error in connection establishment: net::ERR_SSL_PROTOCOL_ERROR @ http://[::1]:5173/node_modules/.vite/deps/pusher-js.js?v=78e615f6:3255
[107018916ms] [ERROR] WebSocket connection to 'wss://localhost:8081/app/app-key?protocol=7&client=js&version=8.4.0&flash=false' failed: Error in connection establishment: net::ERR_SSL_PROTOCOL_ERROR @ http://[::1]:5173/node_modules/.vite/deps/pusher-js.js?v=78e615f6:3255
[107078922ms] [ERROR] WebSocket connection to 'wss://localhost:8081/app/app-key?protocol=7&client=js&version=8.4.0&flash=false' failed: Error in connection establishment: net::ERR_SSL_PROTOCOL_ERROR @ http://[::1]:5173/node_modules/.vite/deps/pusher-js.js?v=78e615f6:3255
[107138923ms] [ERROR] WebSocket connection to 'wss://localhost:8081/app/app-key?protocol=7&client=js&version=8.4.0&flash=false' failed: Error in connection establishment: net::ERR_SSL_PROTOCOL_ERROR @ http://[::1]:5173/node_modules/.vite/deps/pusher-js.js?v=78e615f6:3255
[107198921ms] [ERROR] WebSocket connection to 'wss://localhost:8081/app/app-key?protocol=7&client=js&version=8.4.0&flash=false' failed: Error in connection establishment: net::ERR_SSL_PROTOCOL_ERROR @ http://[::1]:5173/node_modules/.vite/deps/pusher-js.js?v=78e615f6:3255
[107258923ms] [ERROR] WebSocket connection to 'wss://localhost:8081/app/app-key?protocol=7&client=js&version=8.4.0&flash=false' failed: Error in connection establishment: net::ERR_SSL_PROTOCOL_ERROR @ http://[::1]:5173/node_modules/.vite/deps/pusher-js.js?v=78e615f6:3255
[107318927ms] [ERROR] WebSocket connection to 'wss://localhost:8081/app/app-key?protocol=7&client=js&version=8.4.0&flash=false' failed: Error in connection establishment: net::ERR_SSL_PROTOCOL_ERROR @ http://[::1]:5173/node_modules/.vite/deps/pusher-js.js?v=78e615f6:3255
[107378925ms] [ERROR] WebSocket connection to 'wss://localhost:8081/app/app-key?protocol=7&client=js&version=8.4.0&flash=false' failed: Error in connection establishment: net::ERR_SSL_PROTOCOL_ERROR @ http://[::1]:5173/node_modules/.vite/deps/pusher-js.js?v=78e615f6:3255
[107438930ms] [ERROR] WebSocket connection to 'wss://localhost:8081/app/app-key?protocol=7&client=js&version=8.4.0&flash=false' failed: Error in connection establishment: net::ERR_SSL_PROTOCOL_ERROR @ http://[::1]:5173/node_modules/.vite/deps/pusher-js.js?v=78e615f6:3255
[107498934ms] [ERROR] WebSocket connection to 'wss://localhost:8081/app/app-key?protocol=7&client=js&version=8.4.0&flash=false' failed: Error in connection establishment: net::ERR_SSL_PROTOCOL_ERROR @ http://[::1]:5173/node_modules/.vite/deps/pusher-js.js?v=78e615f6:3255
[107558940ms] [ERROR] WebSocket connection to 'wss://localhost:8081/app/app-key?protocol=7&client=js&version=8.4.0&flash=false' failed: Error in connection establishment: net::ERR_SSL_PROTOCOL_ERROR @ http://[::1]:5173/node_modules/.vite/deps/pusher-js.js?v=78e615f6:3255
[107618937ms] [ERROR] WebSocket connection to 'wss://localhost:8081/app/app-key?protocol=7&client=js&version=8.4.0&flash=false' failed: Error in connection establishment: net::ERR_SSL_PROTOCOL_ERROR @ http://[::1]:5173/node_modules/.vite/deps/pusher-js.js?v=78e615f6:3255
[107678936ms] [ERROR] WebSocket connection to 'wss://localhost:8081/app/app-key?protocol=7&client=js&version=8.4.0&flash=false' failed: Error in connection establishment: net::ERR_SSL_PROTOCOL_ERROR @ http://[::1]:5173/node_modules/.vite/deps/pusher-js.js?v=78e615f6:3255
[107738940ms] [ERROR] WebSocket connection to 'wss://localhost:8081/app/app-key?protocol=7&client=js&version=8.4.0&flash=false' failed: Error in connection establishment: net::ERR_SSL_PROTOCOL_ERROR @ http://[::1]:5173/node_modules/.vite/deps/pusher-js.js?v=78e615f6:3255
[107798940ms] [ERROR] WebSocket connection to 'wss://localhost:8081/app/app-key?protocol=7&client=js&version=8.4.0&flash=false' failed: Error in connection establishment: net::ERR_SSL_PROTOCOL_ERROR @ http://[::1]:5173/node_modules/.vite/deps/pusher-js.js?v=78e615f6:3255
[107858946ms] [ERROR] WebSocket connection to 'wss://localhost:8081/app/app-key?protocol=7&client=js&version=8.4.0&flash=false' failed: Error in connection establishment: net::ERR_SSL_PROTOCOL_ERROR @ http://[::1]:5173/node_modules/.vite/deps/pusher-js.js?v=78e615f6:3255
[107918945ms] [ERROR] WebSocket connection to 'wss://localhost:8081/app/app-key?protocol=7&client=js&version=8.4.0&flash=false' failed: Error in connection establishment: net::ERR_SSL_PROTOCOL_ERROR @ http://[::1]:5173/node_modules/.vite/deps/pusher-js.js?v=78e615f6:3255
[107978946ms] [ERROR] WebSocket connection to 'wss://localhost:8081/app/app-key?protocol=7&client=js&version=8.4.0&flash=false' failed: Error in connection establishment: net::ERR_SSL_PROTOCOL_ERROR @ http://[::1]:5173/node_modules/.vite/deps/pusher-js.js?v=78e615f6:3255
[108038948ms] [ERROR] WebSocket connection to 'wss://localhost:8081/app/app-key?protocol=7&client=js&version=8.4.0&flash=false' failed: Error in connection establishment: net::ERR_SSL_PROTOCOL_ERROR @ http://[::1]:5173/node_modules/.vite/deps/pusher-js.js?v=78e615f6:3255
[108098948ms] [ERROR] WebSocket connection to 'wss://localhost:8081/app/app-key?protocol=7&client=js&version=8.4.0&flash=false' failed: Error in connection establishment: net::ERR_SSL_PROTOCOL_ERROR @ http://[::1]:5173/node_modules/.vite/deps/pusher-js.js?v=78e615f6:3255
[108158936ms] [ERROR] WebSocket connection to 'wss://localhost:8081/app/app-key?protocol=7&client=js&version=8.4.0&flash=false' failed: Error in connection establishment: net::ERR_SSL_PROTOCOL_ERROR @ http://[::1]:5173/node_modules/.vite/deps/pusher-js.js?v=78e615f6:3255
[108218936ms] [ERROR] WebSocket connection to 'wss://localhost:8081/app/app-key?protocol=7&client=js&version=8.4.0&flash=false' failed: Error in connection establishment: net::ERR_SSL_PROTOCOL_ERROR @ http://[::1]:5173/node_modules/.vite/deps/pusher-js.js?v=78e615f6:3255
[108278942ms] [ERROR] WebSocket connection to 'wss://localhost:8081/app/app-key?protocol=7&client=js&version=8.4.0&flash=false' failed: Error in connection establishment: net::ERR_SSL_PROTOCOL_ERROR @ http://[::1]:5173/node_modules/.vite/deps/pusher-js.js?v=78e615f6:3255
[108338939ms] [ERROR] WebSocket connection to 'wss://localhost:8081/app/app-key?protocol=7&client=js&version=8.4.0&flash=false' failed: Error in connection establishment: net::ERR_SSL_PROTOCOL_ERROR @ http://[::1]:5173/node_modules/.vite/deps/pusher-js.js?v=78e615f6:3255
[108398939ms] [ERROR] WebSocket connection to 'wss://localhost:8081/app/app-key?protocol=7&client=js&version=8.4.0&flash=false' failed: Error in connection establishment: net::ERR_SSL_PROTOCOL_ERROR @ http://[::1]:5173/node_modules/.vite/deps/pusher-js.js?v=78e615f6:3255
[108458940ms] [ERROR] WebSocket connection to 'wss://localhost:8081/app/app-key?protocol=7&client=js&version=8.4.0&flash=false' failed: Error in connection establishment: net::ERR_SSL_PROTOCOL_ERROR @ http://[::1]:5173/node_modules/.vite/deps/pusher-js.js?v=78e615f6:3255
[108518946ms] [ERROR] WebSocket connection to 'wss://localhost:8081/app/app-key?protocol=7&client=js&version=8.4.0&flash=false' failed: Error in connection establishment: net::ERR_SSL_PROTOCOL_ERROR @ http://[::1]:5173/node_modules/.vite/deps/pusher-js.js?v=78e615f6:3255
[108578942ms] [ERROR] WebSocket connection to 'wss://localhost:8081/app/app-key?protocol=7&client=js&version=8.4.0&flash=false' failed: Error in connection establishment: net::ERR_SSL_PROTOCOL_ERROR @ http://[::1]:5173/node_modules/.vite/deps/pusher-js.js?v=78e615f6:3255
[108638947ms] [ERROR] WebSocket connection to 'wss://localhost:8081/app/app-key?protocol=7&client=js&version=8.4.0&flash=false' failed: Error in connection establishment: net::ERR_SSL_PROTOCOL_ERROR @ http://[::1]:5173/node_modules/.vite/deps/pusher-js.js?v=78e615f6:3255
[108698943ms] [ERROR] WebSocket connection to 'wss://localhost:8081/app/app-key?protocol=7&client=js&version=8.4.0&flash=false' failed: Error in connection establishment: net::ERR_SSL_PROTOCOL_ERROR @ http://[::1]:5173/node_modules/.vite/deps/pusher-js.js?v=78e615f6:3255
[108758950ms] [ERROR] WebSocket connection to 'wss://localhost:8081/app/app-key?protocol=7&client=js&version=8.4.0&flash=false' failed: Error in connection establishment: net::ERR_SSL_PROTOCOL_ERROR @ http://[::1]:5173/node_modules/.vite/deps/pusher-js.js?v=78e615f6:3255
[108818948ms] [ERROR] WebSocket connection to 'wss://localhost:8081/app/app-key?protocol=7&client=js&version=8.4.0&flash=false' failed: Error in connection establishment: net::ERR_SSL_PROTOCOL_ERROR @ http://[::1]:5173/node_modules/.vite/deps/pusher-js.js?v=78e615f6:3255
[108878951ms] [ERROR] WebSocket connection to 'wss://localhost:8081/app/app-key?protocol=7&client=js&version=8.4.0&flash=false' failed: Error in connection establishment: net::ERR_SSL_PROTOCOL_ERROR @ http://[::1]:5173/node_modules/.vite/deps/pusher-js.js?v=78e615f6:3255
[108938950ms] [ERROR] WebSocket connection to 'wss://localhost:8081/app/app-key?protocol=7&client=js&version=8.4.0&flash=false' failed: Error in connection establishment: net::ERR_SSL_PROTOCOL_ERROR @ http://[::1]:5173/node_modules/.vite/deps/pusher-js.js?v=78e615f6:3255
[108998951ms] [ERROR] WebSocket connection to 'wss://localhost:8081/app/app-key?protocol=7&client=js&version=8.4.0&flash=false' failed: Error in connection establishment: net::ERR_SSL_PROTOCOL_ERROR @ http://[::1]:5173/node_modules/.vite/deps/pusher-js.js?v=78e615f6:3255
[109058949ms] [ERROR] WebSocket connection to 'wss://localhost:8081/app/app-key?protocol=7&client=js&version=8.4.0&flash=false' failed: Error in connection establishment: net::ERR_SSL_PROTOCOL_ERROR @ http://[::1]:5173/node_modules/.vite/deps/pusher-js.js?v=78e615f6:3255
[109118957ms] [ERROR] WebSocket connection to 'wss://localhost:8081/app/app-key?protocol=7&client=js&version=8.4.0&flash=false' failed: Error in connection establishment: net::ERR_SSL_PROTOCOL_ERROR @ http://[::1]:5173/node_modules/.vite/deps/pusher-js.js?v=78e615f6:3255
[109178954ms] [ERROR] WebSocket connection to 'wss://localhost:8081/app/app-key?protocol=7&client=js&version=8.4.0&flash=false' failed: Error in connection establishment: net::ERR_SSL_PROTOCOL_ERROR @ http://[::1]:5173/node_modules/.vite/deps/pusher-js.js?v=78e615f6:3255
[109238958ms] [ERROR] WebSocket connection to 'wss://localhost:8081/app/app-key?protocol=7&client=js&version=8.4.0&flash=false' failed: Error in connection establishment: net::ERR_SSL_PROTOCOL_ERROR @ http://[::1]:5173/node_modules/.vite/deps/pusher-js.js?v=78e615f6:3255
[109298955ms] [ERROR] WebSocket connection to 'wss://localhost:8081/app/app-key?protocol=7&client=js&version=8.4.0&flash=false' failed: Error in connection establishment: net::ERR_SSL_PROTOCOL_ERROR @ http://[::1]:5173/node_modules/.vite/deps/pusher-js.js?v=78e615f6:3255
[109358961ms] [ERROR] WebSocket connection to 'wss://localhost:8081/app/app-key?protocol=7&client=js&version=8.4.0&flash=false' failed: Error in connection establishment: net::ERR_SSL_PROTOCOL_ERROR @ http://[::1]:5173/node_modules/.vite/deps/pusher-js.js?v=78e615f6:3255
[109418949ms] [ERROR] WebSocket connection to 'wss://localhost:8081/app/app-key?protocol=7&client=js&version=8.4.0&flash=false' failed: Error in connection establishment: net::ERR_SSL_PROTOCOL_ERROR @ http://[::1]:5173/node_modules/.vite/deps/pusher-js.js?v=78e615f6:3255
[109478956ms] [ERROR] WebSocket connection to 'wss://localhost:8081/app/app-key?protocol=7&client=js&version=8.4.0&flash=false' failed: Error in connection establishment: net::ERR_SSL_PROTOCOL_ERROR @ http://[::1]:5173/node_modules/.vite/deps/pusher-js.js?v=78e615f6:3255
[109538973ms] [ERROR] WebSocket connection to 'wss://localhost:8081/app/app-key?protocol=7&client=js&version=8.4.0&flash=false' failed: Error in connection establishment: net::ERR_SSL_PROTOCOL_ERROR @ http://[::1]:5173/node_modules/.vite/deps/pusher-js.js?v=78e615f6:3255
[109598965ms] [ERROR] WebSocket connection to 'wss://localhost:8081/app/app-key?protocol=7&client=js&version=8.4.0&flash=false' failed: Error in connection establishment: net::ERR_SSL_PROTOCOL_ERROR @ http://[::1]:5173/node_modules/.vite/deps/pusher-js.js?v=78e615f6:3255
[109658962ms] [ERROR] WebSocket connection to 'wss://localhost:8081/app/app-key?protocol=7&client=js&version=8.4.0&flash=false' failed: Error in connection establishment: net::ERR_SSL_PROTOCOL_ERROR @ http://[::1]:5173/node_modules/.vite/deps/pusher-js.js?v=78e615f6:3255
[109718965ms] [ERROR] WebSocket connection to 'wss://localhost:8081/app/app-key?protocol=7&client=js&version=8.4.0&flash=false' failed: Error in connection establishment: net::ERR_SSL_PROTOCOL_ERROR @ http://[::1]:5173/node_modules/.vite/deps/pusher-js.js?v=78e615f6:3255
[109778968ms] [ERROR] WebSocket connection to 'wss://localhost:8081/app/app-key?protocol=7&client=js&version=8.4.0&flash=false' failed: Error in connection establishment: net::ERR_SSL_PROTOCOL_ERROR @ http://[::1]:5173/node_modules/.vite/deps/pusher-js.js?v=78e615f6:3255
[109838967ms] [ERROR] WebSocket connection to 'wss://localhost:8081/app/app-key?protocol=7&client=js&version=8.4.0&flash=false' failed: Error in connection establishment: net::ERR_SSL_PROTOCOL_ERROR @ http://[::1]:5173/node_modules/.vite/deps/pusher-js.js?v=78e615f6:3255
[109898965ms] [ERROR] WebSocket connection to 'wss://localhost:8081/app/app-key?protocol=7&client=js&version=8.4.0&flash=false' failed: Error in connection establishment: net::ERR_SSL_PROTOCOL_ERROR @ http://[::1]:5173/node_modules/.vite/deps/pusher-js.js?v=78e615f6:3255
[109958970ms] [ERROR] WebSocket connection to 'wss://localhost:8081/app/app-key?protocol=7&client=js&version=8.4.0&flash=false' failed: Error in connection establishment: net::ERR_SSL_PROTOCOL_ERROR @ http://[::1]:5173/node_modules/.vite/deps/pusher-js.js?v=78e615f6:3255
[110018968ms] [ERROR] WebSocket connection to 'wss://localhost:8081/app/app-key?protocol=7&client=js&version=8.4.0&flash=false' failed: Error in connection establishment: net::ERR_SSL_PROTOCOL_ERROR @ http://[::1]:5173/node_modules/.vite/deps/pusher-js.js?v=78e615f6:3255
[110078974ms] [ERROR] WebSocket connection to 'wss://localhost:8081/app/app-key?protocol=7&client=js&version=8.4.0&flash=false' failed: Error in connection establishment: net::ERR_SSL_PROTOCOL_ERROR @ http://[::1]:5173/node_modules/.vite/deps/pusher-js.js?v=78e615f6:3255
[110138979ms] [ERROR] WebSocket connection to 'wss://localhost:8081/app/app-key?protocol=7&client=js&version=8.4.0&flash=false' failed: Error in connection establishment: net::ERR_SSL_PROTOCOL_ERROR @ http://[::1]:5173/node_modules/.vite/deps/pusher-js.js?v=78e615f6:3255
[110198976ms] [ERROR] WebSocket connection to 'wss://localhost:8081/app/app-key?protocol=7&client=js&version=8.4.0&flash=false' failed: Error in connection establishment: net::ERR_SSL_PROTOCOL_ERROR @ http://[::1]:5173/node_modules/.vite/deps/pusher-js.js?v=78e615f6:3255
[110258981ms] [ERROR] WebSocket connection to 'wss://localhost:8081/app/app-key?protocol=7&client=js&version=8.4.0&flash=false' failed: Error in connection establishment: net::ERR_SSL_PROTOCOL_ERROR @ http://[::1]:5173/node_modules/.vite/deps/pusher-js.js?v=78e615f6:3255
[110318981ms] [ERROR] WebSocket connection to 'wss://localhost:8081/app/app-key?protocol=7&client=js&version=8.4.0&flash=false' failed: Error in connection establishment: net::ERR_SSL_PROTOCOL_ERROR @ http://[::1]:5173/node_modules/.vite/deps/pusher-js.js?v=78e615f6:3255
[110378986ms] [ERROR] WebSocket connection to 'wss://localhost:8081/app/app-key?protocol=7&client=js&version=8.4.0&flash=false' failed: Error in connection establishment: net::ERR_SSL_PROTOCOL_ERROR @ http://[::1]:5173/node_modules/.vite/deps/pusher-js.js?v=78e615f6:3255
[110438980ms] [ERROR] WebSocket connection to 'wss://localhost:8081/app/app-key?protocol=7&client=js&version=8.4.0&flash=false' failed: Error in connection establishment: net::ERR_SSL_PROTOCOL_ERROR @ http://[::1]:5173/node_modules/.vite/deps/pusher-js.js?v=78e615f6:3255
[110498981ms] [ERROR] WebSocket connection to 'wss://localhost:8081/app/app-key?protocol=7&client=js&version=8.4.0&flash=false' failed: Error in connection establishment: net::ERR_SSL_PROTOCOL_ERROR @ http://[::1]:5173/node_modules/.vite/deps/pusher-js.js?v=78e615f6:3255
[110558987ms] [ERROR] WebSocket connection to 'wss://localhost:8081/app/app-key?protocol=7&client=js&version=8.4.0&flash=false' failed: Error in connection establishment: net::ERR_SSL_PROTOCOL_ERROR @ http://[::1]:5173/node_modules/.vite/deps/pusher-js.js?v=78e615f6:3255
[110618988ms] [ERROR] WebSocket connection to 'wss://localhost:8081/app/app-key?protocol=7&client=js&version=8.4.0&flash=false' failed: Error in connection establishment: net::ERR_SSL_PROTOCOL_ERROR @ http://[::1]:5173/node_modules/.vite/deps/pusher-js.js?v=78e615f6:3255
[110678988ms] [ERROR] WebSocket connection to 'wss://localhost:8081/app/app-key?protocol=7&client=js&version=8.4.0&flash=false' failed: Error in connection establishment: net::ERR_SSL_PROTOCOL_ERROR @ http://[::1]:5173/node_modules/.vite/deps/pusher-js.js?v=78e615f6:3255
[110738987ms] [ERROR] WebSocket connection to 'wss://localhost:8081/app/app-key?protocol=7&client=js&version=8.4.0&flash=false' failed: Error in connection establishment: net::ERR_SSL_PROTOCOL_ERROR @ http://[::1]:5173/node_modules/.vite/deps/pusher-js.js?v=78e615f6:3255
[110798984ms] [ERROR] WebSocket connection to 'wss://localhost:8081/app/app-key?protocol=7&client=js&version=8.4.0&flash=false' failed: Error in connection establishment: net::ERR_SSL_PROTOCOL_ERROR @ http://[::1]:5173/node_modules/.vite/deps/pusher-js.js?v=78e615f6:3255
[110858989ms] [ERROR] WebSocket connection to 'wss://localhost:8081/app/app-key?protocol=7&client=js&version=8.4.0&flash=false' failed: Error in connection establishment: net::ERR_SSL_PROTOCOL_ERROR @ http://[::1]:5173/node_modules/.vite/deps/pusher-js.js?v=78e615f6:3255
[110918994ms] [ERROR] WebSocket connection to 'wss://localhost:8081/app/app-key?protocol=7&client=js&version=8.4.0&flash=false' failed: Error in connection establishment: net::ERR_SSL_PROTOCOL_ERROR @ http://[::1]:5173/node_modules/.vite/deps/pusher-js.js?v=78e615f6:3255
[110978991ms] [ERROR] WebSocket connection to 'wss://localhost:8081/app/app-key?protocol=7&client=js&version=8.4.0&flash=false' failed: Error in connection establishment: net::ERR_SSL_PROTOCOL_ERROR @ http://[::1]:5173/node_modules/.vite/deps/pusher-js.js?v=78e615f6:3255
[111038994ms] [ERROR] WebSocket connection to 'wss://localhost:8081/app/app-key?protocol=7&client=js&version=8.4.0&flash=false' failed: Error in connection establishment: net::ERR_SSL_PROTOCOL_ERROR @ http://[::1]:5173/node_modules/.vite/deps/pusher-js.js?v=78e615f6:3255
[111098994ms] [ERROR] WebSocket connection to 'wss://localhost:8081/app/app-key?protocol=7&client=js&version=8.4.0&flash=false' failed: Error in connection establishment: net::ERR_SSL_PROTOCOL_ERROR @ http://[::1]:5173/node_modules/.vite/deps/pusher-js.js?v=78e615f6:3255
[111158997ms] [ERROR] WebSocket connection to 'wss://localhost:8081/app/app-key?protocol=7&client=js&version=8.4.0&flash=false' failed: Error in connection establishment: net::ERR_SSL_PROTOCOL_ERROR @ http://[::1]:5173/node_modules/.vite/deps/pusher-js.js?v=78e615f6:3255
[111218995ms] [ERROR] WebSocket connection to 'wss://localhost:8081/app/app-key?protocol=7&client=js&version=8.4.0&flash=false' failed: Error in connection establishment: net::ERR_SSL_PROTOCOL_ERROR @ http://[::1]:5173/node_modules/.vite/deps/pusher-js.js?v=78e615f6:3255
[111279001ms] [ERROR] WebSocket connection to 'wss://localhost:8081/app/app-key?protocol=7&client=js&version=8.4.0&flash=false' failed: Error in connection establishment: net::ERR_SSL_PROTOCOL_ERROR @ http://[::1]:5173/node_modules/.vite/deps/pusher-js.js?v=78e615f6:3255
[111338995ms] [ERROR] WebSocket connection to 'wss://localhost:8081/app/app-key?protocol=7&client=js&version=8.4.0&flash=false' failed: Error in connection establishment: net::ERR_SSL_PROTOCOL_ERROR @ http://[::1]:5173/node_modules/.vite/deps/pusher-js.js?v=78e615f6:3255
[111399001ms] [ERROR] WebSocket connection to 'wss://localhost:8081/app/app-key?protocol=7&client=js&version=8.4.0&flash=false' failed: Error in connection establishment: net::ERR_SSL_PROTOCOL_ERROR @ http://[::1]:5173/node_modules/.vite/deps/pusher-js.js?v=78e615f6:3255
[111459005ms] [ERROR] WebSocket connection to 'wss://localhost:8081/app/app-key?protocol=7&client=js&version=8.4.0&flash=false' failed: Error in connection establishment: net::ERR_SSL_PROTOCOL_ERROR @ http://[::1]:5173/node_modules/.vite/deps/pusher-js.js?v=78e615f6:3255
[111518997ms] [ERROR] WebSocket connection to 'wss://localhost:8081/app/app-key?protocol=7&client=js&version=8.4.0&flash=false' failed: Error in connection establishment: net::ERR_SSL_PROTOCOL_ERROR @ http://[::1]:5173/node_modules/.vite/deps/pusher-js.js?v=78e615f6:3255
[111579001ms] [ERROR] WebSocket connection to 'wss://localhost:8081/app/app-key?protocol=7&client=js&version=8.4.0&flash=false' failed: Error in connection establishment: net::ERR_SSL_PROTOCOL_ERROR @ http://[::1]:5173/node_modules/.vite/deps/pusher-js.js?v=78e615f6:3255
[111639005ms] [ERROR] WebSocket connection to 'wss://localhost:8081/app/app-key?protocol=7&client=js&version=8.4.0&flash=false' failed: Error in connection establishment: net::ERR_SSL_PROTOCOL_ERROR @ http://[::1]:5173/node_modules/.vite/deps/pusher-js.js?v=78e615f6:3255
[111699004ms] [ERROR] WebSocket connection to 'wss://localhost:8081/app/app-key?protocol=7&client=js&version=8.4.0&flash=false' failed: Error in connection establishment: net::ERR_SSL_PROTOCOL_ERROR @ http://[::1]:5173/node_modules/.vite/deps/pusher-js.js?v=78e615f6:3255
[111759004ms] [ERROR] WebSocket connection to 'wss://localhost:8081/app/app-key?protocol=7&client=js&version=8.4.0&flash=false' failed: Error in connection establishment: net::ERR_SSL_PROTOCOL_ERROR @ http://[::1]:5173/node_modules/.vite/deps/pusher-js.js?v=78e615f6:3255
[111819010ms] [ERROR] WebSocket connection to 'wss://localhost:8081/app/app-key?protocol=7&client=js&version=8.4.0&flash=false' failed: Error in connection establishment: net::ERR_SSL_PROTOCOL_ERROR @ http://[::1]:5173/node_modules/.vite/deps/pusher-js.js?v=78e615f6:3255
[111879009ms] [ERROR] WebSocket connection to 'wss://localhost:8081/app/app-key?protocol=7&client=js&version=8.4.0&flash=false' failed: Error in connection establishment: net::ERR_SSL_PROTOCOL_ERROR @ http://[::1]:5173/node_modules/.vite/deps/pusher-js.js?v=78e615f6:3255
[111939014ms] [ERROR] WebSocket connection to 'wss://localhost:8081/app/app-key?protocol=7&client=js&version=8.4.0&flash=false' failed: Error in connection establishment: net::ERR_SSL_PROTOCOL_ERROR @ http://[::1]:5173/node_modules/.vite/deps/pusher-js.js?v=78e615f6:3255
[111999011ms] [ERROR] WebSocket connection to 'wss://localhost:8081/app/app-key?protocol=7&client=js&version=8.4.0&flash=false' failed: Error in connection establishment: net::ERR_SSL_PROTOCOL_ERROR @ http://[::1]:5173/node_modules/.vite/deps/pusher-js.js?v=78e615f6:3255
[112059010ms] [ERROR] WebSocket connection to 'wss://localhost:8081/app/app-key?protocol=7&client=js&version=8.4.0&flash=false' failed: Error in connection establishment: net::ERR_SSL_PROTOCOL_ERROR @ http://[::1]:5173/node_modules/.vite/deps/pusher-js.js?v=78e615f6:3255
[112119013ms] [ERROR] WebSocket connection to 'wss://localhost:8081/app/app-key?protocol=7&client=js&version=8.4.0&flash=false' failed: Error in connection establishment: net::ERR_SSL_PROTOCOL_ERROR @ http://[::1]:5173/node_modules/.vite/deps/pusher-js.js?v=78e615f6:3255
[112179021ms] [ERROR] WebSocket connection to 'wss://localhost:8081/app/app-key?protocol=7&client=js&version=8.4.0&flash=false' failed: Error in connection establishment: net::ERR_SSL_PROTOCOL_ERROR @ http://[::1]:5173/node_modules/.vite/deps/pusher-js.js?v=78e615f6:3255
[112239028ms] [ERROR] WebSocket connection to 'wss://localhost:8081/app/app-key?protocol=7&client=js&version=8.4.0&flash=false' failed: Error in connection establishment: net::ERR_SSL_PROTOCOL_ERROR @ http://[::1]:5173/node_modules/.vite/deps/pusher-js.js?v=78e615f6:3255
[112299030ms] [ERROR] WebSocket connection to 'wss://localhost:8081/app/app-key?protocol=7&client=js&version=8.4.0&flash=false' failed: Error in connection establishment: net::ERR_SSL_PROTOCOL_ERROR @ http://[::1]:5173/node_modules/.vite/deps/pusher-js.js?v=78e615f6:3255
[112359028ms] [ERROR] WebSocket connection to 'wss://localhost:8081/app/app-key?protocol=7&client=js&version=8.4.0&flash=false' failed: Error in connection establishment: net::ERR_SSL_PROTOCOL_ERROR @ http://[::1]:5173/node_modules/.vite/deps/pusher-js.js?v=78e615f6:3255
[112419025ms] [ERROR] WebSocket connection to 'wss://localhost:8081/app/app-key?protocol=7&client=js&version=8.4.0&flash=false' failed: Error in connection establishment: net::ERR_SSL_PROTOCOL_ERROR @ http://[::1]:5173/node_modules/.vite/deps/pusher-js.js?v=78e615f6:3255
[112479034ms] [ERROR] WebSocket connection to 'wss://localhost:8081/app/app-key?protocol=7&client=js&version=8.4.0&flash=false' failed: Error in connection establishment: net::ERR_SSL_PROTOCOL_ERROR @ http://[::1]:5173/node_modules/.vite/deps/pusher-js.js?v=78e615f6:3255
[112539026ms] [ERROR] WebSocket connection to 'wss://localhost:8081/app/app-key?protocol=7&client=js&version=8.4.0&flash=false' failed: Error in connection establishment: net::ERR_SSL_PROTOCOL_ERROR @ http://[::1]:5173/node_modules/.vite/deps/pusher-js.js?v=78e615f6:3255
[112599031ms] [ERROR] WebSocket connection to 'wss://localhost:8081/app/app-key?protocol=7&client=js&version=8.4.0&flash=false' failed: Error in connection establishment: net::ERR_SSL_PROTOCOL_ERROR @ http://[::1]:5173/node_modules/.vite/deps/pusher-js.js?v=78e615f6:3255
[112659028ms] [ERROR] WebSocket connection to 'wss://localhost:8081/app/app-key?protocol=7&client=js&version=8.4.0&flash=false' failed: Error in connection establishment: net::ERR_SSL_PROTOCOL_ERROR @ http://[::1]:5173/node_modules/.vite/deps/pusher-js.js?v=78e615f6:3255
[112719032ms] [ERROR] WebSocket connection to 'wss://localhost:8081/app/app-key?protocol=7&client=js&version=8.4.0&flash=false' failed: Error in connection establishment: net::ERR_SSL_PROTOCOL_ERROR @ http://[::1]:5173/node_modules/.vite/deps/pusher-js.js?v=78e615f6:3255
[112779031ms] [ERROR] WebSocket connection to 'wss://localhost:8081/app/app-key?protocol=7&client=js&version=8.4.0&flash=false' failed: Error in connection establishment: net::ERR_SSL_PROTOCOL_ERROR @ http://[::1]:5173/node_modules/.vite/deps/pusher-js.js?v=78e615f6:3255
[112839036ms] [ERROR] WebSocket connection to 'wss://localhost:8081/app/app-key?protocol=7&client=js&version=8.4.0&flash=false' failed: Error in connection establishment: net::ERR_SSL_PROTOCOL_ERROR @ http://[::1]:5173/node_modules/.vite/deps/pusher-js.js?v=78e615f6:3255
[112899033ms] [ERROR] WebSocket connection to 'wss://localhost:8081/app/app-key?protocol=7&client=js&version=8.4.0&flash=false' failed: Error in connection establishment: net::ERR_SSL_PROTOCOL_ERROR @ http://[::1]:5173/node_modules/.vite/deps/pusher-js.js?v=78e615f6:3255
[112959036ms] [ERROR] WebSocket connection to 'wss://localhost:8081/app/app-key?protocol=7&client=js&version=8.4.0&flash=false' failed: Error in connection establishment: net::ERR_SSL_PROTOCOL_ERROR @ http://[::1]:5173/node_modules/.vite/deps/pusher-js.js?v=78e615f6:3255
[113019041ms] [ERROR] WebSocket connection to 'wss://localhost:8081/app/app-key?protocol=7&client=js&version=8.4.0&flash=false' failed: Error in connection establishment: net::ERR_SSL_PROTOCOL_ERROR @ http://[::1]:5173/node_modules/.vite/deps/pusher-js.js?v=78e615f6:3255
[113079039ms] [ERROR] WebSocket connection to 'wss://localhost:8081/app/app-key?protocol=7&client=js&version=8.4.0&flash=false' failed: Error in connection establishment: net::ERR_SSL_PROTOCOL_ERROR @ http://[::1]:5173/node_modules/.vite/deps/pusher-js.js?v=78e615f6:3255
[113139040ms] [ERROR] WebSocket connection to 'wss://localhost:8081/app/app-key?protocol=7&client=js&version=8.4.0&flash=false' failed: Error in connection establishment: net::ERR_SSL_PROTOCOL_ERROR @ http://[::1]:5173/node_modules/.vite/deps/pusher-js.js?v=78e615f6:3255
[113199041ms] [ERROR] WebSocket connection to 'wss://localhost:8081/app/app-key?protocol=7&client=js&version=8.4.0&flash=false' failed: Error in connection establishment: net::ERR_SSL_PROTOCOL_ERROR @ http://[::1]:5173/node_modules/.vite/deps/pusher-js.js?v=78e615f6:3255
[113259043ms] [ERROR] WebSocket connection to 'wss://localhost:8081/app/app-key?protocol=7&client=js&version=8.4.0&flash=false' failed: Error in connection establishment: net::ERR_SSL_PROTOCOL_ERROR @ http://[::1]:5173/node_modules/.vite/deps/pusher-js.js?v=78e615f6:3255
[113319051ms] [ERROR] WebSocket connection to 'wss://localhost:8081/app/app-key?protocol=7&client=js&version=8.4.0&flash=false' failed: Error in connection establishment: net::ERR_SSL_PROTOCOL_ERROR @ http://[::1]:5173/node_modules/.vite/deps/pusher-js.js?v=78e615f6:3255
[113379043ms] [ERROR] WebSocket connection to 'wss://localhost:8081/app/app-key?protocol=7&client=js&version=8.4.0&flash=false' failed: Error in connection establishment: net::ERR_SSL_PROTOCOL_ERROR @ http://[::1]:5173/node_modules/.vite/deps/pusher-js.js?v=78e615f6:3255
[113439048ms] [ERROR] WebSocket connection to 'wss://localhost:8081/app/app-key?protocol=7&client=js&version=8.4.0&flash=false' failed: Error in connection establishment: net::ERR_SSL_PROTOCOL_ERROR @ http://[::1]:5173/node_modules/.vite/deps/pusher-js.js?v=78e615f6:3255
[113499046ms] [ERROR] WebSocket connection to 'wss://localhost:8081/app/app-key?protocol=7&client=js&version=8.4.0&flash=false' failed: Error in connection establishment: net::ERR_SSL_PROTOCOL_ERROR @ http://[::1]:5173/node_modules/.vite/deps/pusher-js.js?v=78e615f6:3255
[113559048ms] [ERROR] WebSocket connection to 'wss://localhost:8081/app/app-key?protocol=7&client=js&version=8.4.0&flash=false' failed: Error in connection establishment: net::ERR_SSL_PROTOCOL_ERROR @ http://[::1]:5173/node_modules/.vite/deps/pusher-js.js?v=78e615f6:3255
[113619052ms] [ERROR] WebSocket connection to 'wss://localhost:8081/app/app-key?protocol=7&client=js&version=8.4.0&flash=false' failed: Error in connection establishment: net::ERR_SSL_PROTOCOL_ERROR @ http://[::1]:5173/node_modules/.vite/deps/pusher-js.js?v=78e615f6:3255
[113679057ms] [ERROR] WebSocket connection to 'wss://localhost:8081/app/app-key?protocol=7&client=js&version=8.4.0&flash=false' failed: Error in connection establishment: net::ERR_SSL_PROTOCOL_ERROR @ http://[::1]:5173/node_modules/.vite/deps/pusher-js.js?v=78e615f6:3255
[113739055ms] [ERROR] WebSocket connection to 'wss://localhost:8081/app/app-key?protocol=7&client=js&version=8.4.0&flash=false' failed: Error in connection establishment: net::ERR_SSL_PROTOCOL_ERROR @ http://[::1]:5173/node_modules/.vite/deps/pusher-js.js?v=78e615f6:3255
[113799058ms] [ERROR] WebSocket connection to 'wss://localhost:8081/app/app-key?protocol=7&client=js&version=8.4.0&flash=false' failed: Error in connection establishment: net::ERR_SSL_PROTOCOL_ERROR @ http://[::1]:5173/node_modules/.vite/deps/pusher-js.js?v=78e615f6:3255
[113859058ms] [ERROR] WebSocket connection to 'wss://localhost:8081/app/app-key?protocol=7&client=js&version=8.4.0&flash=false' failed: Error in connection establishment: net::ERR_SSL_PROTOCOL_ERROR @ http://[::1]:5173/node_modules/.vite/deps/pusher-js.js?v=78e615f6:3255
[113919061ms] [ERROR] WebSocket connection to 'wss://localhost:8081/app/app-key?protocol=7&client=js&version=8.4.0&flash=false' failed: Error in connection establishment: net::ERR_SSL_PROTOCOL_ERROR @ http://[::1]:5173/node_modules/.vite/deps/pusher-js.js?v=78e615f6:3255
[113979061ms] [ERROR] WebSocket connection to 'wss://localhost:8081/app/app-key?protocol=7&client=js&version=8.4.0&flash=false' failed: Error in connection establishment: net::ERR_SSL_PROTOCOL_ERROR @ http://[::1]:5173/node_modules/.vite/deps/pusher-js.js?v=78e615f6:3255
[114039066ms] [ERROR] WebSocket connection to 'wss://localhost:8081/app/app-key?protocol=7&client=js&version=8.4.0&flash=false' failed: Error in connection establishment: net::ERR_SSL_PROTOCOL_ERROR @ http://[::1]:5173/node_modules/.vite/deps/pusher-js.js?v=78e615f6:3255
[114099086ms] [ERROR] WebSocket connection to 'wss://localhost:8081/app/app-key?protocol=7&client=js&version=8.4.0&flash=false' failed: Error in connection establishment: net::ERR_SSL_PROTOCOL_ERROR @ http://[::1]:5173/node_modules/.vite/deps/pusher-js.js?v=78e615f6:3255
[114159098ms] [ERROR] WebSocket connection to 'wss://localhost:8081/app/app-key?protocol=7&client=js&version=8.4.0&flash=false' failed: Error in connection establishment: net::ERR_SSL_PROTOCOL_ERROR @ http://[::1]:5173/node_modules/.vite/deps/pusher-js.js?v=78e615f6:3255
[114219087ms] [ERROR] WebSocket connection to 'wss://localhost:8081/app/app-key?protocol=7&client=js&version=8.4.0&flash=false' failed: Error in connection establishment: net::ERR_SSL_PROTOCOL_ERROR @ http://[::1]:5173/node_modules/.vite/deps/pusher-js.js?v=78e615f6:3255
[114279094ms] [ERROR] WebSocket connection to 'wss://localhost:8081/app/app-key?protocol=7&client=js&version=8.4.0&flash=false' failed: Error in connection establishment: net::ERR_SSL_PROTOCOL_ERROR @ http://[::1]:5173/node_modules/.vite/deps/pusher-js.js?v=78e615f6:3255
[114339097ms] [ERROR] WebSocket connection to 'wss://localhost:8081/app/app-key?protocol=7&client=js&version=8.4.0&flash=false' failed: Error in connection establishment: net::ERR_SSL_PROTOCOL_ERROR @ http://[::1]:5173/node_modules/.vite/deps/pusher-js.js?v=78e615f6:3255
[114399105ms] [ERROR] WebSocket connection to 'wss://localhost:8081/app/app-key?protocol=7&client=js&version=8.4.0&flash=false' failed: Error in connection establishment: net::ERR_SSL_PROTOCOL_ERROR @ http://[::1]:5173/node_modules/.vite/deps/pusher-js.js?v=78e615f6:3255
[114459104ms] [ERROR] WebSocket connection to 'wss://localhost:8081/app/app-key?protocol=7&client=js&version=8.4.0&flash=false' failed: Error in connection establishment: net::ERR_SSL_PROTOCOL_ERROR @ http://[::1]:5173/node_modules/.vite/deps/pusher-js.js?v=78e615f6:3255
[114519110ms] [ERROR] WebSocket connection to 'wss://localhost:8081/app/app-key?protocol=7&client=js&version=8.4.0&flash=false' failed: Error in connection establishment: net::ERR_SSL_PROTOCOL_ERROR @ http://[::1]:5173/node_modules/.vite/deps/pusher-js.js?v=78e615f6:3255
[114579109ms] [ERROR] WebSocket connection to 'wss://localhost:8081/app/app-key?protocol=7&client=js&version=8.4.0&flash=false' failed: Error in connection establishment: net::ERR_SSL_PROTOCOL_ERROR @ http://[::1]:5173/node_modules/.vite/deps/pusher-js.js?v=78e615f6:3255
[114639112ms] [ERROR] WebSocket connection to 'wss://localhost:8081/app/app-key?protocol=7&client=js&version=8.4.0&flash=false' failed: Error in connection establishment: net::ERR_SSL_PROTOCOL_ERROR @ http://[::1]:5173/node_modules/.vite/deps/pusher-js.js?v=78e615f6:3255
[114699115ms] [ERROR] WebSocket connection to 'wss://localhost:8081/app/app-key?protocol=7&client=js&version=8.4.0&flash=false' failed: Error in connection establishment: net::ERR_SSL_PROTOCOL_ERROR @ http://[::1]:5173/node_modules/.vite/deps/pusher-js.js?v=78e615f6:3255
[114759113ms] [ERROR] WebSocket connection to 'wss://localhost:8081/app/app-key?protocol=7&client=js&version=8.4.0&flash=false' failed: Error in connection establishment: net::ERR_SSL_PROTOCOL_ERROR @ http://[::1]:5173/node_modules/.vite/deps/pusher-js.js?v=78e615f6:3255
[114819119ms] [ERROR] WebSocket connection to 'wss://localhost:8081/app/app-key?protocol=7&client=js&version=8.4.0&flash=false' failed: Error in connection establishment: net::ERR_SSL_PROTOCOL_ERROR @ http://[::1]:5173/node_modules/.vite/deps/pusher-js.js?v=78e615f6:3255
[114879117ms] [ERROR] WebSocket connection to 'wss://localhost:8081/app/app-key?protocol=7&client=js&version=8.4.0&flash=false' failed: Error in connection establishment: net::ERR_SSL_PROTOCOL_ERROR @ http://[::1]:5173/node_modules/.vite/deps/pusher-js.js?v=78e615f6:3255
[114939122ms] [ERROR] WebSocket connection to 'wss://localhost:8081/app/app-key?protocol=7&client=js&version=8.4.0&flash=false' failed: Error in connection establishment: net::ERR_SSL_PROTOCOL_ERROR @ http://[::1]:5173/node_modules/.vite/deps/pusher-js.js?v=78e615f6:3255
[114999121ms] [ERROR] WebSocket connection to 'wss://localhost:8081/app/app-key?protocol=7&client=js&version=8.4.0&flash=false' failed: Error in connection establishment: net::ERR_SSL_PROTOCOL_ERROR @ http://[::1]:5173/node_modules/.vite/deps/pusher-js.js?v=78e615f6:3255
[115059125ms] [ERROR] WebSocket connection to 'wss://localhost:8081/app/app-key?protocol=7&client=js&version=8.4.0&flash=false' failed: Error in connection establishment: net::ERR_SSL_PROTOCOL_ERROR @ http://[::1]:5173/node_modules/.vite/deps/pusher-js.js?v=78e615f6:3255
[115119129ms] [ERROR] WebSocket connection to 'wss://localhost:8081/app/app-key?protocol=7&client=js&version=8.4.0&flash=false' failed: Error in connection establishment: net::ERR_SSL_PROTOCOL_ERROR @ http://[::1]:5173/node_modules/.vite/deps/pusher-js.js?v=78e615f6:3255
[115179128ms] [ERROR] WebSocket connection to 'wss://localhost:8081/app/app-key?protocol=7&client=js&version=8.4.0&flash=false' failed: Error in connection establishment: net::ERR_SSL_PROTOCOL_ERROR @ http://[::1]:5173/node_modules/.vite/deps/pusher-js.js?v=78e615f6:3255
[115239135ms] [ERROR] WebSocket connection to 'wss://localhost:8081/app/app-key?protocol=7&client=js&version=8.4.0&flash=false' failed: Error in connection establishment: net::ERR_SSL_PROTOCOL_ERROR @ http://[::1]:5173/node_modules/.vite/deps/pusher-js.js?v=78e615f6:3255
[115299131ms] [ERROR] WebSocket connection to 'wss://localhost:8081/app/app-key?protocol=7&client=js&version=8.4.0&flash=false' failed: Error in connection establishment: net::ERR_SSL_PROTOCOL_ERROR @ http://[::1]:5173/node_modules/.vite/deps/pusher-js.js?v=78e615f6:3255
[115359129ms] [ERROR] WebSocket connection to 'wss://localhost:8081/app/app-key?protocol=7&client=js&version=8.4.0&flash=false' failed: Error in connection establishment: net::ERR_SSL_PROTOCOL_ERROR @ http://[::1]:5173/node_modules/.vite/deps/pusher-js.js?v=78e615f6:3255
[115419132ms] [ERROR] WebSocket connection to 'wss://localhost:8081/app/app-key?protocol=7&client=js&version=8.4.0&flash=false' failed: Error in connection establishment: net::ERR_SSL_PROTOCOL_ERROR @ http://[::1]:5173/node_modules/.vite/deps/pusher-js.js?v=78e615f6:3255
[115479133ms] [ERROR] WebSocket connection to 'wss://localhost:8081/app/app-key?protocol=7&client=js&version=8.4.0&flash=false' failed: Error in connection establishment: net::ERR_SSL_PROTOCOL_ERROR @ http://[::1]:5173/node_modules/.vite/deps/pusher-js.js?v=78e615f6:3255
[115539135ms] [ERROR] WebSocket connection to 'wss://localhost:8081/app/app-key?protocol=7&client=js&version=8.4.0&flash=false' failed: Error in connection establishment: net::ERR_SSL_PROTOCOL_ERROR @ http://[::1]:5173/node_modules/.vite/deps/pusher-js.js?v=78e615f6:3255
[115599140ms] [ERROR] WebSocket connection to 'wss://localhost:8081/app/app-key?protocol=7&client=js&version=8.4.0&flash=false' failed: Error in connection establishment: net::ERR_SSL_PROTOCOL_ERROR @ http://[::1]:5173/node_modules/.vite/deps/pusher-js.js?v=78e615f6:3255
[115659140ms] [ERROR] WebSocket connection to 'wss://localhost:8081/app/app-key?protocol=7&client=js&version=8.4.0&flash=false' failed: Error in connection establishment: net::ERR_SSL_PROTOCOL_ERROR @ http://[::1]:5173/node_modules/.vite/deps/pusher-js.js?v=78e615f6:3255
[115719142ms] [ERROR] WebSocket connection to 'wss://localhost:8081/app/app-key?protocol=7&client=js&version=8.4.0&flash=false' failed: Error in connection establishment: net::ERR_SSL_PROTOCOL_ERROR @ http://[::1]:5173/node_modules/.vite/deps/pusher-js.js?v=78e615f6:3255
[115779145ms] [ERROR] WebSocket connection to 'wss://localhost:8081/app/app-key?protocol=7&client=js&version=8.4.0&flash=false' failed: Error in connection establishment: net::ERR_SSL_PROTOCOL_ERROR @ http://[::1]:5173/node_modules/.vite/deps/pusher-js.js?v=78e615f6:3255
[115839143ms] [ERROR] WebSocket connection to 'wss://localhost:8081/app/app-key?protocol=7&client=js&version=8.4.0&flash=false' failed: Error in connection establishment: net::ERR_SSL_PROTOCOL_ERROR @ http://[::1]:5173/node_modules/.vite/deps/pusher-js.js?v=78e615f6:3255
[115899146ms] [ERROR] WebSocket connection to 'wss://localhost:8081/app/app-key?protocol=7&client=js&version=8.4.0&flash=false' failed: Error in connection establishment: net::ERR_SSL_PROTOCOL_ERROR @ http://[::1]:5173/node_modules/.vite/deps/pusher-js.js?v=78e615f6:3255
[115959152ms] [ERROR] WebSocket connection to 'wss://localhost:8081/app/app-key?protocol=7&client=js&version=8.4.0&flash=false' failed: Error in connection establishment: net::ERR_SSL_PROTOCOL_ERROR @ http://[::1]:5173/node_modules/.vite/deps/pusher-js.js?v=78e615f6:3255
[116019150ms] [ERROR] WebSocket connection to 'wss://localhost:8081/app/app-key?protocol=7&client=js&version=8.4.0&flash=false' failed: Error in connection establishment: net::ERR_SSL_PROTOCOL_ERROR @ http://[::1]:5173/node_modules/.vite/deps/pusher-js.js?v=78e615f6:3255
[116079154ms] [ERROR] WebSocket connection to 'wss://localhost:8081/app/app-key?protocol=7&client=js&version=8.4.0&flash=false' failed: Error in connection establishment: net::ERR_SSL_PROTOCOL_ERROR @ http://[::1]:5173/node_modules/.vite/deps/pusher-js.js?v=78e615f6:3255
[116139155ms] [ERROR] WebSocket connection to 'wss://localhost:8081/app/app-key?protocol=7&client=js&version=8.4.0&flash=false' failed: Error in connection establishment: net::ERR_SSL_PROTOCOL_ERROR @ http://[::1]:5173/node_modules/.vite/deps/pusher-js.js?v=78e615f6:3255
[116199157ms] [ERROR] WebSocket connection to 'wss://localhost:8081/app/app-key?protocol=7&client=js&version=8.4.0&flash=false' failed: Error in connection establishment: net::ERR_SSL_PROTOCOL_ERROR @ http://[::1]:5173/node_modules/.vite/deps/pusher-js.js?v=78e615f6:3255
[116259155ms] [ERROR] WebSocket connection to 'wss://localhost:8081/app/app-key?protocol=7&client=js&version=8.4.0&flash=false' failed: Error in connection establishment: net::ERR_SSL_PROTOCOL_ERROR @ http://[::1]:5173/node_modules/.vite/deps/pusher-js.js?v=78e615f6:3255
[116319161ms] [ERROR] WebSocket connection to 'wss://localhost:8081/app/app-key?protocol=7&client=js&version=8.4.0&flash=false' failed: Error in connection establishment: net::ERR_SSL_PROTOCOL_ERROR @ http://[::1]:5173/node_modules/.vite/deps/pusher-js.js?v=78e615f6:3255
[116379163ms] [ERROR] WebSocket connection to 'wss://localhost:8081/app/app-key?protocol=7&client=js&version=8.4.0&flash=false' failed: Error in connection establishment: net::ERR_SSL_PROTOCOL_ERROR @ http://[::1]:5173/node_modules/.vite/deps/pusher-js.js?v=78e615f6:3255
[116439163ms] [ERROR] WebSocket connection to 'wss://localhost:8081/app/app-key?protocol=7&client=js&version=8.4.0&flash=false' failed: Error in connection establishment: net::ERR_SSL_PROTOCOL_ERROR @ http://[::1]:5173/node_modules/.vite/deps/pusher-js.js?v=78e615f6:3255
[116499161ms] [ERROR] WebSocket connection to 'wss://localhost:8081/app/app-key?protocol=7&client=js&version=8.4.0&flash=false' failed: Error in connection establishment: net::ERR_SSL_PROTOCOL_ERROR @ http://[::1]:5173/node_modules/.vite/deps/pusher-js.js?v=78e615f6:3255
[116559171ms] [ERROR] WebSocket connection to 'wss://localhost:8081/app/app-key?protocol=7&client=js&version=8.4.0&flash=false' failed: Error in connection establishment: net::ERR_SSL_PROTOCOL_ERROR @ http://[::1]:5173/node_modules/.vite/deps/pusher-js.js?v=78e615f6:3255
[116619165ms] [ERROR] WebSocket connection to 'wss://localhost:8081/app/app-key?protocol=7&client=js&version=8.4.0&flash=false' failed: Error in connection establishment: net::ERR_SSL_PROTOCOL_ERROR @ http://[::1]:5173/node_modules/.vite/deps/pusher-js.js?v=78e615f6:3255
[116679165ms] [ERROR] WebSocket connection to 'wss://localhost:8081/app/app-key?protocol=7&client=js&version=8.4.0&flash=false' failed: Error in connection establishment: net::ERR_SSL_PROTOCOL_ERROR @ http://[::1]:5173/node_modules/.vite/deps/pusher-js.js?v=78e615f6:3255
[116739168ms] [ERROR] WebSocket connection to 'wss://localhost:8081/app/app-key?protocol=7&client=js&version=8.4.0&flash=false' failed: Error in connection establishment: net::ERR_SSL_PROTOCOL_ERROR @ http://[::1]:5173/node_modules/.vite/deps/pusher-js.js?v=78e615f6:3255
[116799179ms] [ERROR] WebSocket connection to 'wss://localhost:8081/app/app-key?protocol=7&client=js&version=8.4.0&flash=false' failed: Error in connection establishment: net::ERR_SSL_PROTOCOL_ERROR @ http://[::1]:5173/node_modules/.vite/deps/pusher-js.js?v=78e615f6:3255
[116859176ms] [ERROR] WebSocket connection to 'wss://localhost:8081/app/app-key?protocol=7&client=js&version=8.4.0&flash=false' failed: Error in connection establishment: net::ERR_SSL_PROTOCOL_ERROR @ http://[::1]:5173/node_modules/.vite/deps/pusher-js.js?v=78e615f6:3255
[116919182ms] [ERROR] WebSocket connection to 'wss://localhost:8081/app/app-key?protocol=7&client=js&version=8.4.0&flash=false' failed: Error in connection establishment: net::ERR_SSL_PROTOCOL_ERROR @ http://[::1]:5173/node_modules/.vite/deps/pusher-js.js?v=78e615f6:3255
[116979181ms] [ERROR] WebSocket connection to 'wss://localhost:8081/app/app-key?protocol=7&client=js&version=8.4.0&flash=false' failed: Error in connection establishment: net::ERR_SSL_PROTOCOL_ERROR @ http://[::1]:5173/node_modules/.vite/deps/pusher-js.js?v=78e615f6:3255
[117039186ms] [ERROR] WebSocket connection to 'wss://localhost:8081/app/app-key?protocol=7&client=js&version=8.4.0&flash=false' failed: Error in connection establishment: net::ERR_SSL_PROTOCOL_ERROR @ http://[::1]:5173/node_modules/.vite/deps/pusher-js.js?v=78e615f6:3255
[117099183ms] [ERROR] WebSocket connection to 'wss://localhost:8081/app/app-key?protocol=7&client=js&version=8.4.0&flash=false' failed: Error in connection establishment: net::ERR_SSL_PROTOCOL_ERROR @ http://[::1]:5173/node_modules/.vite/deps/pusher-js.js?v=78e615f6:3255
[117159188ms] [ERROR] WebSocket connection to 'wss://localhost:8081/app/app-key?protocol=7&client=js&version=8.4.0&flash=false' failed: Error in connection establishment: net::ERR_SSL_PROTOCOL_ERROR @ http://[::1]:5173/node_modules/.vite/deps/pusher-js.js?v=78e615f6:3255
[117219194ms] [ERROR] WebSocket connection to 'wss://localhost:8081/app/app-key?protocol=7&client=js&version=8.4.0&flash=false' failed: Error in connection establishment: net::ERR_SSL_PROTOCOL_ERROR @ http://[::1]:5173/node_modules/.vite/deps/pusher-js.js?v=78e615f6:3255
[117279194ms] [ERROR] WebSocket connection to 'wss://localhost:8081/app/app-key?protocol=7&client=js&version=8.4.0&flash=false' failed: Error in connection establishment: net::ERR_SSL_PROTOCOL_ERROR @ http://[::1]:5173/node_modules/.vite/deps/pusher-js.js?v=78e615f6:3255
[117339197ms] [ERROR] WebSocket connection to 'wss://localhost:8081/app/app-key?protocol=7&client=js&version=8.4.0&flash=false' failed: Error in connection establishment: net::ERR_SSL_PROTOCOL_ERROR @ http://[::1]:5173/node_modules/.vite/deps/pusher-js.js?v=78e615f6:3255
[117399198ms] [ERROR] WebSocket connection to 'wss://localhost:8081/app/app-key?protocol=7&client=js&version=8.4.0&flash=false' failed: Error in connection establishment: net::ERR_SSL_PROTOCOL_ERROR @ http://[::1]:5173/node_modules/.vite/deps/pusher-js.js?v=78e615f6:3255
[117459199ms] [ERROR] WebSocket connection to 'wss://localhost:8081/app/app-key?protocol=7&client=js&version=8.4.0&flash=false' failed: Error in connection establishment: net::ERR_SSL_PROTOCOL_ERROR @ http://[::1]:5173/node_modules/.vite/deps/pusher-js.js?v=78e615f6:3255
[117519203ms] [ERROR] WebSocket connection to 'wss://localhost:8081/app/app-key?protocol=7&client=js&version=8.4.0&flash=false' failed: Error in connection establishment: net::ERR_SSL_PROTOCOL_ERROR @ http://[::1]:5173/node_modules/.vite/deps/pusher-js.js?v=78e615f6:3255
[117579200ms] [ERROR] WebSocket connection to 'wss://localhost:8081/app/app-key?protocol=7&client=js&version=8.4.0&flash=false' failed: Error in connection establishment: net::ERR_SSL_PROTOCOL_ERROR @ http://[::1]:5173/node_modules/.vite/deps/pusher-js.js?v=78e615f6:3255
[117639201ms] [ERROR] WebSocket connection to 'wss://localhost:8081/app/app-key?protocol=7&client=js&version=8.4.0&flash=false' failed: Error in connection establishment: net::ERR_SSL_PROTOCOL_ERROR @ http://[::1]:5173/node_modules/.vite/deps/pusher-js.js?v=78e615f6:3255
[117699207ms] [ERROR] WebSocket connection to 'wss://localhost:8081/app/app-key?protocol=7&client=js&version=8.4.0&flash=false' failed: Error in connection establishment: net::ERR_SSL_PROTOCOL_ERROR @ http://[::1]:5173/node_modules/.vite/deps/pusher-js.js?v=78e615f6:3255
[117759209ms] [ERROR] WebSocket connection to 'wss://localhost:8081/app/app-key?protocol=7&client=js&version=8.4.0&flash=false' failed: Error in connection establishment: net::ERR_SSL_PROTOCOL_ERROR @ http://[::1]:5173/node_modules/.vite/deps/pusher-js.js?v=78e615f6:3255
[117819210ms] [ERROR] WebSocket connection to 'wss://localhost:8081/app/app-key?protocol=7&client=js&version=8.4.0&flash=false' failed: Error in connection establishment: net::ERR_SSL_PROTOCOL_ERROR @ http://[::1]:5173/node_modules/.vite/deps/pusher-js.js?v=78e615f6:3255
[117879214ms] [ERROR] WebSocket connection to 'wss://localhost:8081/app/app-key?protocol=7&client=js&version=8.4.0&flash=false' failed: Error in connection establishment: net::ERR_SSL_PROTOCOL_ERROR @ http://[::1]:5173/node_modules/.vite/deps/pusher-js.js?v=78e615f6:3255
[117939212ms] [ERROR] WebSocket connection to 'wss://localhost:8081/app/app-key?protocol=7&client=js&version=8.4.0&flash=false' failed: Error in connection establishment: net::ERR_SSL_PROTOCOL_ERROR @ http://[::1]:5173/node_modules/.vite/deps/pusher-js.js?v=78e615f6:3255
[117999217ms] [ERROR] WebSocket connection to 'wss://localhost:8081/app/app-key?protocol=7&client=js&version=8.4.0&flash=false' failed: Error in connection establishment: net::ERR_SSL_PROTOCOL_ERROR @ http://[::1]:5173/node_modules/.vite/deps/pusher-js.js?v=78e615f6:3255
[118059216ms] [ERROR] WebSocket connection to 'wss://localhost:8081/app/app-key?protocol=7&client=js&version=8.4.0&flash=false' failed: Error in connection establishment: net::ERR_SSL_PROTOCOL_ERROR @ http://[::1]:5173/node_modules/.vite/deps/pusher-js.js?v=78e615f6:3255
[118119199ms] [ERROR] WebSocket connection to 'wss://localhost:8081/app/app-key?protocol=7&client=js&version=8.4.0&flash=false' failed: Error in connection establishment: net::ERR_SSL_PROTOCOL_ERROR @ http://[::1]:5173/node_modules/.vite/deps/pusher-js.js?v=78e615f6:3255
[118179195ms] [ERROR] WebSocket connection to 'wss://localhost:8081/app/app-key?protocol=7&client=js&version=8.4.0&flash=false' failed: Error in connection establishment: net::ERR_SSL_PROTOCOL_ERROR @ http://[::1]:5173/node_modules/.vite/deps/pusher-js.js?v=78e615f6:3255
[118239201ms] [ERROR] WebSocket connection to 'wss://localhost:8081/app/app-key?protocol=7&client=js&version=8.4.0&flash=false' failed: Error in connection establishment: net::ERR_SSL_PROTOCOL_ERROR @ http://[::1]:5173/node_modules/.vite/deps/pusher-js.js?v=78e615f6:3255
[118299216ms] [ERROR] WebSocket connection to 'wss://localhost:8081/app/app-key?protocol=7&client=js&version=8.4.0&flash=false' failed: Error in connection establishment: net::ERR_SSL_PROTOCOL_ERROR @ http://[::1]:5173/node_modules/.vite/deps/pusher-js.js?v=78e615f6:3255
[118359205ms] [ERROR] WebSocket connection to 'wss://localhost:8081/app/app-key?protocol=7&client=js&version=8.4.0&flash=false' failed: Error in connection establishment: net::ERR_SSL_PROTOCOL_ERROR @ http://[::1]:5173/node_modules/.vite/deps/pusher-js.js?v=78e615f6:3255
[118419202ms] [ERROR] WebSocket connection to 'wss://localhost:8081/app/app-key?protocol=7&client=js&version=8.4.0&flash=false' failed: Error in connection establishment: net::ERR_SSL_PROTOCOL_ERROR @ http://[::1]:5173/node_modules/.vite/deps/pusher-js.js?v=78e615f6:3255
[118479201ms] [ERROR] WebSocket connection to 'wss://localhost:8081/app/app-key?protocol=7&client=js&version=8.4.0&flash=false' failed: Error in connection establishment: net::ERR_SSL_PROTOCOL_ERROR @ http://[::1]:5173/node_modules/.vite/deps/pusher-js.js?v=78e615f6:3255
[118539196ms] [ERROR] WebSocket connection to 'wss://localhost:8081/app/app-key?protocol=7&client=js&version=8.4.0&flash=false' failed: Error in connection establishment: net::ERR_SSL_PROTOCOL_ERROR @ http://[::1]:5173/node_modules/.vite/deps/pusher-js.js?v=78e615f6:3255
[118599206ms] [ERROR] WebSocket connection to 'wss://localhost:8081/app/app-key?protocol=7&client=js&version=8.4.0&flash=false' failed: Error in connection establishment: net::ERR_SSL_PROTOCOL_ERROR @ http://[::1]:5173/node_modules/.vite/deps/pusher-js.js?v=78e615f6:3255
[118659206ms] [ERROR] WebSocket connection to 'wss://localhost:8081/app/app-key?protocol=7&client=js&version=8.4.0&flash=false' failed: Error in connection establishment: net::ERR_SSL_PROTOCOL_ERROR @ http://[::1]:5173/node_modules/.vite/deps/pusher-js.js?v=78e615f6:3255
[118719212ms] [ERROR] WebSocket connection to 'wss://localhost:8081/app/app-key?protocol=7&client=js&version=8.4.0&flash=false' failed: Error in connection establishment: net::ERR_SSL_PROTOCOL_ERROR @ http://[::1]:5173/node_modules/.vite/deps/pusher-js.js?v=78e615f6:3255
[118779210ms] [ERROR] WebSocket connection to 'wss://localhost:8081/app/app-key?protocol=7&client=js&version=8.4.0&flash=false' failed: Error in connection establishment: net::ERR_SSL_PROTOCOL_ERROR @ http://[::1]:5173/node_modules/.vite/deps/pusher-js.js?v=78e615f6:3255
[118839210ms] [ERROR] WebSocket connection to 'wss://localhost:8081/app/app-key?protocol=7&client=js&version=8.4.0&flash=false' failed: Error in connection establishment: net::ERR_SSL_PROTOCOL_ERROR @ http://[::1]:5173/node_modules/.vite/deps/pusher-js.js?v=78e615f6:3255
[118899217ms] [ERROR] WebSocket connection to 'wss://localhost:8081/app/app-key?protocol=7&client=js&version=8.4.0&flash=false' failed: Error in connection establishment: net::ERR_SSL_PROTOCOL_ERROR @ http://[::1]:5173/node_modules/.vite/deps/pusher-js.js?v=78e615f6:3255
[118959215ms] [ERROR] WebSocket connection to 'wss://localhost:8081/app/app-key?protocol=7&client=js&version=8.4.0&flash=false' failed: Error in connection establishment: net::ERR_SSL_PROTOCOL_ERROR @ http://[::1]:5173/node_modules/.vite/deps/pusher-js.js?v=78e615f6:3255
[119019219ms] [ERROR] WebSocket connection to 'wss://localhost:8081/app/app-key?protocol=7&client=js&version=8.4.0&flash=false' failed: Error in connection establishment: net::ERR_SSL_PROTOCOL_ERROR @ http://[::1]:5173/node_modules/.vite/deps/pusher-js.js?v=78e615f6:3255
[119079216ms] [ERROR] WebSocket connection to 'wss://localhost:8081/app/app-key?protocol=7&client=js&version=8.4.0&flash=false' failed: Error in connection establishment: net::ERR_SSL_PROTOCOL_ERROR @ http://[::1]:5173/node_modules/.vite/deps/pusher-js.js?v=78e615f6:3255
[119139221ms] [ERROR] WebSocket connection to 'wss://localhost:8081/app/app-key?protocol=7&client=js&version=8.4.0&flash=false' failed: Error in connection establishment: net::ERR_SSL_PROTOCOL_ERROR @ http://[::1]:5173/node_modules/.vite/deps/pusher-js.js?v=78e615f6:3255
[119199219ms] [ERROR] WebSocket connection to 'wss://localhost:8081/app/app-key?protocol=7&client=js&version=8.4.0&flash=false' failed: Error in connection establishment: net::ERR_SSL_PROTOCOL_ERROR @ http://[::1]:5173/node_modules/.vite/deps/pusher-js.js?v=78e615f6:3255
[119259216ms] [ERROR] WebSocket connection to 'wss://localhost:8081/app/app-key?protocol=7&client=js&version=8.4.0&flash=false' failed: Error in connection establishment: net::ERR_SSL_PROTOCOL_ERROR @ http://[::1]:5173/node_modules/.vite/deps/pusher-js.js?v=78e615f6:3255
[119319221ms] [ERROR] WebSocket connection to 'wss://localhost:8081/app/app-key?protocol=7&client=js&version=8.4.0&flash=false' failed: Error in connection establishment: net::ERR_SSL_PROTOCOL_ERROR @ http://[::1]:5173/node_modules/.vite/deps/pusher-js.js?v=78e615f6:3255
[119379223ms] [ERROR] WebSocket connection to 'wss://localhost:8081/app/app-key?protocol=7&client=js&version=8.4.0&flash=false' failed: Error in connection establishment: net::ERR_SSL_PROTOCOL_ERROR @ http://[::1]:5173/node_modules/.vite/deps/pusher-js.js?v=78e615f6:3255
[119439224ms] [ERROR] WebSocket connection to 'wss://localhost:8081/app/app-key?protocol=7&client=js&version=8.4.0&flash=false' failed: Error in connection establishment: net::ERR_SSL_PROTOCOL_ERROR @ http://[::1]:5173/node_modules/.vite/deps/pusher-js.js?v=78e615f6:3255
[119499227ms] [ERROR] WebSocket connection to 'wss://localhost:8081/app/app-key?protocol=7&client=js&version=8.4.0&flash=false' failed: Error in connection establishment: net::ERR_SSL_PROTOCOL_ERROR @ http://[::1]:5173/node_modules/.vite/deps/pusher-js.js?v=78e615f6:3255
[119559230ms] [ERROR] WebSocket connection to 'wss://localhost:8081/app/app-key?protocol=7&client=js&version=8.4.0&flash=false' failed: Error in connection establishment: net::ERR_SSL_PROTOCOL_ERROR @ http://[::1]:5173/node_modules/.vite/deps/pusher-js.js?v=78e615f6:3255
[119619227ms] [ERROR] WebSocket connection to 'wss://localhost:8081/app/app-key?protocol=7&client=js&version=8.4.0&flash=false' failed: Error in connection establishment: net::ERR_SSL_PROTOCOL_ERROR @ http://[::1]:5173/node_modules/.vite/deps/pusher-js.js?v=78e615f6:3255
[119679230ms] [ERROR] WebSocket connection to 'wss://localhost:8081/app/app-key?protocol=7&client=js&version=8.4.0&flash=false' failed: Error in connection establishment: net::ERR_SSL_PROTOCOL_ERROR @ http://[::1]:5173/node_modules/.vite/deps/pusher-js.js?v=78e615f6:3255
[119739229ms] [ERROR] WebSocket connection to 'wss://localhost:8081/app/app-key?protocol=7&client=js&version=8.4.0&flash=false' failed: Error in connection establishment: net::ERR_SSL_PROTOCOL_ERROR @ http://[::1]:5173/node_modules/.vite/deps/pusher-js.js?v=78e615f6:3255
[119799229ms] [ERROR] WebSocket connection to 'wss://localhost:8081/app/app-key?protocol=7&client=js&version=8.4.0&flash=false' failed: Error in connection establishment: net::ERR_SSL_PROTOCOL_ERROR @ http://[::1]:5173/node_modules/.vite/deps/pusher-js.js?v=78e615f6:3255
[119859227ms] [ERROR] WebSocket connection to 'wss://localhost:8081/app/app-key?protocol=7&client=js&version=8.4.0&flash=false' failed: Error in connection establishment: net::ERR_SSL_PROTOCOL_ERROR @ http://[::1]:5173/node_modules/.vite/deps/pusher-js.js?v=78e615f6:3255
[119919234ms] [ERROR] WebSocket connection to 'wss://localhost:8081/app/app-key?protocol=7&client=js&version=8.4.0&flash=false' failed: Error in connection establishment: net::ERR_SSL_PROTOCOL_ERROR @ http://[::1]:5173/node_modules/.vite/deps/pusher-js.js?v=78e615f6:3255
[119979236ms] [ERROR] WebSocket connection to 'wss://localhost:8081/app/app-key?protocol=7&client=js&version=8.4.0&flash=false' failed: Error in connection establishment: net::ERR_SSL_PROTOCOL_ERROR @ http://[::1]:5173/node_modules/.vite/deps/pusher-js.js?v=78e615f6:3255
[120039246ms] [ERROR] WebSocket connection to 'wss://localhost:8081/app/app-key?protocol=7&client=js&version=8.4.0&flash=false' failed: Error in connection establishment: net::ERR_SSL_PROTOCOL_ERROR @ http://[::1]:5173/node_modules/.vite/deps/pusher-js.js?v=78e615f6:3255
[120099250ms] [ERROR] WebSocket connection to 'wss://localhost:8081/app/app-key?protocol=7&client=js&version=8.4.0&flash=false' failed: Error in connection establishment: net::ERR_SSL_PROTOCOL_ERROR @ http://[::1]:5173/node_modules/.vite/deps/pusher-js.js?v=78e615f6:3255
[120159255ms] [ERROR] WebSocket connection to 'wss://localhost:8081/app/app-key?protocol=7&client=js&version=8.4.0&flash=false' failed: Error in connection establishment: net::ERR_SSL_PROTOCOL_ERROR @ http://[::1]:5173/node_modules/.vite/deps/pusher-js.js?v=78e615f6:3255
[120219261ms] [ERROR] WebSocket connection to 'wss://localhost:8081/app/app-key?protocol=7&client=js&version=8.4.0&flash=false' failed: Error in connection establishment: net::ERR_SSL_PROTOCOL_ERROR @ http://[::1]:5173/node_modules/.vite/deps/pusher-js.js?v=78e615f6:3255
[120279254ms] [ERROR] WebSocket connection to 'wss://localhost:8081/app/app-key?protocol=7&client=js&version=8.4.0&flash=false' failed: Error in connection establishment: net::ERR_SSL_PROTOCOL_ERROR @ http://[::1]:5173/node_modules/.vite/deps/pusher-js.js?v=78e615f6:3255
[120339252ms] [ERROR] WebSocket connection to 'wss://localhost:8081/app/app-key?protocol=7&client=js&version=8.4.0&flash=false' failed: Error in connection establishment: net::ERR_SSL_PROTOCOL_ERROR @ http://[::1]:5173/node_modules/.vite/deps/pusher-js.js?v=78e615f6:3255
[120399253ms] [ERROR] WebSocket connection to 'wss://localhost:8081/app/app-key?protocol=7&client=js&version=8.4.0&flash=false' failed: Error in connection establishment: net::ERR_SSL_PROTOCOL_ERROR @ http://[::1]:5173/node_modules/.vite/deps/pusher-js.js?v=78e615f6:3255
[120459256ms] [ERROR] WebSocket connection to 'wss://localhost:8081/app/app-key?protocol=7&client=js&version=8.4.0&flash=false' failed: Error in connection establishment: net::ERR_SSL_PROTOCOL_ERROR @ http://[::1]:5173/node_modules/.vite/deps/pusher-js.js?v=78e615f6:3255
[120519260ms] [ERROR] WebSocket connection to 'wss://localhost:8081/app/app-key?protocol=7&client=js&version=8.4.0&flash=false' failed: Error in connection establishment: net::ERR_SSL_PROTOCOL_ERROR @ http://[::1]:5173/node_modules/.vite/deps/pusher-js.js?v=78e615f6:3255
[120579260ms] [ERROR] WebSocket connection to 'wss://localhost:8081/app/app-key?protocol=7&client=js&version=8.4.0&flash=false' failed: Error in connection establishment: net::ERR_SSL_PROTOCOL_ERROR @ http://[::1]:5173/node_modules/.vite/deps/pusher-js.js?v=78e615f6:3255
[120639264ms] [ERROR] WebSocket connection to 'wss://localhost:8081/app/app-key?protocol=7&client=js&version=8.4.0&flash=false' failed: Error in connection establishment: net::ERR_SSL_PROTOCOL_ERROR @ http://[::1]:5173/node_modules/.vite/deps/pusher-js.js?v=78e615f6:3255
[120699267ms] [ERROR] WebSocket connection to 'wss://localhost:8081/app/app-key?protocol=7&client=js&version=8.4.0&flash=false' failed: Error in connection establishment: net::ERR_SSL_PROTOCOL_ERROR @ http://[::1]:5173/node_modules/.vite/deps/pusher-js.js?v=78e615f6:3255
[120759274ms] [ERROR] WebSocket connection to 'wss://localhost:8081/app/app-key?protocol=7&client=js&version=8.4.0&flash=false' failed: Error in connection establishment: net::ERR_SSL_PROTOCOL_ERROR @ http://[::1]:5173/node_modules/.vite/deps/pusher-js.js?v=78e615f6:3255
[120819272ms] [ERROR] WebSocket connection to 'wss://localhost:8081/app/app-key?protocol=7&client=js&version=8.4.0&flash=false' failed: Error in connection establishment: net::ERR_SSL_PROTOCOL_ERROR @ http://[::1]:5173/node_modules/.vite/deps/pusher-js.js?v=78e615f6:3255
[120879269ms] [ERROR] WebSocket connection to 'wss://localhost:8081/app/app-key?protocol=7&client=js&version=8.4.0&flash=false' failed: Error in connection establishment: net::ERR_SSL_PROTOCOL_ERROR @ http://[::1]:5173/node_modules/.vite/deps/pusher-js.js?v=78e615f6:3255
[120939271ms] [ERROR] WebSocket connection to 'wss://localhost:8081/app/app-key?protocol=7&client=js&version=8.4.0&flash=false' failed: Error in connection establishment: net::ERR_SSL_PROTOCOL_ERROR @ http://[::1]:5173/node_modules/.vite/deps/pusher-js.js?v=78e615f6:3255
[120999271ms] [ERROR] WebSocket connection to 'wss://localhost:8081/app/app-key?protocol=7&client=js&version=8.4.0&flash=false' failed: Error in connection establishment: net::ERR_SSL_PROTOCOL_ERROR @ http://[::1]:5173/node_modules/.vite/deps/pusher-js.js?v=78e615f6:3255
[121059276ms] [ERROR] WebSocket connection to 'wss://localhost:8081/app/app-key?protocol=7&client=js&version=8.4.0&flash=false' failed: Error in connection establishment: net::ERR_SSL_PROTOCOL_ERROR @ http://[::1]:5173/node_modules/.vite/deps/pusher-js.js?v=78e615f6:3255
[121119275ms] [ERROR] WebSocket connection to 'wss://localhost:8081/app/app-key?protocol=7&client=js&version=8.4.0&flash=false' failed: Error in connection establishment: net::ERR_SSL_PROTOCOL_ERROR @ http://[::1]:5173/node_modules/.vite/deps/pusher-js.js?v=78e615f6:3255
[121179279ms] [ERROR] WebSocket connection to 'wss://localhost:8081/app/app-key?protocol=7&client=js&version=8.4.0&flash=false' failed: Error in connection establishment: net::ERR_SSL_PROTOCOL_ERROR @ http://[::1]:5173/node_modules/.vite/deps/pusher-js.js?v=78e615f6:3255
[121239284ms] [ERROR] WebSocket connection to 'wss://localhost:8081/app/app-key?protocol=7&client=js&version=8.4.0&flash=false' failed: Error in connection establishment: net::ERR_SSL_PROTOCOL_ERROR @ http://[::1]:5173/node_modules/.vite/deps/pusher-js.js?v=78e615f6:3255
[121299281ms] [ERROR] WebSocket connection to 'wss://localhost:8081/app/app-key?protocol=7&client=js&version=8.4.0&flash=false' failed: Error in connection establishment: net::ERR_SSL_PROTOCOL_ERROR @ http://[::1]:5173/node_modules/.vite/deps/pusher-js.js?v=78e615f6:3255
[121359286ms] [ERROR] WebSocket connection to 'wss://localhost:8081/app/app-key?protocol=7&client=js&version=8.4.0&flash=false' failed: Error in connection establishment: net::ERR_SSL_PROTOCOL_ERROR @ http://[::1]:5173/node_modules/.vite/deps/pusher-js.js?v=78e615f6:3255
[121419287ms] [ERROR] WebSocket connection to 'wss://localhost:8081/app/app-key?protocol=7&client=js&version=8.4.0&flash=false' failed: Error in connection establishment: net::ERR_SSL_PROTOCOL_ERROR @ http://[::1]:5173/node_modules/.vite/deps/pusher-js.js?v=78e615f6:3255
[121479295ms] [ERROR] WebSocket connection to 'wss://localhost:8081/app/app-key?protocol=7&client=js&version=8.4.0&flash=false' failed: Error in connection establishment: net::ERR_SSL_PROTOCOL_ERROR @ http://[::1]:5173/node_modules/.vite/deps/pusher-js.js?v=78e615f6:3255
[121539292ms] [ERROR] WebSocket connection to 'wss://localhost:8081/app/app-key?protocol=7&client=js&version=8.4.0&flash=false' failed: Error in connection establishment: net::ERR_SSL_PROTOCOL_ERROR @ http://[::1]:5173/node_modules/.vite/deps/pusher-js.js?v=78e615f6:3255
[121599293ms] [ERROR] WebSocket connection to 'wss://localhost:8081/app/app-key?protocol=7&client=js&version=8.4.0&flash=false' failed: Error in connection establishment: net::ERR_SSL_PROTOCOL_ERROR @ http://[::1]:5173/node_modules/.vite/deps/pusher-js.js?v=78e615f6:3255
[121659290ms] [ERROR] WebSocket connection to 'wss://localhost:8081/app/app-key?protocol=7&client=js&version=8.4.0&flash=false' failed: Error in connection establishment: net::ERR_SSL_PROTOCOL_ERROR @ http://[::1]:5173/node_modules/.vite/deps/pusher-js.js?v=78e615f6:3255
[121719296ms] [ERROR] WebSocket connection to 'wss://localhost:8081/app/app-key?protocol=7&client=js&version=8.4.0&flash=false' failed: Error in connection establishment: net::ERR_SSL_PROTOCOL_ERROR @ http://[::1]:5173/node_modules/.vite/deps/pusher-js.js?v=78e615f6:3255
[121779293ms] [ERROR] WebSocket connection to 'wss://localhost:8081/app/app-key?protocol=7&client=js&version=8.4.0&flash=false' failed: Error in connection establishment: net::ERR_SSL_PROTOCOL_ERROR @ http://[::1]:5173/node_modules/.vite/deps/pusher-js.js?v=78e615f6:3255
[121839294ms] [ERROR] WebSocket connection to 'wss://localhost:8081/app/app-key?protocol=7&client=js&version=8.4.0&flash=false' failed: Error in connection establishment: net::ERR_SSL_PROTOCOL_ERROR @ http://[::1]:5173/node_modules/.vite/deps/pusher-js.js?v=78e615f6:3255
[121899295ms] [ERROR] WebSocket connection to 'wss://localhost:8081/app/app-key?protocol=7&client=js&version=8.4.0&flash=false' failed: Error in connection establishment: net::ERR_SSL_PROTOCOL_ERROR @ http://[::1]:5173/node_modules/.vite/deps/pusher-js.js?v=78e615f6:3255
[121959289ms] [ERROR] WebSocket connection to 'wss://localhost:8081/app/app-key?protocol=7&client=js&version=8.4.0&flash=false' failed: Error in connection establishment: net::ERR_SSL_PROTOCOL_ERROR @ http://[::1]:5173/node_modules/.vite/deps/pusher-js.js?v=78e615f6:3255
[122019300ms] [ERROR] WebSocket connection to 'wss://localhost:8081/app/app-key?protocol=7&client=js&version=8.4.0&flash=false' failed: Error in connection establishment: net::ERR_SSL_PROTOCOL_ERROR @ http://[::1]:5173/node_modules/.vite/deps/pusher-js.js?v=78e615f6:3255
[122079292ms] [ERROR] WebSocket connection to 'wss://localhost:8081/app/app-key?protocol=7&client=js&version=8.4.0&flash=false' failed: Error in connection establishment: net::ERR_SSL_PROTOCOL_ERROR @ http://[::1]:5173/node_modules/.vite/deps/pusher-js.js?v=78e615f6:3255
[122139289ms] [ERROR] WebSocket connection to 'wss://localhost:8081/app/app-key?protocol=7&client=js&version=8.4.0&flash=false' failed: Error in connection establishment: net::ERR_SSL_PROTOCOL_ERROR @ http://[::1]:5173/node_modules/.vite/deps/pusher-js.js?v=78e615f6:3255
[122199293ms] [ERROR] WebSocket connection to 'wss://localhost:8081/app/app-key?protocol=7&client=js&version=8.4.0&flash=false' failed: Error in connection establishment: net::ERR_SSL_PROTOCOL_ERROR @ http://[::1]:5173/node_modules/.vite/deps/pusher-js.js?v=78e615f6:3255
[122259290ms] [ERROR] WebSocket connection to 'wss://localhost:8081/app/app-key?protocol=7&client=js&version=8.4.0&flash=false' failed: Error in connection establishment: net::ERR_SSL_PROTOCOL_ERROR @ http://[::1]:5173/node_modules/.vite/deps/pusher-js.js?v=78e615f6:3255
[122319308ms] [ERROR] WebSocket connection to 'wss://localhost:8081/app/app-key?protocol=7&client=js&version=8.4.0&flash=false' failed: Error in connection establishment: net::ERR_SSL_PROTOCOL_ERROR @ http://[::1]:5173/node_modules/.vite/deps/pusher-js.js?v=78e615f6:3255
[122379300ms] [ERROR] WebSocket connection to 'wss://localhost:8081/app/app-key?protocol=7&client=js&version=8.4.0&flash=false' failed: Error in connection establishment: net::ERR_SSL_PROTOCOL_ERROR @ http://[::1]:5173/node_modules/.vite/deps/pusher-js.js?v=78e615f6:3255
[122439303ms] [ERROR] WebSocket connection to 'wss://localhost:8081/app/app-key?protocol=7&client=js&version=8.4.0&flash=false' failed: Error in connection establishment: net::ERR_SSL_PROTOCOL_ERROR @ http://[::1]:5173/node_modules/.vite/deps/pusher-js.js?v=78e615f6:3255
[122499308ms] [ERROR] WebSocket connection to 'wss://localhost:8081/app/app-key?protocol=7&client=js&version=8.4.0&flash=false' failed: Error in connection establishment: net::ERR_SSL_PROTOCOL_ERROR @ http://[::1]:5173/node_modules/.vite/deps/pusher-js.js?v=78e615f6:3255
[122559307ms] [ERROR] WebSocket connection to 'wss://localhost:8081/app/app-key?protocol=7&client=js&version=8.4.0&flash=false' failed: Error in connection establishment: net::ERR_SSL_PROTOCOL_ERROR @ http://[::1]:5173/node_modules/.vite/deps/pusher-js.js?v=78e615f6:3255
[122619305ms] [ERROR] WebSocket connection to 'wss://localhost:8081/app/app-key?protocol=7&client=js&version=8.4.0&flash=false' failed: Error in connection establishment: net::ERR_SSL_PROTOCOL_ERROR @ http://[::1]:5173/node_modules/.vite/deps/pusher-js.js?v=78e615f6:3255
[122679311ms] [ERROR] WebSocket connection to 'wss://localhost:8081/app/app-key?protocol=7&client=js&version=8.4.0&flash=false' failed: Error in connection establishment: net::ERR_SSL_PROTOCOL_ERROR @ http://[::1]:5173/node_modules/.vite/deps/pusher-js.js?v=78e615f6:3255
[122739315ms] [ERROR] WebSocket connection to 'wss://localhost:8081/app/app-key?protocol=7&client=js&version=8.4.0&flash=false' failed: Error in connection establishment: net::ERR_SSL_PROTOCOL_ERROR @ http://[::1]:5173/node_modules/.vite/deps/pusher-js.js?v=78e615f6:3255
[122799313ms] [ERROR] WebSocket connection to 'wss://localhost:8081/app/app-key?protocol=7&client=js&version=8.4.0&flash=false' failed: Error in connection establishment: net::ERR_SSL_PROTOCOL_ERROR @ http://[::1]:5173/node_modules/.vite/deps/pusher-js.js?v=78e615f6:3255
[122859312ms] [ERROR] WebSocket connection to 'wss://localhost:8081/app/app-key?protocol=7&client=js&version=8.4.0&flash=false' failed: Error in connection establishment: net::ERR_SSL_PROTOCOL_ERROR @ http://[::1]:5173/node_modules/.vite/deps/pusher-js.js?v=78e615f6:3255
[122919313ms] [ERROR] WebSocket connection to 'wss://localhost:8081/app/app-key?protocol=7&client=js&version=8.4.0&flash=false' failed: Error in connection establishment: net::ERR_SSL_PROTOCOL_ERROR @ http://[::1]:5173/node_modules/.vite/deps/pusher-js.js?v=78e615f6:3255
[122979314ms] [ERROR] WebSocket connection to 'wss://localhost:8081/app/app-key?protocol=7&client=js&version=8.4.0&flash=false' failed: Error in connection establishment: net::ERR_SSL_PROTOCOL_ERROR @ http://[::1]:5173/node_modules/.vite/deps/pusher-js.js?v=78e615f6:3255
[123039316ms] [ERROR] WebSocket connection to 'wss://localhost:8081/app/app-key?protocol=7&client=js&version=8.4.0&flash=false' failed: Error in connection establishment: net::ERR_SSL_PROTOCOL_ERROR @ http://[::1]:5173/node_modules/.vite/deps/pusher-js.js?v=78e615f6:3255
[123099314ms] [ERROR] WebSocket connection to 'wss://localhost:8081/app/app-key?protocol=7&client=js&version=8.4.0&flash=false' failed: Error in connection establishment: net::ERR_SSL_PROTOCOL_ERROR @ http://[::1]:5173/node_modules/.vite/deps/pusher-js.js?v=78e615f6:3255
[123159319ms] [ERROR] WebSocket connection to 'wss://localhost:8081/app/app-key?protocol=7&client=js&version=8.4.0&flash=false' failed: Error in connection establishment: net::ERR_SSL_PROTOCOL_ERROR @ http://[::1]:5173/node_modules/.vite/deps/pusher-js.js?v=78e615f6:3255
[123219324ms] [ERROR] WebSocket connection to 'wss://localhost:8081/app/app-key?protocol=7&client=js&version=8.4.0&flash=false' failed: Error in connection establishment: net::ERR_SSL_PROTOCOL_ERROR @ http://[::1]:5173/node_modules/.vite/deps/pusher-js.js?v=78e615f6:3255
[123279318ms] [ERROR] WebSocket connection to 'wss://localhost:8081/app/app-key?protocol=7&client=js&version=8.4.0&flash=false' failed: Error in connection establishment: net::ERR_SSL_PROTOCOL_ERROR @ http://[::1]:5173/node_modules/.vite/deps/pusher-js.js?v=78e615f6:3255
[123339318ms] [ERROR] WebSocket connection to 'wss://localhost:8081/app/app-key?protocol=7&client=js&version=8.4.0&flash=false' failed: Error in connection establishment: net::ERR_SSL_PROTOCOL_ERROR @ http://[::1]:5173/node_modules/.vite/deps/pusher-js.js?v=78e615f6:3255
[123399329ms] [ERROR] WebSocket connection to 'wss://localhost:8081/app/app-key?protocol=7&client=js&version=8.4.0&flash=false' failed: Error in connection establishment: net::ERR_SSL_PROTOCOL_ERROR @ http://[::1]:5173/node_modules/.vite/deps/pusher-js.js?v=78e615f6:3255
[123459327ms] [ERROR] WebSocket connection to 'wss://localhost:8081/app/app-key?protocol=7&client=js&version=8.4.0&flash=false' failed: Error in connection establishment: net::ERR_SSL_PROTOCOL_ERROR @ http://[::1]:5173/node_modules/.vite/deps/pusher-js.js?v=78e615f6:3255
[123519352ms] [ERROR] WebSocket connection to 'wss://localhost:8081/app/app-key?protocol=7&client=js&version=8.4.0&flash=false' failed: Error in connection establishment: net::ERR_SSL_PROTOCOL_ERROR @ http://[::1]:5173/node_modules/.vite/deps/pusher-js.js?v=78e615f6:3255
[123579332ms] [ERROR] WebSocket connection to 'wss://localhost:8081/app/app-key?protocol=7&client=js&version=8.4.0&flash=false' failed: Error in connection establishment: net::ERR_SSL_PROTOCOL_ERROR @ http://[::1]:5173/node_modules/.vite/deps/pusher-js.js?v=78e615f6:3255
[123639333ms] [ERROR] WebSocket connection to 'wss://localhost:8081/app/app-key?protocol=7&client=js&version=8.4.0&flash=false' failed: Error in connection establishment: net::ERR_SSL_PROTOCOL_ERROR @ http://[::1]:5173/node_modules/.vite/deps/pusher-js.js?v=78e615f6:3255
[123699331ms] [ERROR] WebSocket connection to 'wss://localhost:8081/app/app-key?protocol=7&client=js&version=8.4.0&flash=false' failed: Error in connection establishment: net::ERR_SSL_PROTOCOL_ERROR @ http://[::1]:5173/node_modules/.vite/deps/pusher-js.js?v=78e615f6:3255
[123759340ms] [ERROR] WebSocket connection to 'wss://localhost:8081/app/app-key?protocol=7&client=js&version=8.4.0&flash=false' failed: Error in connection establishment: net::ERR_SSL_PROTOCOL_ERROR @ http://[::1]:5173/node_modules/.vite/deps/pusher-js.js?v=78e615f6:3255
[123819340ms] [ERROR] WebSocket connection to 'wss://localhost:8081/app/app-key?protocol=7&client=js&version=8.4.0&flash=false' failed: Error in connection establishment: net::ERR_SSL_PROTOCOL_ERROR @ http://[::1]:5173/node_modules/.vite/deps/pusher-js.js?v=78e615f6:3255
[123879340ms] [ERROR] WebSocket connection to 'wss://localhost:8081/app/app-key?protocol=7&client=js&version=8.4.0&flash=false' failed: Error in connection establishment: net::ERR_SSL_PROTOCOL_ERROR @ http://[::1]:5173/node_modules/.vite/deps/pusher-js.js?v=78e615f6:3255
[123939350ms] [ERROR] WebSocket connection to 'wss://localhost:8081/app/app-key?protocol=7&client=js&version=8.4.0&flash=false' failed: Error in connection establishment: net::ERR_SSL_PROTOCOL_ERROR @ http://[::1]:5173/node_modules/.vite/deps/pusher-js.js?v=78e615f6:3255
[123999342ms] [ERROR] WebSocket connection to 'wss://localhost:8081/app/app-key?protocol=7&client=js&version=8.4.0&flash=false' failed: Error in connection establishment: net::ERR_SSL_PROTOCOL_ERROR @ http://[::1]:5173/node_modules/.vite/deps/pusher-js.js?v=78e615f6:3255
[124059347ms] [ERROR] WebSocket connection to 'wss://localhost:8081/app/app-key?protocol=7&client=js&version=8.4.0&flash=false' failed: Error in connection establishment: net::ERR_SSL_PROTOCOL_ERROR @ http://[::1]:5173/node_modules/.vite/deps/pusher-js.js?v=78e615f6:3255
[124119347ms] [ERROR] WebSocket connection to 'wss://localhost:8081/app/app-key?protocol=7&client=js&version=8.4.0&flash=false' failed: Error in connection establishment: net::ERR_SSL_PROTOCOL_ERROR @ http://[::1]:5173/node_modules/.vite/deps/pusher-js.js?v=78e615f6:3255
[124179349ms] [ERROR] WebSocket connection to 'wss://localhost:8081/app/app-key?protocol=7&client=js&version=8.4.0&flash=false' failed: Error in connection establishment: net::ERR_SSL_PROTOCOL_ERROR @ http://[::1]:5173/node_modules/.vite/deps/pusher-js.js?v=78e615f6:3255
[124239353ms] [ERROR] WebSocket connection to 'wss://localhost:8081/app/app-key?protocol=7&client=js&version=8.4.0&flash=false' failed: Error in connection establishment: net::ERR_SSL_PROTOCOL_ERROR @ http://[::1]:5173/node_modules/.vite/deps/pusher-js.js?v=78e615f6:3255
[124299345ms] [ERROR] WebSocket connection to 'wss://localhost:8081/app/app-key?protocol=7&client=js&version=8.4.0&flash=false' failed: Error in connection establishment: net::ERR_SSL_PROTOCOL_ERROR @ http://[::1]:5173/node_modules/.vite/deps/pusher-js.js?v=78e615f6:3255
[124359351ms] [ERROR] WebSocket connection to 'wss://localhost:8081/app/app-key?protocol=7&client=js&version=8.4.0&flash=false' failed: Error in connection establishment: net::ERR_SSL_PROTOCOL_ERROR @ http://[::1]:5173/node_modules/.vite/deps/pusher-js.js?v=78e615f6:3255
[124419354ms] [ERROR] WebSocket connection to 'wss://localhost:8081/app/app-key?protocol=7&client=js&version=8.4.0&flash=false' failed: Error in connection establishment: net::ERR_SSL_PROTOCOL_ERROR @ http://[::1]:5173/node_modules/.vite/deps/pusher-js.js?v=78e615f6:3255
[124479351ms] [ERROR] WebSocket connection to 'wss://localhost:8081/app/app-key?protocol=7&client=js&version=8.4.0&flash=false' failed: Error in connection establishment: net::ERR_SSL_PROTOCOL_ERROR @ http://[::1]:5173/node_modules/.vite/deps/pusher-js.js?v=78e615f6:3255
[124539357ms] [ERROR] WebSocket connection to 'wss://localhost:8081/app/app-key?protocol=7&client=js&version=8.4.0&flash=false' failed: Error in connection establishment: net::ERR_SSL_PROTOCOL_ERROR @ http://[::1]:5173/node_modules/.vite/deps/pusher-js.js?v=78e615f6:3255
[124599360ms] [ERROR] WebSocket connection to 'wss://localhost:8081/app/app-key?protocol=7&client=js&version=8.4.0&flash=false' failed: Error in connection establishment: net::ERR_SSL_PROTOCOL_ERROR @ http://[::1]:5173/node_modules/.vite/deps/pusher-js.js?v=78e615f6:3255
[124659362ms] [ERROR] WebSocket connection to 'wss://localhost:8081/app/app-key?protocol=7&client=js&version=8.4.0&flash=false' failed: Error in connection establishment: net::ERR_SSL_PROTOCOL_ERROR @ http://[::1]:5173/node_modules/.vite/deps/pusher-js.js?v=78e615f6:3255
[124719355ms] [ERROR] WebSocket connection to 'wss://localhost:8081/app/app-key?protocol=7&client=js&version=8.4.0&flash=false' failed: Error in connection establishment: net::ERR_SSL_PROTOCOL_ERROR @ http://[::1]:5173/node_modules/.vite/deps/pusher-js.js?v=78e615f6:3255
[124779360ms] [ERROR] WebSocket connection to 'wss://localhost:8081/app/app-key?protocol=7&client=js&version=8.4.0&flash=false' failed: Error in connection establishment: net::ERR_SSL_PROTOCOL_ERROR @ http://[::1]:5173/node_modules/.vite/deps/pusher-js.js?v=78e615f6:3255
[124839356ms] [ERROR] WebSocket connection to 'wss://localhost:8081/app/app-key?protocol=7&client=js&version=8.4.0&flash=false' failed: Error in connection establishment: net::ERR_SSL_PROTOCOL_ERROR @ http://[::1]:5173/node_modules/.vite/deps/pusher-js.js?v=78e615f6:3255
[124899358ms] [ERROR] WebSocket connection to 'wss://localhost:8081/app/app-key?protocol=7&client=js&version=8.4.0&flash=false' failed: Error in connection establishment: net::ERR_SSL_PROTOCOL_ERROR @ http://[::1]:5173/node_modules/.vite/deps/pusher-js.js?v=78e615f6:3255
[124959359ms] [ERROR] WebSocket connection to 'wss://localhost:8081/app/app-key?protocol=7&client=js&version=8.4.0&flash=false' failed: Error in connection establishment: net::ERR_SSL_PROTOCOL_ERROR @ http://[::1]:5173/node_modules/.vite/deps/pusher-js.js?v=78e615f6:3255
[125019362ms] [ERROR] WebSocket connection to 'wss://localhost:8081/app/app-key?protocol=7&client=js&version=8.4.0&flash=false' failed: Error in connection establishment: net::ERR_SSL_PROTOCOL_ERROR @ http://[::1]:5173/node_modules/.vite/deps/pusher-js.js?v=78e615f6:3255
[125079363ms] [ERROR] WebSocket connection to 'wss://localhost:8081/app/app-key?protocol=7&client=js&version=8.4.0&flash=false' failed: Error in connection establishment: net::ERR_SSL_PROTOCOL_ERROR @ http://[::1]:5173/node_modules/.vite/deps/pusher-js.js?v=78e615f6:3255
[125139368ms] [ERROR] WebSocket connection to 'wss://localhost:8081/app/app-key?protocol=7&client=js&version=8.4.0&flash=false' failed: Error in connection establishment: net::ERR_SSL_PROTOCOL_ERROR @ http://[::1]:5173/node_modules/.vite/deps/pusher-js.js?v=78e615f6:3255
[125199363ms] [ERROR] WebSocket connection to 'wss://localhost:8081/app/app-key?protocol=7&client=js&version=8.4.0&flash=false' failed: Error in connection establishment: net::ERR_SSL_PROTOCOL_ERROR @ http://[::1]:5173/node_modules/.vite/deps/pusher-js.js?v=78e615f6:3255
[125259373ms] [ERROR] WebSocket connection to 'wss://localhost:8081/app/app-key?protocol=7&client=js&version=8.4.0&flash=false' failed: Error in connection establishment: net::ERR_SSL_PROTOCOL_ERROR @ http://[::1]:5173/node_modules/.vite/deps/pusher-js.js?v=78e615f6:3255
[125319376ms] [ERROR] WebSocket connection to 'wss://localhost:8081/app/app-key?protocol=7&client=js&version=8.4.0&flash=false' failed: Error in connection establishment: net::ERR_SSL_PROTOCOL_ERROR @ http://[::1]:5173/node_modules/.vite/deps/pusher-js.js?v=78e615f6:3255
[125379371ms] [ERROR] WebSocket connection to 'wss://localhost:8081/app/app-key?protocol=7&client=js&version=8.4.0&flash=false' failed: Error in connection establishment: net::ERR_SSL_PROTOCOL_ERROR @ http://[::1]:5173/node_modules/.vite/deps/pusher-js.js?v=78e615f6:3255
[125439371ms] [ERROR] WebSocket connection to 'wss://localhost:8081/app/app-key?protocol=7&client=js&version=8.4.0&flash=false' failed: Error in connection establishment: net::ERR_SSL_PROTOCOL_ERROR @ http://[::1]:5173/node_modules/.vite/deps/pusher-js.js?v=78e615f6:3255
[125499373ms] [ERROR] WebSocket connection to 'wss://localhost:8081/app/app-key?protocol=7&client=js&version=8.4.0&flash=false' failed: Error in connection establishment: net::ERR_SSL_PROTOCOL_ERROR @ http://[::1]:5173/node_modules/.vite/deps/pusher-js.js?v=78e615f6:3255
[125559373ms] [ERROR] WebSocket connection to 'wss://localhost:8081/app/app-key?protocol=7&client=js&version=8.4.0&flash=false' failed: Error in connection establishment: net::ERR_SSL_PROTOCOL_ERROR @ http://[::1]:5173/node_modules/.vite/deps/pusher-js.js?v=78e615f6:3255
[125619377ms] [ERROR] WebSocket connection to 'wss://localhost:8081/app/app-key?protocol=7&client=js&version=8.4.0&flash=false' failed: Error in connection establishment: net::ERR_SSL_PROTOCOL_ERROR @ http://[::1]:5173/node_modules/.vite/deps/pusher-js.js?v=78e615f6:3255
[125679373ms] [ERROR] WebSocket connection to 'wss://localhost:8081/app/app-key?protocol=7&client=js&version=8.4.0&flash=false' failed: Error in connection establishment: net::ERR_SSL_PROTOCOL_ERROR @ http://[::1]:5173/node_modules/.vite/deps/pusher-js.js?v=78e615f6:3255
[125739380ms] [ERROR] WebSocket connection to 'wss://localhost:8081/app/app-key?protocol=7&client=js&version=8.4.0&flash=false' failed: Error in connection establishment: net::ERR_SSL_PROTOCOL_ERROR @ http://[::1]:5173/node_modules/.vite/deps/pusher-js.js?v=78e615f6:3255
[125799374ms] [ERROR] WebSocket connection to 'wss://localhost:8081/app/app-key?protocol=7&client=js&version=8.4.0&flash=false' failed: Error in connection establishment: net::ERR_SSL_PROTOCOL_ERROR @ http://[::1]:5173/node_modules/.vite/deps/pusher-js.js?v=78e615f6:3255
[125859381ms] [ERROR] WebSocket connection to 'wss://localhost:8081/app/app-key?protocol=7&client=js&version=8.4.0&flash=false' failed: Error in connection establishment: net::ERR_SSL_PROTOCOL_ERROR @ http://[::1]:5173/node_modules/.vite/deps/pusher-js.js?v=78e615f6:3255
[125919377ms] [ERROR] WebSocket connection to 'wss://localhost:8081/app/app-key?protocol=7&client=js&version=8.4.0&flash=false' failed: Error in connection establishment: net::ERR_SSL_PROTOCOL_ERROR @ http://[::1]:5173/node_modules/.vite/deps/pusher-js.js?v=78e615f6:3255
[125979408ms] [ERROR] WebSocket connection to 'wss://localhost:8081/app/app-key?protocol=7&client=js&version=8.4.0&flash=false' failed: Error in connection establishment: net::ERR_SSL_PROTOCOL_ERROR @ http://[::1]:5173/node_modules/.vite/deps/pusher-js.js?v=78e615f6:3255
[126039381ms] [ERROR] WebSocket connection to 'wss://localhost:8081/app/app-key?protocol=7&client=js&version=8.4.0&flash=false' failed: Error in connection establishment: net::ERR_SSL_PROTOCOL_ERROR @ http://[::1]:5173/node_modules/.vite/deps/pusher-js.js?v=78e615f6:3255
[126099383ms] [ERROR] WebSocket connection to 'wss://localhost:8081/app/app-key?protocol=7&client=js&version=8.4.0&flash=false' failed: Error in connection establishment: net::ERR_SSL_PROTOCOL_ERROR @ http://[::1]:5173/node_modules/.vite/deps/pusher-js.js?v=78e615f6:3255
[126159387ms] [ERROR] WebSocket connection to 'wss://localhost:8081/app/app-key?protocol=7&client=js&version=8.4.0&flash=false' failed: Error in connection establishment: net::ERR_SSL_PROTOCOL_ERROR @ http://[::1]:5173/node_modules/.vite/deps/pusher-js.js?v=78e615f6:3255
[126219386ms] [ERROR] WebSocket connection to 'wss://localhost:8081/app/app-key?protocol=7&client=js&version=8.4.0&flash=false' failed: Error in connection establishment: net::ERR_SSL_PROTOCOL_ERROR @ http://[::1]:5173/node_modules/.vite/deps/pusher-js.js?v=78e615f6:3255
[126279384ms] [ERROR] WebSocket connection to 'wss://localhost:8081/app/app-key?protocol=7&client=js&version=8.4.0&flash=false' failed: Error in connection establishment: net::ERR_SSL_PROTOCOL_ERROR @ http://[::1]:5173/node_modules/.vite/deps/pusher-js.js?v=78e615f6:3255
[126339393ms] [ERROR] WebSocket connection to 'wss://localhost:8081/app/app-key?protocol=7&client=js&version=8.4.0&flash=false' failed: Error in connection establishment: net::ERR_SSL_PROTOCOL_ERROR @ http://[::1]:5173/node_modules/.vite/deps/pusher-js.js?v=78e615f6:3255
[126399391ms] [ERROR] WebSocket connection to 'wss://localhost:8081/app/app-key?protocol=7&client=js&version=8.4.0&flash=false' failed: Error in connection establishment: net::ERR_SSL_PROTOCOL_ERROR @ http://[::1]:5173/node_modules/.vite/deps/pusher-js.js?v=78e615f6:3255
[126459395ms] [ERROR] WebSocket connection to 'wss://localhost:8081/app/app-key?protocol=7&client=js&version=8.4.0&flash=false' failed: Error in connection establishment: net::ERR_SSL_PROTOCOL_ERROR @ http://[::1]:5173/node_modules/.vite/deps/pusher-js.js?v=78e615f6:3255
[126519402ms] [ERROR] WebSocket connection to 'wss://localhost:8081/app/app-key?protocol=7&client=js&version=8.4.0&flash=false' failed: Error in connection establishment: net::ERR_SSL_PROTOCOL_ERROR @ http://[::1]:5173/node_modules/.vite/deps/pusher-js.js?v=78e615f6:3255
[126579396ms] [ERROR] WebSocket connection to 'wss://localhost:8081/app/app-key?protocol=7&client=js&version=8.4.0&flash=false' failed: Error in connection establishment: net::ERR_SSL_PROTOCOL_ERROR @ http://[::1]:5173/node_modules/.vite/deps/pusher-js.js?v=78e615f6:3255
[126639403ms] [ERROR] WebSocket connection to 'wss://localhost:8081/app/app-key?protocol=7&client=js&version=8.4.0&flash=false' failed: Error in connection establishment: net::ERR_SSL_PROTOCOL_ERROR @ http://[::1]:5173/node_modules/.vite/deps/pusher-js.js?v=78e615f6:3255
[126699401ms] [ERROR] WebSocket connection to 'wss://localhost:8081/app/app-key?protocol=7&client=js&version=8.4.0&flash=false' failed: Error in connection establishment: net::ERR_SSL_PROTOCOL_ERROR @ http://[::1]:5173/node_modules/.vite/deps/pusher-js.js?v=78e615f6:3255
[126759402ms] [ERROR] WebSocket connection to 'wss://localhost:8081/app/app-key?protocol=7&client=js&version=8.4.0&flash=false' failed: Error in connection establishment: net::ERR_SSL_PROTOCOL_ERROR @ http://[::1]:5173/node_modules/.vite/deps/pusher-js.js?v=78e615f6:3255
[126819408ms] [ERROR] WebSocket connection to 'wss://localhost:8081/app/app-key?protocol=7&client=js&version=8.4.0&flash=false' failed: Error in connection establishment: net::ERR_SSL_PROTOCOL_ERROR @ http://[::1]:5173/node_modules/.vite/deps/pusher-js.js?v=78e615f6:3255
[126879401ms] [ERROR] WebSocket connection to 'wss://localhost:8081/app/app-key?protocol=7&client=js&version=8.4.0&flash=false' failed: Error in connection establishment: net::ERR_SSL_PROTOCOL_ERROR @ http://[::1]:5173/node_modules/.vite/deps/pusher-js.js?v=78e615f6:3255
[126939405ms] [ERROR] WebSocket connection to 'wss://localhost:8081/app/app-key?protocol=7&client=js&version=8.4.0&flash=false' failed: Error in connection establishment: net::ERR_SSL_PROTOCOL_ERROR @ http://[::1]:5173/node_modules/.vite/deps/pusher-js.js?v=78e615f6:3255
[126999406ms] [ERROR] WebSocket connection to 'wss://localhost:8081/app/app-key?protocol=7&client=js&version=8.4.0&flash=false' failed: Error in connection establishment: net::ERR_SSL_PROTOCOL_ERROR @ http://[::1]:5173/node_modules/.vite/deps/pusher-js.js?v=78e615f6:3255
[127059407ms] [ERROR] WebSocket connection to 'wss://localhost:8081/app/app-key?protocol=7&client=js&version=8.4.0&flash=false' failed: Error in connection establishment: net::ERR_SSL_PROTOCOL_ERROR @ http://[::1]:5173/node_modules/.vite/deps/pusher-js.js?v=78e615f6:3255
[127119413ms] [ERROR] WebSocket connection to 'wss://localhost:8081/app/app-key?protocol=7&client=js&version=8.4.0&flash=false' failed: Error in connection establishment: net::ERR_SSL_PROTOCOL_ERROR @ http://[::1]:5173/node_modules/.vite/deps/pusher-js.js?v=78e615f6:3255
[127179409ms] [ERROR] WebSocket connection to 'wss://localhost:8081/app/app-key?protocol=7&client=js&version=8.4.0&flash=false' failed: Error in connection establishment: net::ERR_SSL_PROTOCOL_ERROR @ http://[::1]:5173/node_modules/.vite/deps/pusher-js.js?v=78e615f6:3255
[127239407ms] [ERROR] WebSocket connection to 'wss://localhost:8081/app/app-key?protocol=7&client=js&version=8.4.0&flash=false' failed: Error in connection establishment: net::ERR_SSL_PROTOCOL_ERROR @ http://[::1]:5173/node_modules/.vite/deps/pusher-js.js?v=78e615f6:3255
[127299416ms] [ERROR] WebSocket connection to 'wss://localhost:8081/app/app-key?protocol=7&client=js&version=8.4.0&flash=false' failed: Error in connection establishment: net::ERR_SSL_PROTOCOL_ERROR @ http://[::1]:5173/node_modules/.vite/deps/pusher-js.js?v=78e615f6:3255
[127359415ms] [ERROR] WebSocket connection to 'wss://localhost:8081/app/app-key?protocol=7&client=js&version=8.4.0&flash=false' failed: Error in connection establishment: net::ERR_SSL_PROTOCOL_ERROR @ http://[::1]:5173/node_modules/.vite/deps/pusher-js.js?v=78e615f6:3255
[127419414ms] [ERROR] WebSocket connection to 'wss://localhost:8081/app/app-key?protocol=7&client=js&version=8.4.0&flash=false' failed: Error in connection establishment: net::ERR_SSL_PROTOCOL_ERROR @ http://[::1]:5173/node_modules/.vite/deps/pusher-js.js?v=78e615f6:3255
[127479417ms] [ERROR] WebSocket connection to 'wss://localhost:8081/app/app-key?protocol=7&client=js&version=8.4.0&flash=false' failed: Error in connection establishment: net::ERR_SSL_PROTOCOL_ERROR @ http://[::1]:5173/node_modules/.vite/deps/pusher-js.js?v=78e615f6:3255
[127539417ms] [ERROR] WebSocket connection to 'wss://localhost:8081/app/app-key?protocol=7&client=js&version=8.4.0&flash=false' failed: Error in connection establishment: net::ERR_SSL_PROTOCOL_ERROR @ http://[::1]:5173/node_modules/.vite/deps/pusher-js.js?v=78e615f6:3255
[127599420ms] [ERROR] WebSocket connection to 'wss://localhost:8081/app/app-key?protocol=7&client=js&version=8.4.0&flash=false' failed: Error in connection establishment: net::ERR_SSL_PROTOCOL_ERROR @ http://[::1]:5173/node_modules/.vite/deps/pusher-js.js?v=78e615f6:3255
[127659418ms] [ERROR] WebSocket connection to 'wss://localhost:8081/app/app-key?protocol=7&client=js&version=8.4.0&flash=false' failed: Error in connection establishment: net::ERR_SSL_PROTOCOL_ERROR @ http://[::1]:5173/node_modules/.vite/deps/pusher-js.js?v=78e615f6:3255
[127719430ms] [ERROR] WebSocket connection to 'wss://localhost:8081/app/app-key?protocol=7&client=js&version=8.4.0&flash=false' failed: Error in connection establishment: net::ERR_SSL_PROTOCOL_ERROR @ http://[::1]:5173/node_modules/.vite/deps/pusher-js.js?v=78e615f6:3255
[127779433ms] [ERROR] WebSocket connection to 'wss://localhost:8081/app/app-key?protocol=7&client=js&version=8.4.0&flash=false' failed: Error in connection establishment: net::ERR_SSL_PROTOCOL_ERROR @ http://[::1]:5173/node_modules/.vite/deps/pusher-js.js?v=78e615f6:3255
[127839436ms] [ERROR] WebSocket connection to 'wss://localhost:8081/app/app-key?protocol=7&client=js&version=8.4.0&flash=false' failed: Error in connection establishment: net::ERR_SSL_PROTOCOL_ERROR @ http://[::1]:5173/node_modules/.vite/deps/pusher-js.js?v=78e615f6:3255
[127899438ms] [ERROR] WebSocket connection to 'wss://localhost:8081/app/app-key?protocol=7&client=js&version=8.4.0&flash=false' failed: Error in connection establishment: net::ERR_SSL_PROTOCOL_ERROR @ http://[::1]:5173/node_modules/.vite/deps/pusher-js.js?v=78e615f6:3255
[127959442ms] [ERROR] WebSocket connection to 'wss://localhost:8081/app/app-key?protocol=7&client=js&version=8.4.0&flash=false' failed: Error in connection establishment: net::ERR_SSL_PROTOCOL_ERROR @ http://[::1]:5173/node_modules/.vite/deps/pusher-js.js?v=78e615f6:3255
[128019446ms] [ERROR] WebSocket connection to 'wss://localhost:8081/app/app-key?protocol=7&client=js&version=8.4.0&flash=false' failed: Error in connection establishment: net::ERR_SSL_PROTOCOL_ERROR @ http://[::1]:5173/node_modules/.vite/deps/pusher-js.js?v=78e615f6:3255
[128079451ms] [ERROR] WebSocket connection to 'wss://localhost:8081/app/app-key?protocol=7&client=js&version=8.4.0&flash=false' failed: Error in connection establishment: net::ERR_SSL_PROTOCOL_ERROR @ http://[::1]:5173/node_modules/.vite/deps/pusher-js.js?v=78e615f6:3255
[128139450ms] [ERROR] WebSocket connection to 'wss://localhost:8081/app/app-key?protocol=7&client=js&version=8.4.0&flash=false' failed: Error in connection establishment: net::ERR_SSL_PROTOCOL_ERROR @ http://[::1]:5173/node_modules/.vite/deps/pusher-js.js?v=78e615f6:3255
[128199458ms] [ERROR] WebSocket connection to 'wss://localhost:8081/app/app-key?protocol=7&client=js&version=8.4.0&flash=false' failed: Error in connection establishment: net::ERR_SSL_PROTOCOL_ERROR @ http://[::1]:5173/node_modules/.vite/deps/pusher-js.js?v=78e615f6:3255
[128259450ms] [ERROR] WebSocket connection to 'wss://localhost:8081/app/app-key?protocol=7&client=js&version=8.4.0&flash=false' failed: Error in connection establishment: net::ERR_SSL_PROTOCOL_ERROR @ http://[::1]:5173/node_modules/.vite/deps/pusher-js.js?v=78e615f6:3255
[128319461ms] [ERROR] WebSocket connection to 'wss://localhost:8081/app/app-key?protocol=7&client=js&version=8.4.0&flash=false' failed: Error in connection establishment: net::ERR_SSL_PROTOCOL_ERROR @ http://[::1]:5173/node_modules/.vite/deps/pusher-js.js?v=78e615f6:3255
[128379465ms] [ERROR] WebSocket connection to 'wss://localhost:8081/app/app-key?protocol=7&client=js&version=8.4.0&flash=false' failed: Error in connection establishment: net::ERR_SSL_PROTOCOL_ERROR @ http://[::1]:5173/node_modules/.vite/deps/pusher-js.js?v=78e615f6:3255
[128439467ms] [ERROR] WebSocket connection to 'wss://localhost:8081/app/app-key?protocol=7&client=js&version=8.4.0&flash=false' failed: Error in connection establishment: net::ERR_SSL_PROTOCOL_ERROR @ http://[::1]:5173/node_modules/.vite/deps/pusher-js.js?v=78e615f6:3255
[128499462ms] [ERROR] WebSocket connection to 'wss://localhost:8081/app/app-key?protocol=7&client=js&version=8.4.0&flash=false' failed: Error in connection establishment: net::ERR_SSL_PROTOCOL_ERROR @ http://[::1]:5173/node_modules/.vite/deps/pusher-js.js?v=78e615f6:3255
[128559479ms] [ERROR] WebSocket connection to 'wss://localhost:8081/app/app-key?protocol=7&client=js&version=8.4.0&flash=false' failed: Error in connection establishment: net::ERR_SSL_PROTOCOL_ERROR @ http://[::1]:5173/node_modules/.vite/deps/pusher-js.js?v=78e615f6:3255
[128619473ms] [ERROR] WebSocket connection to 'wss://localhost:8081/app/app-key?protocol=7&client=js&version=8.4.0&flash=false' failed: Error in connection establishment: net::ERR_SSL_PROTOCOL_ERROR @ http://[::1]:5173/node_modules/.vite/deps/pusher-js.js?v=78e615f6:3255
[128679484ms] [ERROR] WebSocket connection to 'wss://localhost:8081/app/app-key?protocol=7&client=js&version=8.4.0&flash=false' failed: Error in connection establishment: net::ERR_SSL_PROTOCOL_ERROR @ http://[::1]:5173/node_modules/.vite/deps/pusher-js.js?v=78e615f6:3255
[128739484ms] [ERROR] WebSocket connection to 'wss://localhost:8081/app/app-key?protocol=7&client=js&version=8.4.0&flash=false' failed: Error in connection establishment: net::ERR_SSL_PROTOCOL_ERROR @ http://[::1]:5173/node_modules/.vite/deps/pusher-js.js?v=78e615f6:3255
[128799486ms] [ERROR] WebSocket connection to 'wss://localhost:8081/app/app-key?protocol=7&client=js&version=8.4.0&flash=false' failed: Error in connection establishment: net::ERR_SSL_PROTOCOL_ERROR @ http://[::1]:5173/node_modules/.vite/deps/pusher-js.js?v=78e615f6:3255
[128859488ms] [ERROR] WebSocket connection to 'wss://localhost:8081/app/app-key?protocol=7&client=js&version=8.4.0&flash=false' failed: Error in connection establishment: net::ERR_SSL_PROTOCOL_ERROR @ http://[::1]:5173/node_modules/.vite/deps/pusher-js.js?v=78e615f6:3255
[128919493ms] [ERROR] WebSocket connection to 'wss://localhost:8081/app/app-key?protocol=7&client=js&version=8.4.0&flash=false' failed: Error in connection establishment: net::ERR_SSL_PROTOCOL_ERROR @ http://[::1]:5173/node_modules/.vite/deps/pusher-js.js?v=78e615f6:3255
[128979494ms] [ERROR] WebSocket connection to 'wss://localhost:8081/app/app-key?protocol=7&client=js&version=8.4.0&flash=false' failed: Error in connection establishment: net::ERR_SSL_PROTOCOL_ERROR @ http://[::1]:5173/node_modules/.vite/deps/pusher-js.js?v=78e615f6:3255
[129039499ms] [ERROR] WebSocket connection to 'wss://localhost:8081/app/app-key?protocol=7&client=js&version=8.4.0&flash=false' failed: Error in connection establishment: net::ERR_SSL_PROTOCOL_ERROR @ http://[::1]:5173/node_modules/.vite/deps/pusher-js.js?v=78e615f6:3255
[129099502ms] [ERROR] WebSocket connection to 'wss://localhost:8081/app/app-key?protocol=7&client=js&version=8.4.0&flash=false' failed: Error in connection establishment: net::ERR_SSL_PROTOCOL_ERROR @ http://[::1]:5173/node_modules/.vite/deps/pusher-js.js?v=78e615f6:3255
[129159505ms] [ERROR] WebSocket connection to 'wss://localhost:8081/app/app-key?protocol=7&client=js&version=8.4.0&flash=false' failed: Error in connection establishment: net::ERR_SSL_PROTOCOL_ERROR @ http://[::1]:5173/node_modules/.vite/deps/pusher-js.js?v=78e615f6:3255
[129219512ms] [ERROR] WebSocket connection to 'wss://localhost:8081/app/app-key?protocol=7&client=js&version=8.4.0&flash=false' failed: Error in connection establishment: net::ERR_SSL_PROTOCOL_ERROR @ http://[::1]:5173/node_modules/.vite/deps/pusher-js.js?v=78e615f6:3255
[129279507ms] [ERROR] WebSocket connection to 'wss://localhost:8081/app/app-key?protocol=7&client=js&version=8.4.0&flash=false' failed: Error in connection establishment: net::ERR_SSL_PROTOCOL_ERROR @ http://[::1]:5173/node_modules/.vite/deps/pusher-js.js?v=78e615f6:3255
[129339511ms] [ERROR] WebSocket connection to 'wss://localhost:8081/app/app-key?protocol=7&client=js&version=8.4.0&flash=false' failed: Error in connection establishment: net::ERR_SSL_PROTOCOL_ERROR @ http://[::1]:5173/node_modules/.vite/deps/pusher-js.js?v=78e615f6:3255
[129399518ms] [ERROR] WebSocket connection to 'wss://localhost:8081/app/app-key?protocol=7&client=js&version=8.4.0&flash=false' failed: Error in connection establishment: net::ERR_SSL_PROTOCOL_ERROR @ http://[::1]:5173/node_modules/.vite/deps/pusher-js.js?v=78e615f6:3255
[129459525ms] [ERROR] WebSocket connection to 'wss://localhost:8081/app/app-key?protocol=7&client=js&version=8.4.0&flash=false' failed: Error in connection establishment: net::ERR_SSL_PROTOCOL_ERROR @ http://[::1]:5173/node_modules/.vite/deps/pusher-js.js?v=78e615f6:3255
[129519527ms] [ERROR] WebSocket connection to 'wss://localhost:8081/app/app-key?protocol=7&client=js&version=8.4.0&flash=false' failed: Error in connection establishment: net::ERR_SSL_PROTOCOL_ERROR @ http://[::1]:5173/node_modules/.vite/deps/pusher-js.js?v=78e615f6:3255
[129579530ms] [ERROR] WebSocket connection to 'wss://localhost:8081/app/app-key?protocol=7&client=js&version=8.4.0&flash=false' failed: Error in connection establishment: net::ERR_SSL_PROTOCOL_ERROR @ http://[::1]:5173/node_modules/.vite/deps/pusher-js.js?v=78e615f6:3255
[129639529ms] [ERROR] WebSocket connection to 'wss://localhost:8081/app/app-key?protocol=7&client=js&version=8.4.0&flash=false' failed: Error in connection establishment: net::ERR_SSL_PROTOCOL_ERROR @ http://[::1]:5173/node_modules/.vite/deps/pusher-js.js?v=78e615f6:3255
[129699534ms] [ERROR] WebSocket connection to 'wss://localhost:8081/app/app-key?protocol=7&client=js&version=8.4.0&flash=false' failed: Error in connection establishment: net::ERR_SSL_PROTOCOL_ERROR @ http://[::1]:5173/node_modules/.vite/deps/pusher-js.js?v=78e615f6:3255
[129759542ms] [ERROR] WebSocket connection to 'wss://localhost:8081/app/app-key?protocol=7&client=js&version=8.4.0&flash=false' failed: Error in connection establishment: net::ERR_SSL_PROTOCOL_ERROR @ http://[::1]:5173/node_modules/.vite/deps/pusher-js.js?v=78e615f6:3255
[129819549ms] [ERROR] WebSocket connection to 'wss://localhost:8081/app/app-key?protocol=7&client=js&version=8.4.0&flash=false' failed: Error in connection establishment: net::ERR_SSL_PROTOCOL_ERROR @ http://[::1]:5173/node_modules/.vite/deps/pusher-js.js?v=78e615f6:3255
[129879547ms] [ERROR] WebSocket connection to 'wss://localhost:8081/app/app-key?protocol=7&client=js&version=8.4.0&flash=false' failed: Error in connection establishment: net::ERR_SSL_PROTOCOL_ERROR @ http://[::1]:5173/node_modules/.vite/deps/pusher-js.js?v=78e615f6:3255
[129939552ms] [ERROR] WebSocket connection to 'wss://localhost:8081/app/app-key?protocol=7&client=js&version=8.4.0&flash=false' failed: Error in connection establishment: net::ERR_SSL_PROTOCOL_ERROR @ http://[::1]:5173/node_modules/.vite/deps/pusher-js.js?v=78e615f6:3255
[129999552ms] [ERROR] WebSocket connection to 'wss://localhost:8081/app/app-key?protocol=7&client=js&version=8.4.0&flash=false' failed: Error in connection establishment: net::ERR_SSL_PROTOCOL_ERROR @ http://[::1]:5173/node_modules/.vite/deps/pusher-js.js?v=78e615f6:3255
[130059552ms] [ERROR] WebSocket connection to 'wss://localhost:8081/app/app-key?protocol=7&client=js&version=8.4.0&flash=false' failed: Error in connection establishment: net::ERR_SSL_PROTOCOL_ERROR @ http://[::1]:5173/node_modules/.vite/deps/pusher-js.js?v=78e615f6:3255
[130119570ms] [ERROR] WebSocket connection to 'wss://localhost:8081/app/app-key?protocol=7&client=js&version=8.4.0&flash=false' failed: Error in connection establishment: net::ERR_SSL_PROTOCOL_ERROR @ http://[::1]:5173/node_modules/.vite/deps/pusher-js.js?v=78e615f6:3255
[130179562ms] [ERROR] WebSocket connection to 'wss://localhost:8081/app/app-key?protocol=7&client=js&version=8.4.0&flash=false' failed: Error in connection establishment: net::ERR_SSL_PROTOCOL_ERROR @ http://[::1]:5173/node_modules/.vite/deps/pusher-js.js?v=78e615f6:3255
[130239564ms] [ERROR] WebSocket connection to 'wss://localhost:8081/app/app-key?protocol=7&client=js&version=8.4.0&flash=false' failed: Error in connection establishment: net::ERR_SSL_PROTOCOL_ERROR @ http://[::1]:5173/node_modules/.vite/deps/pusher-js.js?v=78e615f6:3255
[130299573ms] [ERROR] WebSocket connection to 'wss://localhost:8081/app/app-key?protocol=7&client=js&version=8.4.0&flash=false' failed: Error in connection establishment: net::ERR_SSL_PROTOCOL_ERROR @ http://[::1]:5173/node_modules/.vite/deps/pusher-js.js?v=78e615f6:3255
[130359569ms] [ERROR] WebSocket connection to 'wss://localhost:8081/app/app-key?protocol=7&client=js&version=8.4.0&flash=false' failed: Error in connection establishment: net::ERR_SSL_PROTOCOL_ERROR @ http://[::1]:5173/node_modules/.vite/deps/pusher-js.js?v=78e615f6:3255
[130419572ms] [ERROR] WebSocket connection to 'wss://localhost:8081/app/app-key?protocol=7&client=js&version=8.4.0&flash=false' failed: Error in connection establishment: net::ERR_SSL_PROTOCOL_ERROR @ http://[::1]:5173/node_modules/.vite/deps/pusher-js.js?v=78e615f6:3255
[130479569ms] [ERROR] WebSocket connection to 'wss://localhost:8081/app/app-key?protocol=7&client=js&version=8.4.0&flash=false' failed: Error in connection establishment: net::ERR_SSL_PROTOCOL_ERROR @ http://[::1]:5173/node_modules/.vite/deps/pusher-js.js?v=78e615f6:3255
[130539573ms] [ERROR] WebSocket connection to 'wss://localhost:8081/app/app-key?protocol=7&client=js&version=8.4.0&flash=false' failed: Error in connection establishment: net::ERR_SSL_PROTOCOL_ERROR @ http://[::1]:5173/node_modules/.vite/deps/pusher-js.js?v=78e615f6:3255
[130599580ms] [ERROR] WebSocket connection to 'wss://localhost:8081/app/app-key?protocol=7&client=js&version=8.4.0&flash=false' failed: Error in connection establishment: net::ERR_SSL_PROTOCOL_ERROR @ http://[::1]:5173/node_modules/.vite/deps/pusher-js.js?v=78e615f6:3255
[130659587ms] [ERROR] WebSocket connection to 'wss://localhost:8081/app/app-key?protocol=7&client=js&version=8.4.0&flash=false' failed: Error in connection establishment: net::ERR_SSL_PROTOCOL_ERROR @ http://[::1]:5173/node_modules/.vite/deps/pusher-js.js?v=78e615f6:3255
[130719587ms] [ERROR] WebSocket connection to 'wss://localhost:8081/app/app-key?protocol=7&client=js&version=8.4.0&flash=false' failed: Error in connection establishment: net::ERR_SSL_PROTOCOL_ERROR @ http://[::1]:5173/node_modules/.vite/deps/pusher-js.js?v=78e615f6:3255
[130779592ms] [ERROR] WebSocket connection to 'wss://localhost:8081/app/app-key?protocol=7&client=js&version=8.4.0&flash=false' failed: Error in connection establishment: net::ERR_SSL_PROTOCOL_ERROR @ http://[::1]:5173/node_modules/.vite/deps/pusher-js.js?v=78e615f6:3255
[130839593ms] [ERROR] WebSocket connection to 'wss://localhost:8081/app/app-key?protocol=7&client=js&version=8.4.0&flash=false' failed: Error in connection establishment: net::ERR_SSL_PROTOCOL_ERROR @ http://[::1]:5173/node_modules/.vite/deps/pusher-js.js?v=78e615f6:3255
[130899592ms] [ERROR] WebSocket connection to 'wss://localhost:8081/app/app-key?protocol=7&client=js&version=8.4.0&flash=false' failed: Error in connection establishment: net::ERR_SSL_PROTOCOL_ERROR @ http://[::1]:5173/node_modules/.vite/deps/pusher-js.js?v=78e615f6:3255
[130959599ms] [ERROR] WebSocket connection to 'wss://localhost:8081/app/app-key?protocol=7&client=js&version=8.4.0&flash=false' failed: Error in connection establishment: net::ERR_SSL_PROTOCOL_ERROR @ http://[::1]:5173/node_modules/.vite/deps/pusher-js.js?v=78e615f6:3255
[131019597ms] [ERROR] WebSocket connection to 'wss://localhost:8081/app/app-key?protocol=7&client=js&version=8.4.0&flash=false' failed: Error in connection establishment: net::ERR_SSL_PROTOCOL_ERROR @ http://[::1]:5173/node_modules/.vite/deps/pusher-js.js?v=78e615f6:3255
[131079597ms] [ERROR] WebSocket connection to 'wss://localhost:8081/app/app-key?protocol=7&client=js&version=8.4.0&flash=false' failed: Error in connection establishment: net::ERR_SSL_PROTOCOL_ERROR @ http://[::1]:5173/node_modules/.vite/deps/pusher-js.js?v=78e615f6:3255
[131139604ms] [ERROR] WebSocket connection to 'wss://localhost:8081/app/app-key?protocol=7&client=js&version=8.4.0&flash=false' failed: Error in connection establishment: net::ERR_SSL_PROTOCOL_ERROR @ http://[::1]:5173/node_modules/.vite/deps/pusher-js.js?v=78e615f6:3255
[131199609ms] [ERROR] WebSocket connection to 'wss://localhost:8081/app/app-key?protocol=7&client=js&version=8.4.0&flash=false' failed: Error in connection establishment: net::ERR_SSL_PROTOCOL_ERROR @ http://[::1]:5173/node_modules/.vite/deps/pusher-js.js?v=78e615f6:3255
[131259608ms] [ERROR] WebSocket connection to 'wss://localhost:8081/app/app-key?protocol=7&client=js&version=8.4.0&flash=false' failed: Error in connection establishment: net::ERR_SSL_PROTOCOL_ERROR @ http://[::1]:5173/node_modules/.vite/deps/pusher-js.js?v=78e615f6:3255
[131319608ms] [ERROR] WebSocket connection to 'wss://localhost:8081/app/app-key?protocol=7&client=js&version=8.4.0&flash=false' failed: Error in connection establishment: net::ERR_SSL_PROTOCOL_ERROR @ http://[::1]:5173/node_modules/.vite/deps/pusher-js.js?v=78e615f6:3255
[131379609ms] [ERROR] WebSocket connection to 'wss://localhost:8081/app/app-key?protocol=7&client=js&version=8.4.0&flash=false' failed: Error in connection establishment: net::ERR_SSL_PROTOCOL_ERROR @ http://[::1]:5173/node_modules/.vite/deps/pusher-js.js?v=78e615f6:3255
[131439614ms] [ERROR] WebSocket connection to 'wss://localhost:8081/app/app-key?protocol=7&client=js&version=8.4.0&flash=false' failed: Error in connection establishment: net::ERR_SSL_PROTOCOL_ERROR @ http://[::1]:5173/node_modules/.vite/deps/pusher-js.js?v=78e615f6:3255
[131499613ms] [ERROR] WebSocket connection to 'wss://localhost:8081/app/app-key?protocol=7&client=js&version=8.4.0&flash=false' failed: Error in connection establishment: net::ERR_SSL_PROTOCOL_ERROR @ http://[::1]:5173/node_modules/.vite/deps/pusher-js.js?v=78e615f6:3255
[131559618ms] [ERROR] WebSocket connection to 'wss://localhost:8081/app/app-key?protocol=7&client=js&version=8.4.0&flash=false' failed: Error in connection establishment: net::ERR_SSL_PROTOCOL_ERROR @ http://[::1]:5173/node_modules/.vite/deps/pusher-js.js?v=78e615f6:3255
[131619620ms] [ERROR] WebSocket connection to 'wss://localhost:8081/app/app-key?protocol=7&client=js&version=8.4.0&flash=false' failed: Error in connection establishment: net::ERR_SSL_PROTOCOL_ERROR @ http://[::1]:5173/node_modules/.vite/deps/pusher-js.js?v=78e615f6:3255
[131679645ms] [ERROR] WebSocket connection to 'wss://localhost:8081/app/app-key?protocol=7&client=js&version=8.4.0&flash=false' failed: Error in connection establishment: net::ERR_SSL_PROTOCOL_ERROR @ http://[::1]:5173/node_modules/.vite/deps/pusher-js.js?v=78e615f6:3255
[131739644ms] [ERROR] WebSocket connection to 'wss://localhost:8081/app/app-key?protocol=7&client=js&version=8.4.0&flash=false' failed: Error in connection establishment: net::ERR_SSL_PROTOCOL_ERROR @ http://[::1]:5173/node_modules/.vite/deps/pusher-js.js?v=78e615f6:3255
[131799648ms] [ERROR] WebSocket connection to 'wss://localhost:8081/app/app-key?protocol=7&client=js&version=8.4.0&flash=false' failed: Error in connection establishment: net::ERR_SSL_PROTOCOL_ERROR @ http://[::1]:5173/node_modules/.vite/deps/pusher-js.js?v=78e615f6:3255
[131859649ms] [ERROR] WebSocket connection to 'wss://localhost:8081/app/app-key?protocol=7&client=js&version=8.4.0&flash=false' failed: Error in connection establishment: net::ERR_SSL_PROTOCOL_ERROR @ http://[::1]:5173/node_modules/.vite/deps/pusher-js.js?v=78e615f6:3255
[131919654ms] [ERROR] WebSocket connection to 'wss://localhost:8081/app/app-key?protocol=7&client=js&version=8.4.0&flash=false' failed: Error in connection establishment: net::ERR_SSL_PROTOCOL_ERROR @ http://[::1]:5173/node_modules/.vite/deps/pusher-js.js?v=78e615f6:3255
[131979655ms] [ERROR] WebSocket connection to 'wss://localhost:8081/app/app-key?protocol=7&client=js&version=8.4.0&flash=false' failed: Error in connection establishment: net::ERR_SSL_PROTOCOL_ERROR @ http://[::1]:5173/node_modules/.vite/deps/pusher-js.js?v=78e615f6:3255
[132039658ms] [ERROR] WebSocket connection to 'wss://localhost:8081/app/app-key?protocol=7&client=js&version=8.4.0&flash=false' failed: Error in connection establishment: net::ERR_SSL_PROTOCOL_ERROR @ http://[::1]:5173/node_modules/.vite/deps/pusher-js.js?v=78e615f6:3255
[132099660ms] [ERROR] WebSocket connection to 'wss://localhost:8081/app/app-key?protocol=7&client=js&version=8.4.0&flash=false' failed: Error in connection establishment: net::ERR_SSL_PROTOCOL_ERROR @ http://[::1]:5173/node_modules/.vite/deps/pusher-js.js?v=78e615f6:3255
[132159665ms] [ERROR] WebSocket connection to 'wss://localhost:8081/app/app-key?protocol=7&client=js&version=8.4.0&flash=false' failed: Error in connection establishment: net::ERR_SSL_PROTOCOL_ERROR @ http://[::1]:5173/node_modules/.vite/deps/pusher-js.js?v=78e615f6:3255
[132219666ms] [ERROR] WebSocket connection to 'wss://localhost:8081/app/app-key?protocol=7&client=js&version=8.4.0&flash=false' failed: Error in connection establishment: net::ERR_SSL_PROTOCOL_ERROR @ http://[::1]:5173/node_modules/.vite/deps/pusher-js.js?v=78e615f6:3255
[132279664ms] [ERROR] WebSocket connection to 'wss://localhost:8081/app/app-key?protocol=7&client=js&version=8.4.0&flash=false' failed: Error in connection establishment: net::ERR_SSL_PROTOCOL_ERROR @ http://[::1]:5173/node_modules/.vite/deps/pusher-js.js?v=78e615f6:3255
[132339670ms] [ERROR] WebSocket connection to 'wss://localhost:8081/app/app-key?protocol=7&client=js&version=8.4.0&flash=false' failed: Error in connection establishment: net::ERR_SSL_PROTOCOL_ERROR @ http://[::1]:5173/node_modules/.vite/deps/pusher-js.js?v=78e615f6:3255
[132399670ms] [ERROR] WebSocket connection to 'wss://localhost:8081/app/app-key?protocol=7&client=js&version=8.4.0&flash=false' failed: Error in connection establishment: net::ERR_SSL_PROTOCOL_ERROR @ http://[::1]:5173/node_modules/.vite/deps/pusher-js.js?v=78e615f6:3255
[132459669ms] [ERROR] WebSocket connection to 'wss://localhost:8081/app/app-key?protocol=7&client=js&version=8.4.0&flash=false' failed: Error in connection establishment: net::ERR_SSL_PROTOCOL_ERROR @ http://[::1]:5173/node_modules/.vite/deps/pusher-js.js?v=78e615f6:3255
[132519674ms] [ERROR] WebSocket connection to 'wss://localhost:8081/app/app-key?protocol=7&client=js&version=8.4.0&flash=false' failed: Error in connection establishment: net::ERR_SSL_PROTOCOL_ERROR @ http://[::1]:5173/node_modules/.vite/deps/pusher-js.js?v=78e615f6:3255
[132579675ms] [ERROR] WebSocket connection to 'wss://localhost:8081/app/app-key?protocol=7&client=js&version=8.4.0&flash=false' failed: Error in connection establishment: net::ERR_SSL_PROTOCOL_ERROR @ http://[::1]:5173/node_modules/.vite/deps/pusher-js.js?v=78e615f6:3255
[132639685ms] [ERROR] WebSocket connection to 'wss://localhost:8081/app/app-key?protocol=7&client=js&version=8.4.0&flash=false' failed: Error in connection establishment: net::ERR_SSL_PROTOCOL_ERROR @ http://[::1]:5173/node_modules/.vite/deps/pusher-js.js?v=78e615f6:3255
[132699685ms] [ERROR] WebSocket connection to 'wss://localhost:8081/app/app-key?protocol=7&client=js&version=8.4.0&flash=false' failed: Error in connection establishment: net::ERR_SSL_PROTOCOL_ERROR @ http://[::1]:5173/node_modules/.vite/deps/pusher-js.js?v=78e615f6:3255
[132759688ms] [ERROR] WebSocket connection to 'wss://localhost:8081/app/app-key?protocol=7&client=js&version=8.4.0&flash=false' failed: Error in connection establishment: net::ERR_SSL_PROTOCOL_ERROR @ http://[::1]:5173/node_modules/.vite/deps/pusher-js.js?v=78e615f6:3255
[132819690ms] [ERROR] WebSocket connection to 'wss://localhost:8081/app/app-key?protocol=7&client=js&version=8.4.0&flash=false' failed: Error in connection establishment: net::ERR_SSL_PROTOCOL_ERROR @ http://[::1]:5173/node_modules/.vite/deps/pusher-js.js?v=78e615f6:3255
[132879690ms] [ERROR] WebSocket connection to 'wss://localhost:8081/app/app-key?protocol=7&client=js&version=8.4.0&flash=false' failed: Error in connection establishment: net::ERR_SSL_PROTOCOL_ERROR @ http://[::1]:5173/node_modules/.vite/deps/pusher-js.js?v=78e615f6:3255
[132939691ms] [ERROR] WebSocket connection to 'wss://localhost:8081/app/app-key?protocol=7&client=js&version=8.4.0&flash=false' failed: Error in connection establishment: net::ERR_SSL_PROTOCOL_ERROR @ http://[::1]:5173/node_modules/.vite/deps/pusher-js.js?v=78e615f6:3255
[132999692ms] [ERROR] WebSocket connection to 'wss://localhost:8081/app/app-key?protocol=7&client=js&version=8.4.0&flash=false' failed: Error in connection establishment: net::ERR_SSL_PROTOCOL_ERROR @ http://[::1]:5173/node_modules/.vite/deps/pusher-js.js?v=78e615f6:3255
[133059696ms] [ERROR] WebSocket connection to 'wss://localhost:8081/app/app-key?protocol=7&client=js&version=8.4.0&flash=false' failed: Error in connection establishment: net::ERR_SSL_PROTOCOL_ERROR @ http://[::1]:5173/node_modules/.vite/deps/pusher-js.js?v=78e615f6:3255
[133119698ms] [ERROR] WebSocket connection to 'wss://localhost:8081/app/app-key?protocol=7&client=js&version=8.4.0&flash=false' failed: Error in connection establishment: net::ERR_SSL_PROTOCOL_ERROR @ http://[::1]:5173/node_modules/.vite/deps/pusher-js.js?v=78e615f6:3255
[133179703ms] [ERROR] WebSocket connection to 'wss://localhost:8081/app/app-key?protocol=7&client=js&version=8.4.0&flash=false' failed: Error in connection establishment: net::ERR_SSL_PROTOCOL_ERROR @ http://[::1]:5173/node_modules/.vite/deps/pusher-js.js?v=78e615f6:3255
[133239704ms] [ERROR] WebSocket connection to 'wss://localhost:8081/app/app-key?protocol=7&client=js&version=8.4.0&flash=false' failed: Error in connection establishment: net::ERR_SSL_PROTOCOL_ERROR @ http://[::1]:5173/node_modules/.vite/deps/pusher-js.js?v=78e615f6:3255
[133299713ms] [ERROR] WebSocket connection to 'wss://localhost:8081/app/app-key?protocol=7&client=js&version=8.4.0&flash=false' failed: Error in connection establishment: net::ERR_SSL_PROTOCOL_ERROR @ http://[::1]:5173/node_modules/.vite/deps/pusher-js.js?v=78e615f6:3255
[133359711ms] [ERROR] WebSocket connection to 'wss://localhost:8081/app/app-key?protocol=7&client=js&version=8.4.0&flash=false' failed: Error in connection establishment: net::ERR_SSL_PROTOCOL_ERROR @ http://[::1]:5173/node_modules/.vite/deps/pusher-js.js?v=78e615f6:3255
[133419712ms] [ERROR] WebSocket connection to 'wss://localhost:8081/app/app-key?protocol=7&client=js&version=8.4.0&flash=false' failed: Error in connection establishment: net::ERR_SSL_PROTOCOL_ERROR @ http://[::1]:5173/node_modules/.vite/deps/pusher-js.js?v=78e615f6:3255
[133479714ms] [ERROR] WebSocket connection to 'wss://localhost:8081/app/app-key?protocol=7&client=js&version=8.4.0&flash=false' failed: Error in connection establishment: net::ERR_SSL_PROTOCOL_ERROR @ http://[::1]:5173/node_modules/.vite/deps/pusher-js.js?v=78e615f6:3255
[133539721ms] [ERROR] WebSocket connection to 'wss://localhost:8081/app/app-key?protocol=7&client=js&version=8.4.0&flash=false' failed: Error in connection establishment: net::ERR_SSL_PROTOCOL_ERROR @ http://[::1]:5173/node_modules/.vite/deps/pusher-js.js?v=78e615f6:3255
[133599697ms] [ERROR] WebSocket connection to 'wss://localhost:8081/app/app-key?protocol=7&client=js&version=8.4.0&flash=false' failed: Error in connection establishment: net::ERR_SSL_PROTOCOL_ERROR @ http://[::1]:5173/node_modules/.vite/deps/pusher-js.js?v=78e615f6:3255
[133659685ms] [ERROR] WebSocket connection to 'wss://localhost:8081/app/app-key?protocol=7&client=js&version=8.4.0&flash=false' failed: Error in connection establishment: net::ERR_SSL_PROTOCOL_ERROR @ http://[::1]:5173/node_modules/.vite/deps/pusher-js.js?v=78e615f6:3255
[133719687ms] [ERROR] WebSocket connection to 'wss://localhost:8081/app/app-key?protocol=7&client=js&version=8.4.0&flash=false' failed: Error in connection establishment: net::ERR_SSL_PROTOCOL_ERROR @ http://[::1]:5173/node_modules/.vite/deps/pusher-js.js?v=78e615f6:3255
[133779687ms] [ERROR] WebSocket connection to 'wss://localhost:8081/app/app-key?protocol=7&client=js&version=8.4.0&flash=false' failed: Error in connection establishment: net::ERR_SSL_PROTOCOL_ERROR @ http://[::1]:5173/node_modules/.vite/deps/pusher-js.js?v=78e615f6:3255
[133839687ms] [ERROR] WebSocket connection to 'wss://localhost:8081/app/app-key?protocol=7&client=js&version=8.4.0&flash=false' failed: Error in connection establishment: net::ERR_SSL_PROTOCOL_ERROR @ http://[::1]:5173/node_modules/.vite/deps/pusher-js.js?v=78e615f6:3255
[133899694ms] [ERROR] WebSocket connection to 'wss://localhost:8081/app/app-key?protocol=7&client=js&version=8.4.0&flash=false' failed: Error in connection establishment: net::ERR_SSL_PROTOCOL_ERROR @ http://[::1]:5173/node_modules/.vite/deps/pusher-js.js?v=78e615f6:3255
[133959693ms] [ERROR] WebSocket connection to 'wss://localhost:8081/app/app-key?protocol=7&client=js&version=8.4.0&flash=false' failed: Error in connection establishment: net::ERR_SSL_PROTOCOL_ERROR @ http://[::1]:5173/node_modules/.vite/deps/pusher-js.js?v=78e615f6:3255
[134019697ms] [ERROR] WebSocket connection to 'wss://localhost:8081/app/app-key?protocol=7&client=js&version=8.4.0&flash=false' failed: Error in connection establishment: net::ERR_SSL_PROTOCOL_ERROR @ http://[::1]:5173/node_modules/.vite/deps/pusher-js.js?v=78e615f6:3255
[134079699ms] [ERROR] WebSocket connection to 'wss://localhost:8081/app/app-key?protocol=7&client=js&version=8.4.0&flash=false' failed: Error in connection establishment: net::ERR_SSL_PROTOCOL_ERROR @ http://[::1]:5173/node_modules/.vite/deps/pusher-js.js?v=78e615f6:3255
[134139701ms] [ERROR] WebSocket connection to 'wss://localhost:8081/app/app-key?protocol=7&client=js&version=8.4.0&flash=false' failed: Error in connection establishment: net::ERR_SSL_PROTOCOL_ERROR @ http://[::1]:5173/node_modules/.vite/deps/pusher-js.js?v=78e615f6:3255
[134199712ms] [ERROR] WebSocket connection to 'wss://localhost:8081/app/app-key?protocol=7&client=js&version=8.4.0&flash=false' failed: Error in connection establishment: net::ERR_SSL_PROTOCOL_ERROR @ http://[::1]:5173/node_modules/.vite/deps/pusher-js.js?v=78e615f6:3255
[134259699ms] [ERROR] WebSocket connection to 'wss://localhost:8081/app/app-key?protocol=7&client=js&version=8.4.0&flash=false' failed: Error in connection establishment: net::ERR_SSL_PROTOCOL_ERROR @ http://[::1]:5173/node_modules/.vite/deps/pusher-js.js?v=78e615f6:3255
[134319706ms] [ERROR] WebSocket connection to 'wss://localhost:8081/app/app-key?protocol=7&client=js&version=8.4.0&flash=false' failed: Error in connection establishment: net::ERR_SSL_PROTOCOL_ERROR @ http://[::1]:5173/node_modules/.vite/deps/pusher-js.js?v=78e615f6:3255
[134379713ms] [ERROR] WebSocket connection to 'wss://localhost:8081/app/app-key?protocol=7&client=js&version=8.4.0&flash=false' failed: Error in connection establishment: net::ERR_SSL_PROTOCOL_ERROR @ http://[::1]:5173/node_modules/.vite/deps/pusher-js.js?v=78e615f6:3255
[134439701ms] [ERROR] WebSocket connection to 'wss://localhost:8081/app/app-key?protocol=7&client=js&version=8.4.0&flash=false' failed: Error in connection establishment: net::ERR_SSL_PROTOCOL_ERROR @ http://[::1]:5173/node_modules/.vite/deps/pusher-js.js?v=78e615f6:3255
[134499709ms] [ERROR] WebSocket connection to 'wss://localhost:8081/app/app-key?protocol=7&client=js&version=8.4.0&flash=false' failed: Error in connection establishment: net::ERR_SSL_PROTOCOL_ERROR @ http://[::1]:5173/node_modules/.vite/deps/pusher-js.js?v=78e615f6:3255
[134559709ms] [ERROR] WebSocket connection to 'wss://localhost:8081/app/app-key?protocol=7&client=js&version=8.4.0&flash=false' failed: Error in connection establishment: net::ERR_SSL_PROTOCOL_ERROR @ http://[::1]:5173/node_modules/.vite/deps/pusher-js.js?v=78e615f6:3255
[134619714ms] [ERROR] WebSocket connection to 'wss://localhost:8081/app/app-key?protocol=7&client=js&version=8.4.0&flash=false' failed: Error in connection establishment: net::ERR_SSL_PROTOCOL_ERROR @ http://[::1]:5173/node_modules/.vite/deps/pusher-js.js?v=78e615f6:3255
[134679716ms] [ERROR] WebSocket connection to 'wss://localhost:8081/app/app-key?protocol=7&client=js&version=8.4.0&flash=false' failed: Error in connection establishment: net::ERR_SSL_PROTOCOL_ERROR @ http://[::1]:5173/node_modules/.vite/deps/pusher-js.js?v=78e615f6:3255
[134739719ms] [ERROR] WebSocket connection to 'wss://localhost:8081/app/app-key?protocol=7&client=js&version=8.4.0&flash=false' failed: Error in connection establishment: net::ERR_SSL_PROTOCOL_ERROR @ http://[::1]:5173/node_modules/.vite/deps/pusher-js.js?v=78e615f6:3255
[134799713ms] [ERROR] WebSocket connection to 'wss://localhost:8081/app/app-key?protocol=7&client=js&version=8.4.0&flash=false' failed: Error in connection establishment: net::ERR_SSL_PROTOCOL_ERROR @ http://[::1]:5173/node_modules/.vite/deps/pusher-js.js?v=78e615f6:3255
[134859719ms] [ERROR] WebSocket connection to 'wss://localhost:8081/app/app-key?protocol=7&client=js&version=8.4.0&flash=false' failed: Error in connection establishment: net::ERR_SSL_PROTOCOL_ERROR @ http://[::1]:5173/node_modules/.vite/deps/pusher-js.js?v=78e615f6:3255
[134919726ms] [ERROR] WebSocket connection to 'wss://localhost:8081/app/app-key?protocol=7&client=js&version=8.4.0&flash=false' failed: Error in connection establishment: net::ERR_SSL_PROTOCOL_ERROR @ http://[::1]:5173/node_modules/.vite/deps/pusher-js.js?v=78e615f6:3255
[134979719ms] [ERROR] WebSocket connection to 'wss://localhost:8081/app/app-key?protocol=7&client=js&version=8.4.0&flash=false' failed: Error in connection establishment: net::ERR_SSL_PROTOCOL_ERROR @ http://[::1]:5173/node_modules/.vite/deps/pusher-js.js?v=78e615f6:3255
[135039727ms] [ERROR] WebSocket connection to 'wss://localhost:8081/app/app-key?protocol=7&client=js&version=8.4.0&flash=false' failed: Error in connection establishment: net::ERR_SSL_PROTOCOL_ERROR @ http://[::1]:5173/node_modules/.vite/deps/pusher-js.js?v=78e615f6:3255
[135099725ms] [ERROR] WebSocket connection to 'wss://localhost:8081/app/app-key?protocol=7&client=js&version=8.4.0&flash=false' failed: Error in connection establishment: net::ERR_SSL_PROTOCOL_ERROR @ http://[::1]:5173/node_modules/.vite/deps/pusher-js.js?v=78e615f6:3255
[135159732ms] [ERROR] WebSocket connection to 'wss://localhost:8081/app/app-key?protocol=7&client=js&version=8.4.0&flash=false' failed: Error in connection establishment: net::ERR_SSL_PROTOCOL_ERROR @ http://[::1]:5173/node_modules/.vite/deps/pusher-js.js?v=78e615f6:3255
[135219730ms] [ERROR] WebSocket connection to 'wss://localhost:8081/app/app-key?protocol=7&client=js&version=8.4.0&flash=false' failed: Error in connection establishment: net::ERR_SSL_PROTOCOL_ERROR @ http://[::1]:5173/node_modules/.vite/deps/pusher-js.js?v=78e615f6:3255
[135279726ms] [ERROR] WebSocket connection to 'wss://localhost:8081/app/app-key?protocol=7&client=js&version=8.4.0&flash=false' failed: Error in connection establishment: net::ERR_SSL_PROTOCOL_ERROR @ http://[::1]:5173/node_modules/.vite/deps/pusher-js.js?v=78e615f6:3255
[135339734ms] [ERROR] WebSocket connection to 'wss://localhost:8081/app/app-key?protocol=7&client=js&version=8.4.0&flash=false' failed: Error in connection establishment: net::ERR_SSL_PROTOCOL_ERROR @ http://[::1]:5173/node_modules/.vite/deps/pusher-js.js?v=78e615f6:3255
[135399736ms] [ERROR] WebSocket connection to 'wss://localhost:8081/app/app-key?protocol=7&client=js&version=8.4.0&flash=false' failed: Error in connection establishment: net::ERR_SSL_PROTOCOL_ERROR @ http://[::1]:5173/node_modules/.vite/deps/pusher-js.js?v=78e615f6:3255
[135459740ms] [ERROR] WebSocket connection to 'wss://localhost:8081/app/app-key?protocol=7&client=js&version=8.4.0&flash=false' failed: Error in connection establishment: net::ERR_SSL_PROTOCOL_ERROR @ http://[::1]:5173/node_modules/.vite/deps/pusher-js.js?v=78e615f6:3255
[135519740ms] [ERROR] WebSocket connection to 'wss://localhost:8081/app/app-key?protocol=7&client=js&version=8.4.0&flash=false' failed: Error in connection establishment: net::ERR_SSL_PROTOCOL_ERROR @ http://[::1]:5173/node_modules/.vite/deps/pusher-js.js?v=78e615f6:3255
[135579739ms] [ERROR] WebSocket connection to 'wss://localhost:8081/app/app-key?protocol=7&client=js&version=8.4.0&flash=false' failed: Error in connection establishment: net::ERR_SSL_PROTOCOL_ERROR @ http://[::1]:5173/node_modules/.vite/deps/pusher-js.js?v=78e615f6:3255
[135639744ms] [ERROR] WebSocket connection to 'wss://localhost:8081/app/app-key?protocol=7&client=js&version=8.4.0&flash=false' failed: Error in connection establishment: net::ERR_SSL_PROTOCOL_ERROR @ http://[::1]:5173/node_modules/.vite/deps/pusher-js.js?v=78e615f6:3255
[135699742ms] [ERROR] WebSocket connection to 'wss://localhost:8081/app/app-key?protocol=7&client=js&version=8.4.0&flash=false' failed: Error in connection establishment: net::ERR_SSL_PROTOCOL_ERROR @ http://[::1]:5173/node_modules/.vite/deps/pusher-js.js?v=78e615f6:3255
[135759746ms] [ERROR] WebSocket connection to 'wss://localhost:8081/app/app-key?protocol=7&client=js&version=8.4.0&flash=false' failed: Error in connection establishment: net::ERR_SSL_PROTOCOL_ERROR @ http://[::1]:5173/node_modules/.vite/deps/pusher-js.js?v=78e615f6:3255
[135819748ms] [ERROR] WebSocket connection to 'wss://localhost:8081/app/app-key?protocol=7&client=js&version=8.4.0&flash=false' failed: Error in connection establishment: net::ERR_SSL_PROTOCOL_ERROR @ http://[::1]:5173/node_modules/.vite/deps/pusher-js.js?v=78e615f6:3255
[135879748ms] [ERROR] WebSocket connection to 'wss://localhost:8081/app/app-key?protocol=7&client=js&version=8.4.0&flash=false' failed: Error in connection establishment: net::ERR_SSL_PROTOCOL_ERROR @ http://[::1]:5173/node_modules/.vite/deps/pusher-js.js?v=78e615f6:3255
[135939753ms] [ERROR] WebSocket connection to 'wss://localhost:8081/app/app-key?protocol=7&client=js&version=8.4.0&flash=false' failed: Error in connection establishment: net::ERR_SSL_PROTOCOL_ERROR @ http://[::1]:5173/node_modules/.vite/deps/pusher-js.js?v=78e615f6:3255
[135999753ms] [ERROR] WebSocket connection to 'wss://localhost:8081/app/app-key?protocol=7&client=js&version=8.4.0&flash=false' failed: Error in connection establishment: net::ERR_SSL_PROTOCOL_ERROR @ http://[::1]:5173/node_modules/.vite/deps/pusher-js.js?v=78e615f6:3255
[136059750ms] [ERROR] WebSocket connection to 'wss://localhost:8081/app/app-key?protocol=7&client=js&version=8.4.0&flash=false' failed: Error in connection establishment: net::ERR_SSL_PROTOCOL_ERROR @ http://[::1]:5173/node_modules/.vite/deps/pusher-js.js?v=78e615f6:3255
[136119758ms] [ERROR] WebSocket connection to 'wss://localhost:8081/app/app-key?protocol=7&client=js&version=8.4.0&flash=false' failed: Error in connection establishment: net::ERR_SSL_PROTOCOL_ERROR @ http://[::1]:5173/node_modules/.vite/deps/pusher-js.js?v=78e615f6:3255
[136179759ms] [ERROR] WebSocket connection to 'wss://localhost:8081/app/app-key?protocol=7&client=js&version=8.4.0&flash=false' failed: Error in connection establishment: net::ERR_SSL_PROTOCOL_ERROR @ http://[::1]:5173/node_modules/.vite/deps/pusher-js.js?v=78e615f6:3255
[136239768ms] [ERROR] WebSocket connection to 'wss://localhost:8081/app/app-key?protocol=7&client=js&version=8.4.0&flash=false' failed: Error in connection establishment: net::ERR_SSL_PROTOCOL_ERROR @ http://[::1]:5173/node_modules/.vite/deps/pusher-js.js?v=78e615f6:3255
[136299765ms] [ERROR] WebSocket connection to 'wss://localhost:8081/app/app-key?protocol=7&client=js&version=8.4.0&flash=false' failed: Error in connection establishment: net::ERR_SSL_PROTOCOL_ERROR @ http://[::1]:5173/node_modules/.vite/deps/pusher-js.js?v=78e615f6:3255
[136359766ms] [ERROR] WebSocket connection to 'wss://localhost:8081/app/app-key?protocol=7&client=js&version=8.4.0&flash=false' failed: Error in connection establishment: net::ERR_SSL_PROTOCOL_ERROR @ http://[::1]:5173/node_modules/.vite/deps/pusher-js.js?v=78e615f6:3255
[136419769ms] [ERROR] WebSocket connection to 'wss://localhost:8081/app/app-key?protocol=7&client=js&version=8.4.0&flash=false' failed: Error in connection establishment: net::ERR_SSL_PROTOCOL_ERROR @ http://[::1]:5173/node_modules/.vite/deps/pusher-js.js?v=78e615f6:3255
[136479771ms] [ERROR] WebSocket connection to 'wss://localhost:8081/app/app-key?protocol=7&client=js&version=8.4.0&flash=false' failed: Error in connection establishment: net::ERR_SSL_PROTOCOL_ERROR @ http://[::1]:5173/node_modules/.vite/deps/pusher-js.js?v=78e615f6:3255
[136539768ms] [ERROR] WebSocket connection to 'wss://localhost:8081/app/app-key?protocol=7&client=js&version=8.4.0&flash=false' failed: Error in connection establishment: net::ERR_SSL_PROTOCOL_ERROR @ http://[::1]:5173/node_modules/.vite/deps/pusher-js.js?v=78e615f6:3255
[136599769ms] [ERROR] WebSocket connection to 'wss://localhost:8081/app/app-key?protocol=7&client=js&version=8.4.0&flash=false' failed: Error in connection establishment: net::ERR_SSL_PROTOCOL_ERROR @ http://[::1]:5173/node_modules/.vite/deps/pusher-js.js?v=78e615f6:3255
[136659775ms] [ERROR] WebSocket connection to 'wss://localhost:8081/app/app-key?protocol=7&client=js&version=8.4.0&flash=false' failed: Error in connection establishment: net::ERR_SSL_PROTOCOL_ERROR @ http://[::1]:5173/node_modules/.vite/deps/pusher-js.js?v=78e615f6:3255
[136719773ms] [ERROR] WebSocket connection to 'wss://localhost:8081/app/app-key?protocol=7&client=js&version=8.4.0&flash=false' failed: Error in connection establishment: net::ERR_SSL_PROTOCOL_ERROR @ http://[::1]:5173/node_modules/.vite/deps/pusher-js.js?v=78e615f6:3255
[136779779ms] [ERROR] WebSocket connection to 'wss://localhost:8081/app/app-key?protocol=7&client=js&version=8.4.0&flash=false' failed: Error in connection establishment: net::ERR_SSL_PROTOCOL_ERROR @ http://[::1]:5173/node_modules/.vite/deps/pusher-js.js?v=78e615f6:3255
[136839783ms] [ERROR] WebSocket connection to 'wss://localhost:8081/app/app-key?protocol=7&client=js&version=8.4.0&flash=false' failed: Error in connection establishment: net::ERR_SSL_PROTOCOL_ERROR @ http://[::1]:5173/node_modules/.vite/deps/pusher-js.js?v=78e615f6:3255
[136899779ms] [ERROR] WebSocket connection to 'wss://localhost:8081/app/app-key?protocol=7&client=js&version=8.4.0&flash=false' failed: Error in connection establishment: net::ERR_SSL_PROTOCOL_ERROR @ http://[::1]:5173/node_modules/.vite/deps/pusher-js.js?v=78e615f6:3255
[136959783ms] [ERROR] WebSocket connection to 'wss://localhost:8081/app/app-key?protocol=7&client=js&version=8.4.0&flash=false' failed: Error in connection establishment: net::ERR_SSL_PROTOCOL_ERROR @ http://[::1]:5173/node_modules/.vite/deps/pusher-js.js?v=78e615f6:3255
[137019792ms] [ERROR] WebSocket connection to 'wss://localhost:8081/app/app-key?protocol=7&client=js&version=8.4.0&flash=false' failed: Error in connection establishment: net::ERR_SSL_PROTOCOL_ERROR @ http://[::1]:5173/node_modules/.vite/deps/pusher-js.js?v=78e615f6:3255
[137079793ms] [ERROR] WebSocket connection to 'wss://localhost:8081/app/app-key?protocol=7&client=js&version=8.4.0&flash=false' failed: Error in connection establishment: net::ERR_SSL_PROTOCOL_ERROR @ http://[::1]:5173/node_modules/.vite/deps/pusher-js.js?v=78e615f6:3255
[137139799ms] [ERROR] WebSocket connection to 'wss://localhost:8081/app/app-key?protocol=7&client=js&version=8.4.0&flash=false' failed: Error in connection establishment: net::ERR_SSL_PROTOCOL_ERROR @ http://[::1]:5173/node_modules/.vite/deps/pusher-js.js?v=78e615f6:3255
[137199786ms] [ERROR] WebSocket connection to 'wss://localhost:8081/app/app-key?protocol=7&client=js&version=8.4.0&flash=false' failed: Error in connection establishment: net::ERR_SSL_PROTOCOL_ERROR @ http://[::1]:5173/node_modules/.vite/deps/pusher-js.js?v=78e615f6:3255
[137259789ms] [ERROR] WebSocket connection to 'wss://localhost:8081/app/app-key?protocol=7&client=js&version=8.4.0&flash=false' failed: Error in connection establishment: net::ERR_SSL_PROTOCOL_ERROR @ http://[::1]:5173/node_modules/.vite/deps/pusher-js.js?v=78e615f6:3255
[137319793ms] [ERROR] WebSocket connection to 'wss://localhost:8081/app/app-key?protocol=7&client=js&version=8.4.0&flash=false' failed: Error in connection establishment: net::ERR_SSL_PROTOCOL_ERROR @ http://[::1]:5173/node_modules/.vite/deps/pusher-js.js?v=78e615f6:3255
[137379790ms] [ERROR] WebSocket connection to 'wss://localhost:8081/app/app-key?protocol=7&client=js&version=8.4.0&flash=false' failed: Error in connection establishment: net::ERR_SSL_PROTOCOL_ERROR @ http://[::1]:5173/node_modules/.vite/deps/pusher-js.js?v=78e615f6:3255
[137439797ms] [ERROR] WebSocket connection to 'wss://localhost:8081/app/app-key?protocol=7&client=js&version=8.4.0&flash=false' failed: Error in connection establishment: net::ERR_SSL_PROTOCOL_ERROR @ http://[::1]:5173/node_modules/.vite/deps/pusher-js.js?v=78e615f6:3255
[137499797ms] [ERROR] WebSocket connection to 'wss://localhost:8081/app/app-key?protocol=7&client=js&version=8.4.0&flash=false' failed: Error in connection establishment: net::ERR_SSL_PROTOCOL_ERROR @ http://[::1]:5173/node_modules/.vite/deps/pusher-js.js?v=78e615f6:3255
[137559811ms] [ERROR] WebSocket connection to 'wss://localhost:8081/app/app-key?protocol=7&client=js&version=8.4.0&flash=false' failed: Error in connection establishment: net::ERR_SSL_PROTOCOL_ERROR @ http://[::1]:5173/node_modules/.vite/deps/pusher-js.js?v=78e615f6:3255
[137619813ms] [ERROR] WebSocket connection to 'wss://localhost:8081/app/app-key?protocol=7&client=js&version=8.4.0&flash=false' failed: Error in connection establishment: net::ERR_SSL_PROTOCOL_ERROR @ http://[::1]:5173/node_modules/.vite/deps/pusher-js.js?v=78e615f6:3255
[137679822ms] [ERROR] WebSocket connection to 'wss://localhost:8081/app/app-key?protocol=7&client=js&version=8.4.0&flash=false' failed: Error in connection establishment: net::ERR_SSL_PROTOCOL_ERROR @ http://[::1]:5173/node_modules/.vite/deps/pusher-js.js?v=78e615f6:3255
[137739820ms] [ERROR] WebSocket connection to 'wss://localhost:8081/app/app-key?protocol=7&client=js&version=8.4.0&flash=false' failed: Error in connection establishment: net::ERR_SSL_PROTOCOL_ERROR @ http://[::1]:5173/node_modules/.vite/deps/pusher-js.js?v=78e615f6:3255
[137799828ms] [ERROR] WebSocket connection to 'wss://localhost:8081/app/app-key?protocol=7&client=js&version=8.4.0&flash=false' failed: Error in connection establishment: net::ERR_SSL_PROTOCOL_ERROR @ http://[::1]:5173/node_modules/.vite/deps/pusher-js.js?v=78e615f6:3255
[137859819ms] [ERROR] WebSocket connection to 'wss://localhost:8081/app/app-key?protocol=7&client=js&version=8.4.0&flash=false' failed: Error in connection establishment: net::ERR_SSL_PROTOCOL_ERROR @ http://[::1]:5173/node_modules/.vite/deps/pusher-js.js?v=78e615f6:3255
[137919821ms] [ERROR] WebSocket connection to 'wss://localhost:8081/app/app-key?protocol=7&client=js&version=8.4.0&flash=false' failed: Error in connection establishment: net::ERR_SSL_PROTOCOL_ERROR @ http://[::1]:5173/node_modules/.vite/deps/pusher-js.js?v=78e615f6:3255
[137979823ms] [ERROR] WebSocket connection to 'wss://localhost:8081/app/app-key?protocol=7&client=js&version=8.4.0&flash=false' failed: Error in connection establishment: net::ERR_SSL_PROTOCOL_ERROR @ http://[::1]:5173/node_modules/.vite/deps/pusher-js.js?v=78e615f6:3255
[138039827ms] [ERROR] WebSocket connection to 'wss://localhost:8081/app/app-key?protocol=7&client=js&version=8.4.0&flash=false' failed: Error in connection establishment: net::ERR_SSL_PROTOCOL_ERROR @ http://[::1]:5173/node_modules/.vite/deps/pusher-js.js?v=78e615f6:3255
[138099831ms] [ERROR] WebSocket connection to 'wss://localhost:8081/app/app-key?protocol=7&client=js&version=8.4.0&flash=false' failed: Error in connection establishment: net::ERR_SSL_PROTOCOL_ERROR @ http://[::1]:5173/node_modules/.vite/deps/pusher-js.js?v=78e615f6:3255
[138159832ms] [ERROR] WebSocket connection to 'wss://localhost:8081/app/app-key?protocol=7&client=js&version=8.4.0&flash=false' failed: Error in connection establishment: net::ERR_SSL_PROTOCOL_ERROR @ http://[::1]:5173/node_modules/.vite/deps/pusher-js.js?v=78e615f6:3255
[138219840ms] [ERROR] WebSocket connection to 'wss://localhost:8081/app/app-key?protocol=7&client=js&version=8.4.0&flash=false' failed: Error in connection establishment: net::ERR_SSL_PROTOCOL_ERROR @ http://[::1]:5173/node_modules/.vite/deps/pusher-js.js?v=78e615f6:3255
[138279838ms] [ERROR] WebSocket connection to 'wss://localhost:8081/app/app-key?protocol=7&client=js&version=8.4.0&flash=false' failed: Error in connection establishment: net::ERR_SSL_PROTOCOL_ERROR @ http://[::1]:5173/node_modules/.vite/deps/pusher-js.js?v=78e615f6:3255
[138339834ms] [ERROR] WebSocket connection to 'wss://localhost:8081/app/app-key?protocol=7&client=js&version=8.4.0&flash=false' failed: Error in connection establishment: net::ERR_SSL_PROTOCOL_ERROR @ http://[::1]:5173/node_modules/.vite/deps/pusher-js.js?v=78e615f6:3255
[138399840ms] [ERROR] WebSocket connection to 'wss://localhost:8081/app/app-key?protocol=7&client=js&version=8.4.0&flash=false' failed: Error in connection establishment: net::ERR_SSL_PROTOCOL_ERROR @ http://[::1]:5173/node_modules/.vite/deps/pusher-js.js?v=78e615f6:3255
[138459861ms] [ERROR] WebSocket connection to 'wss://localhost:8081/app/app-key?protocol=7&client=js&version=8.4.0&flash=false' failed: Error in connection establishment: net::ERR_SSL_PROTOCOL_ERROR @ http://[::1]:5173/node_modules/.vite/deps/pusher-js.js?v=78e615f6:3255
[138519852ms] [ERROR] WebSocket connection to 'wss://localhost:8081/app/app-key?protocol=7&client=js&version=8.4.0&flash=false' failed: Error in connection establishment: net::ERR_SSL_PROTOCOL_ERROR @ http://[::1]:5173/node_modules/.vite/deps/pusher-js.js?v=78e615f6:3255
[138579850ms] [ERROR] WebSocket connection to 'wss://localhost:8081/app/app-key?protocol=7&client=js&version=8.4.0&flash=false' failed: Error in connection establishment: net::ERR_SSL_PROTOCOL_ERROR @ http://[::1]:5173/node_modules/.vite/deps/pusher-js.js?v=78e615f6:3255
[138639846ms] [ERROR] WebSocket connection to 'wss://localhost:8081/app/app-key?protocol=7&client=js&version=8.4.0&flash=false' failed: Error in connection establishment: net::ERR_SSL_PROTOCOL_ERROR @ http://[::1]:5173/node_modules/.vite/deps/pusher-js.js?v=78e615f6:3255
[138699854ms] [ERROR] WebSocket connection to 'wss://localhost:8081/app/app-key?protocol=7&client=js&version=8.4.0&flash=false' failed: Error in connection establishment: net::ERR_SSL_PROTOCOL_ERROR @ http://[::1]:5173/node_modules/.vite/deps/pusher-js.js?v=78e615f6:3255
[138759854ms] [ERROR] WebSocket connection to 'wss://localhost:8081/app/app-key?protocol=7&client=js&version=8.4.0&flash=false' failed: Error in connection establishment: net::ERR_SSL_PROTOCOL_ERROR @ http://[::1]:5173/node_modules/.vite/deps/pusher-js.js?v=78e615f6:3255
[138819859ms] [ERROR] WebSocket connection to 'wss://localhost:8081/app/app-key?protocol=7&client=js&version=8.4.0&flash=false' failed: Error in connection establishment: net::ERR_SSL_PROTOCOL_ERROR @ http://[::1]:5173/node_modules/.vite/deps/pusher-js.js?v=78e615f6:3255
[138879865ms] [ERROR] WebSocket connection to 'wss://localhost:8081/app/app-key?protocol=7&client=js&version=8.4.0&flash=false' failed: Error in connection establishment: net::ERR_SSL_PROTOCOL_ERROR @ http://[::1]:5173/node_modules/.vite/deps/pusher-js.js?v=78e615f6:3255
[138939860ms] [ERROR] WebSocket connection to 'wss://localhost:8081/app/app-key?protocol=7&client=js&version=8.4.0&flash=false' failed: Error in connection establishment: net::ERR_SSL_PROTOCOL_ERROR @ http://[::1]:5173/node_modules/.vite/deps/pusher-js.js?v=78e615f6:3255
[138999867ms] [ERROR] WebSocket connection to 'wss://localhost:8081/app/app-key?protocol=7&client=js&version=8.4.0&flash=false' failed: Error in connection establishment: net::ERR_SSL_PROTOCOL_ERROR @ http://[::1]:5173/node_modules/.vite/deps/pusher-js.js?v=78e615f6:3255
[139059870ms] [ERROR] WebSocket connection to 'wss://localhost:8081/app/app-key?protocol=7&client=js&version=8.4.0&flash=false' failed: Error in connection establishment: net::ERR_SSL_PROTOCOL_ERROR @ http://[::1]:5173/node_modules/.vite/deps/pusher-js.js?v=78e615f6:3255
[139119873ms] [ERROR] WebSocket connection to 'wss://localhost:8081/app/app-key?protocol=7&client=js&version=8.4.0&flash=false' failed: Error in connection establishment: net::ERR_SSL_PROTOCOL_ERROR @ http://[::1]:5173/node_modules/.vite/deps/pusher-js.js?v=78e615f6:3255
[139179871ms] [ERROR] WebSocket connection to 'wss://localhost:8081/app/app-key?protocol=7&client=js&version=8.4.0&flash=false' failed: Error in connection establishment: net::ERR_SSL_PROTOCOL_ERROR @ http://[::1]:5173/node_modules/.vite/deps/pusher-js.js?v=78e615f6:3255
[139239875ms] [ERROR] WebSocket connection to 'wss://localhost:8081/app/app-key?protocol=7&client=js&version=8.4.0&flash=false' failed: Error in connection establishment: net::ERR_SSL_PROTOCOL_ERROR @ http://[::1]:5173/node_modules/.vite/deps/pusher-js.js?v=78e615f6:3255
[139299882ms] [ERROR] WebSocket connection to 'wss://localhost:8081/app/app-key?protocol=7&client=js&version=8.4.0&flash=false' failed: Error in connection establishment: net::ERR_SSL_PROTOCOL_ERROR @ http://[::1]:5173/node_modules/.vite/deps/pusher-js.js?v=78e615f6:3255
[139359881ms] [ERROR] WebSocket connection to 'wss://localhost:8081/app/app-key?protocol=7&client=js&version=8.4.0&flash=false' failed: Error in connection establishment: net::ERR_SSL_PROTOCOL_ERROR @ http://[::1]:5173/node_modules/.vite/deps/pusher-js.js?v=78e615f6:3255
[139419877ms] [ERROR] WebSocket connection to 'wss://localhost:8081/app/app-key?protocol=7&client=js&version=8.4.0&flash=false' failed: Error in connection establishment: net::ERR_SSL_PROTOCOL_ERROR @ http://[::1]:5173/node_modules/.vite/deps/pusher-js.js?v=78e615f6:3255
[139479895ms] [ERROR] WebSocket connection to 'wss://localhost:8081/app/app-key?protocol=7&client=js&version=8.4.0&flash=false' failed: Error in connection establishment: net::ERR_SSL_PROTOCOL_ERROR @ http://[::1]:5173/node_modules/.vite/deps/pusher-js.js?v=78e615f6:3255
[139539901ms] [ERROR] WebSocket connection to 'wss://localhost:8081/app/app-key?protocol=7&client=js&version=8.4.0&flash=false' failed: Error in connection establishment: net::ERR_SSL_PROTOCOL_ERROR @ http://[::1]:5173/node_modules/.vite/deps/pusher-js.js?v=78e615f6:3255
[139599909ms] [ERROR] WebSocket connection to 'wss://localhost:8081/app/app-key?protocol=7&client=js&version=8.4.0&flash=false' failed: Error in connection establishment: net::ERR_SSL_PROTOCOL_ERROR @ http://[::1]:5173/node_modules/.vite/deps/pusher-js.js?v=78e615f6:3255
[139659911ms] [ERROR] WebSocket connection to 'wss://localhost:8081/app/app-key?protocol=7&client=js&version=8.4.0&flash=false' failed: Error in connection establishment: net::ERR_SSL_PROTOCOL_ERROR @ http://[::1]:5173/node_modules/.vite/deps/pusher-js.js?v=78e615f6:3255
[139719914ms] [ERROR] WebSocket connection to 'wss://localhost:8081/app/app-key?protocol=7&client=js&version=8.4.0&flash=false' failed: Error in connection establishment: net::ERR_SSL_PROTOCOL_ERROR @ http://[::1]:5173/node_modules/.vite/deps/pusher-js.js?v=78e615f6:3255
[139779915ms] [ERROR] WebSocket connection to 'wss://localhost:8081/app/app-key?protocol=7&client=js&version=8.4.0&flash=false' failed: Error in connection establishment: net::ERR_SSL_PROTOCOL_ERROR @ http://[::1]:5173/node_modules/.vite/deps/pusher-js.js?v=78e615f6:3255
[139839924ms] [ERROR] WebSocket connection to 'wss://localhost:8081/app/app-key?protocol=7&client=js&version=8.4.0&flash=false' failed: Error in connection establishment: net::ERR_SSL_PROTOCOL_ERROR @ http://[::1]:5173/node_modules/.vite/deps/pusher-js.js?v=78e615f6:3255
[139899925ms] [ERROR] WebSocket connection to 'wss://localhost:8081/app/app-key?protocol=7&client=js&version=8.4.0&flash=false' failed: Error in connection establishment: net::ERR_SSL_PROTOCOL_ERROR @ http://[::1]:5173/node_modules/.vite/deps/pusher-js.js?v=78e615f6:3255
[139959931ms] [ERROR] WebSocket connection to 'wss://localhost:8081/app/app-key?protocol=7&client=js&version=8.4.0&flash=false' failed: Error in connection establishment: net::ERR_SSL_PROTOCOL_ERROR @ http://[::1]:5173/node_modules/.vite/deps/pusher-js.js?v=78e615f6:3255
[140019938ms] [ERROR] WebSocket connection to 'wss://localhost:8081/app/app-key?protocol=7&client=js&version=8.4.0&flash=false' failed: Error in connection establishment: net::ERR_SSL_PROTOCOL_ERROR @ http://[::1]:5173/node_modules/.vite/deps/pusher-js.js?v=78e615f6:3255
[140079935ms] [ERROR] WebSocket connection to 'wss://localhost:8081/app/app-key?protocol=7&client=js&version=8.4.0&flash=false' failed: Error in connection establishment: net::ERR_SSL_PROTOCOL_ERROR @ http://[::1]:5173/node_modules/.vite/deps/pusher-js.js?v=78e615f6:3255
[140139946ms] [ERROR] WebSocket connection to 'wss://localhost:8081/app/app-key?protocol=7&client=js&version=8.4.0&flash=false' failed: Error in connection establishment: net::ERR_SSL_PROTOCOL_ERROR @ http://[::1]:5173/node_modules/.vite/deps/pusher-js.js?v=78e615f6:3255
[140199947ms] [ERROR] WebSocket connection to 'wss://localhost:8081/app/app-key?protocol=7&client=js&version=8.4.0&flash=false' failed: Error in connection establishment: net::ERR_SSL_PROTOCOL_ERROR @ http://[::1]:5173/node_modules/.vite/deps/pusher-js.js?v=78e615f6:3255
[140259950ms] [ERROR] WebSocket connection to 'wss://localhost:8081/app/app-key?protocol=7&client=js&version=8.4.0&flash=false' failed: Error in connection establishment: net::ERR_SSL_PROTOCOL_ERROR @ http://[::1]:5173/node_modules/.vite/deps/pusher-js.js?v=78e615f6:3255
[140319950ms] [ERROR] WebSocket connection to 'wss://localhost:8081/app/app-key?protocol=7&client=js&version=8.4.0&flash=false' failed: Error in connection establishment: net::ERR_SSL_PROTOCOL_ERROR @ http://[::1]:5173/node_modules/.vite/deps/pusher-js.js?v=78e615f6:3255
[140379953ms] [ERROR] WebSocket connection to 'wss://localhost:8081/app/app-key?protocol=7&client=js&version=8.4.0&flash=false' failed: Error in connection establishment: net::ERR_SSL_PROTOCOL_ERROR @ http://[::1]:5173/node_modules/.vite/deps/pusher-js.js?v=78e615f6:3255
[140439956ms] [ERROR] WebSocket connection to 'wss://localhost:8081/app/app-key?protocol=7&client=js&version=8.4.0&flash=false' failed: Error in connection establishment: net::ERR_SSL_PROTOCOL_ERROR @ http://[::1]:5173/node_modules/.vite/deps/pusher-js.js?v=78e615f6:3255
[140499957ms] [ERROR] WebSocket connection to 'wss://localhost:8081/app/app-key?protocol=7&client=js&version=8.4.0&flash=false' failed: Error in connection establishment: net::ERR_SSL_PROTOCOL_ERROR @ http://[::1]:5173/node_modules/.vite/deps/pusher-js.js?v=78e615f6:3255
[140559954ms] [ERROR] WebSocket connection to 'wss://localhost:8081/app/app-key?protocol=7&client=js&version=8.4.0&flash=false' failed: Error in connection establishment: net::ERR_SSL_PROTOCOL_ERROR @ http://[::1]:5173/node_modules/.vite/deps/pusher-js.js?v=78e615f6:3255
[140619963ms] [ERROR] WebSocket connection to 'wss://localhost:8081/app/app-key?protocol=7&client=js&version=8.4.0&flash=false' failed: Error in connection establishment: net::ERR_SSL_PROTOCOL_ERROR @ http://[::1]:5173/node_modules/.vite/deps/pusher-js.js?v=78e615f6:3255
[140679958ms] [ERROR] WebSocket connection to 'wss://localhost:8081/app/app-key?protocol=7&client=js&version=8.4.0&flash=false' failed: Error in connection establishment: net::ERR_SSL_PROTOCOL_ERROR @ http://[::1]:5173/node_modules/.vite/deps/pusher-js.js?v=78e615f6:3255
[140739960ms] [ERROR] WebSocket connection to 'wss://localhost:8081/app/app-key?protocol=7&client=js&version=8.4.0&flash=false' failed: Error in connection establishment: net::ERR_SSL_PROTOCOL_ERROR @ http://[::1]:5173/node_modules/.vite/deps/pusher-js.js?v=78e615f6:3255
[140799964ms] [ERROR] WebSocket connection to 'wss://localhost:8081/app/app-key?protocol=7&client=js&version=8.4.0&flash=false' failed: Error in connection establishment: net::ERR_SSL_PROTOCOL_ERROR @ http://[::1]:5173/node_modules/.vite/deps/pusher-js.js?v=78e615f6:3255
[140859972ms] [ERROR] WebSocket connection to 'wss://localhost:8081/app/app-key?protocol=7&client=js&version=8.4.0&flash=false' failed: Error in connection establishment: net::ERR_SSL_PROTOCOL_ERROR @ http://[::1]:5173/node_modules/.vite/deps/pusher-js.js?v=78e615f6:3255
[140919972ms] [ERROR] WebSocket connection to 'wss://localhost:8081/app/app-key?protocol=7&client=js&version=8.4.0&flash=false' failed: Error in connection establishment: net::ERR_SSL_PROTOCOL_ERROR @ http://[::1]:5173/node_modules/.vite/deps/pusher-js.js?v=78e615f6:3255
[140979971ms] [ERROR] WebSocket connection to 'wss://localhost:8081/app/app-key?protocol=7&client=js&version=8.4.0&flash=false' failed: Error in connection establishment: net::ERR_SSL_PROTOCOL_ERROR @ http://[::1]:5173/node_modules/.vite/deps/pusher-js.js?v=78e615f6:3255
[141039972ms] [ERROR] WebSocket connection to 'wss://localhost:8081/app/app-key?protocol=7&client=js&version=8.4.0&flash=false' failed: Error in connection establishment: net::ERR_SSL_PROTOCOL_ERROR @ http://[::1]:5173/node_modules/.vite/deps/pusher-js.js?v=78e615f6:3255
[141099979ms] [ERROR] WebSocket connection to 'wss://localhost:8081/app/app-key?protocol=7&client=js&version=8.4.0&flash=false' failed: Error in connection establishment: net::ERR_SSL_PROTOCOL_ERROR @ http://[::1]:5173/node_modules/.vite/deps/pusher-js.js?v=78e615f6:3255
[141159981ms] [ERROR] WebSocket connection to 'wss://localhost:8081/app/app-key?protocol=7&client=js&version=8.4.0&flash=false' failed: Error in connection establishment: net::ERR_SSL_PROTOCOL_ERROR @ http://[::1]:5173/node_modules/.vite/deps/pusher-js.js?v=78e615f6:3255
[141219984ms] [ERROR] WebSocket connection to 'wss://localhost:8081/app/app-key?protocol=7&client=js&version=8.4.0&flash=false' failed: Error in connection establishment: net::ERR_SSL_PROTOCOL_ERROR @ http://[::1]:5173/node_modules/.vite/deps/pusher-js.js?v=78e615f6:3255
[141279984ms] [ERROR] WebSocket connection to 'wss://localhost:8081/app/app-key?protocol=7&client=js&version=8.4.0&flash=false' failed: Error in connection establishment: net::ERR_SSL_PROTOCOL_ERROR @ http://[::1]:5173/node_modules/.vite/deps/pusher-js.js?v=78e615f6:3255
[141339985ms] [ERROR] WebSocket connection to 'wss://localhost:8081/app/app-key?protocol=7&client=js&version=8.4.0&flash=false' failed: Error in connection establishment: net::ERR_SSL_PROTOCOL_ERROR @ http://[::1]:5173/node_modules/.vite/deps/pusher-js.js?v=78e615f6:3255
[141399987ms] [ERROR] WebSocket connection to 'wss://localhost:8081/app/app-key?protocol=7&client=js&version=8.4.0&flash=false' failed: Error in connection establishment: net::ERR_SSL_PROTOCOL_ERROR @ http://[::1]:5173/node_modules/.vite/deps/pusher-js.js?v=78e615f6:3255
[141459958ms] [ERROR] WebSocket connection to 'wss://localhost:8081/app/app-key?protocol=7&client=js&version=8.4.0&flash=false' failed: Error in connection establishment: net::ERR_SSL_PROTOCOL_ERROR @ http://[::1]:5173/node_modules/.vite/deps/pusher-js.js?v=78e615f6:3255
[141519959ms] [ERROR] WebSocket connection to 'wss://localhost:8081/app/app-key?protocol=7&client=js&version=8.4.0&flash=false' failed: Error in connection establishment: net::ERR_SSL_PROTOCOL_ERROR @ http://[::1]:5173/node_modules/.vite/deps/pusher-js.js?v=78e615f6:3255
[141579955ms] [ERROR] WebSocket connection to 'wss://localhost:8081/app/app-key?protocol=7&client=js&version=8.4.0&flash=false' failed: Error in connection establishment: net::ERR_SSL_PROTOCOL_ERROR @ http://[::1]:5173/node_modules/.vite/deps/pusher-js.js?v=78e615f6:3255
[141639969ms] [ERROR] WebSocket connection to 'wss://localhost:8081/app/app-key?protocol=7&client=js&version=8.4.0&flash=false' failed: Error in connection establishment: net::ERR_SSL_PROTOCOL_ERROR @ http://[::1]:5173/node_modules/.vite/deps/pusher-js.js?v=78e615f6:3255
[141699963ms] [ERROR] WebSocket connection to 'wss://localhost:8081/app/app-key?protocol=7&client=js&version=8.4.0&flash=false' failed: Error in connection establishment: net::ERR_SSL_PROTOCOL_ERROR @ http://[::1]:5173/node_modules/.vite/deps/pusher-js.js?v=78e615f6:3255
[141759967ms] [ERROR] WebSocket connection to 'wss://localhost:8081/app/app-key?protocol=7&client=js&version=8.4.0&flash=false' failed: Error in connection establishment: net::ERR_SSL_PROTOCOL_ERROR @ http://[::1]:5173/node_modules/.vite/deps/pusher-js.js?v=78e615f6:3255
[141819967ms] [ERROR] WebSocket connection to 'wss://localhost:8081/app/app-key?protocol=7&client=js&version=8.4.0&flash=false' failed: Error in connection establishment: net::ERR_SSL_PROTOCOL_ERROR @ http://[::1]:5173/node_modules/.vite/deps/pusher-js.js?v=78e615f6:3255
[141879973ms] [ERROR] WebSocket connection to 'wss://localhost:8081/app/app-key?protocol=7&client=js&version=8.4.0&flash=false' failed: Error in connection establishment: net::ERR_SSL_PROTOCOL_ERROR @ http://[::1]:5173/node_modules/.vite/deps/pusher-js.js?v=78e615f6:3255
[141939972ms] [ERROR] WebSocket connection to 'wss://localhost:8081/app/app-key?protocol=7&client=js&version=8.4.0&flash=false' failed: Error in connection establishment: net::ERR_SSL_PROTOCOL_ERROR @ http://[::1]:5173/node_modules/.vite/deps/pusher-js.js?v=78e615f6:3255
[141999975ms] [ERROR] WebSocket connection to 'wss://localhost:8081/app/app-key?protocol=7&client=js&version=8.4.0&flash=false' failed: Error in connection establishment: net::ERR_SSL_PROTOCOL_ERROR @ http://[::1]:5173/node_modules/.vite/deps/pusher-js.js?v=78e615f6:3255
[142059976ms] [ERROR] WebSocket connection to 'wss://localhost:8081/app/app-key?protocol=7&client=js&version=8.4.0&flash=false' failed: Error in connection establishment: net::ERR_SSL_PROTOCOL_ERROR @ http://[::1]:5173/node_modules/.vite/deps/pusher-js.js?v=78e615f6:3255
[142119976ms] [ERROR] WebSocket connection to 'wss://localhost:8081/app/app-key?protocol=7&client=js&version=8.4.0&flash=false' failed: Error in connection establishment: net::ERR_SSL_PROTOCOL_ERROR @ http://[::1]:5173/node_modules/.vite/deps/pusher-js.js?v=78e615f6:3255
[142179977ms] [ERROR] WebSocket connection to 'wss://localhost:8081/app/app-key?protocol=7&client=js&version=8.4.0&flash=false' failed: Error in connection establishment: net::ERR_SSL_PROTOCOL_ERROR @ http://[::1]:5173/node_modules/.vite/deps/pusher-js.js?v=78e615f6:3255
[142239975ms] [ERROR] WebSocket connection to 'wss://localhost:8081/app/app-key?protocol=7&client=js&version=8.4.0&flash=false' failed: Error in connection establishment: net::ERR_SSL_PROTOCOL_ERROR @ http://[::1]:5173/node_modules/.vite/deps/pusher-js.js?v=78e615f6:3255
[142299978ms] [ERROR] WebSocket connection to 'wss://localhost:8081/app/app-key?protocol=7&client=js&version=8.4.0&flash=false' failed: Error in connection establishment: net::ERR_SSL_PROTOCOL_ERROR @ http://[::1]:5173/node_modules/.vite/deps/pusher-js.js?v=78e615f6:3255
[142359982ms] [ERROR] WebSocket connection to 'wss://localhost:8081/app/app-key?protocol=7&client=js&version=8.4.0&flash=false' failed: Error in connection establishment: net::ERR_SSL_PROTOCOL_ERROR @ http://[::1]:5173/node_modules/.vite/deps/pusher-js.js?v=78e615f6:3255
[142419984ms] [ERROR] WebSocket connection to 'wss://localhost:8081/app/app-key?protocol=7&client=js&version=8.4.0&flash=false' failed: Error in connection establishment: net::ERR_SSL_PROTOCOL_ERROR @ http://[::1]:5173/node_modules/.vite/deps/pusher-js.js?v=78e615f6:3255
[142479993ms] [ERROR] WebSocket connection to 'wss://localhost:8081/app/app-key?protocol=7&client=js&version=8.4.0&flash=false' failed: Error in connection establishment: net::ERR_SSL_PROTOCOL_ERROR @ http://[::1]:5173/node_modules/.vite/deps/pusher-js.js?v=78e615f6:3255
[142539989ms] [ERROR] WebSocket connection to 'wss://localhost:8081/app/app-key?protocol=7&client=js&version=8.4.0&flash=false' failed: Error in connection establishment: net::ERR_SSL_PROTOCOL_ERROR @ http://[::1]:5173/node_modules/.vite/deps/pusher-js.js?v=78e615f6:3255
[142599985ms] [ERROR] WebSocket connection to 'wss://localhost:8081/app/app-key?protocol=7&client=js&version=8.4.0&flash=false' failed: Error in connection establishment: net::ERR_SSL_PROTOCOL_ERROR @ http://[::1]:5173/node_modules/.vite/deps/pusher-js.js?v=78e615f6:3255
[142659994ms] [ERROR] WebSocket connection to 'wss://localhost:8081/app/app-key?protocol=7&client=js&version=8.4.0&flash=false' failed: Error in connection establishment: net::ERR_SSL_PROTOCOL_ERROR @ http://[::1]:5173/node_modules/.vite/deps/pusher-js.js?v=78e615f6:3255
[142719985ms] [ERROR] WebSocket connection to 'wss://localhost:8081/app/app-key?protocol=7&client=js&version=8.4.0&flash=false' failed: Error in connection establishment: net::ERR_SSL_PROTOCOL_ERROR @ http://[::1]:5173/node_modules/.vite/deps/pusher-js.js?v=78e615f6:3255
[142779998ms] [ERROR] WebSocket connection to 'wss://localhost:8081/app/app-key?protocol=7&client=js&version=8.4.0&flash=false' failed: Error in connection establishment: net::ERR_SSL_PROTOCOL_ERROR @ http://[::1]:5173/node_modules/.vite/deps/pusher-js.js?v=78e615f6:3255
[142839989ms] [ERROR] WebSocket connection to 'wss://localhost:8081/app/app-key?protocol=7&client=js&version=8.4.0&flash=false' failed: Error in connection establishment: net::ERR_SSL_PROTOCOL_ERROR @ http://[::1]:5173/node_modules/.vite/deps/pusher-js.js?v=78e615f6:3255
[142900004ms] [ERROR] WebSocket connection to 'wss://localhost:8081/app/app-key?protocol=7&client=js&version=8.4.0&flash=false' failed: Error in connection establishment: net::ERR_SSL_PROTOCOL_ERROR @ http://[::1]:5173/node_modules/.vite/deps/pusher-js.js?v=78e615f6:3255
[142960001ms] [ERROR] WebSocket connection to 'wss://localhost:8081/app/app-key?protocol=7&client=js&version=8.4.0&flash=false' failed: Error in connection establishment: net::ERR_SSL_PROTOCOL_ERROR @ http://[::1]:5173/node_modules/.vite/deps/pusher-js.js?v=78e615f6:3255
[143019993ms] [ERROR] WebSocket connection to 'wss://localhost:8081/app/app-key?protocol=7&client=js&version=8.4.0&flash=false' failed: Error in connection establishment: net::ERR_SSL_PROTOCOL_ERROR @ http://[::1]:5173/node_modules/.vite/deps/pusher-js.js?v=78e615f6:3255
[143079999ms] [ERROR] WebSocket connection to 'wss://localhost:8081/app/app-key?protocol=7&client=js&version=8.4.0&flash=false' failed: Error in connection establishment: net::ERR_SSL_PROTOCOL_ERROR @ http://[::1]:5173/node_modules/.vite/deps/pusher-js.js?v=78e615f6:3255
[143139999ms] [ERROR] WebSocket connection to 'wss://localhost:8081/app/app-key?protocol=7&client=js&version=8.4.0&flash=false' failed: Error in connection establishment: net::ERR_SSL_PROTOCOL_ERROR @ http://[::1]:5173/node_modules/.vite/deps/pusher-js.js?v=78e615f6:3255
[143199997ms] [ERROR] WebSocket connection to 'wss://localhost:8081/app/app-key?protocol=7&client=js&version=8.4.0&flash=false' failed: Error in connection establishment: net::ERR_SSL_PROTOCOL_ERROR @ http://[::1]:5173/node_modules/.vite/deps/pusher-js.js?v=78e615f6:3255
[143259998ms] [ERROR] WebSocket connection to 'wss://localhost:8081/app/app-key?protocol=7&client=js&version=8.4.0&flash=false' failed: Error in connection establishment: net::ERR_SSL_PROTOCOL_ERROR @ http://[::1]:5173/node_modules/.vite/deps/pusher-js.js?v=78e615f6:3255
[143320002ms] [ERROR] WebSocket connection to 'wss://localhost:8081/app/app-key?protocol=7&client=js&version=8.4.0&flash=false' failed: Error in connection establishment: net::ERR_SSL_PROTOCOL_ERROR @ http://[::1]:5173/node_modules/.vite/deps/pusher-js.js?v=78e615f6:3255
[143379999ms] [ERROR] WebSocket connection to 'wss://localhost:8081/app/app-key?protocol=7&client=js&version=8.4.0&flash=false' failed: Error in connection establishment: net::ERR_SSL_PROTOCOL_ERROR @ http://[::1]:5173/node_modules/.vite/deps/pusher-js.js?v=78e615f6:3255
[143440006ms] [ERROR] WebSocket connection to 'wss://localhost:8081/app/app-key?protocol=7&client=js&version=8.4.0&flash=false' failed: Error in connection establishment: net::ERR_SSL_PROTOCOL_ERROR @ http://[::1]:5173/node_modules/.vite/deps/pusher-js.js?v=78e615f6:3255
[143500002ms] [ERROR] WebSocket connection to 'wss://localhost:8081/app/app-key?protocol=7&client=js&version=8.4.0&flash=false' failed: Error in connection establishment: net::ERR_SSL_PROTOCOL_ERROR @ http://[::1]:5173/node_modules/.vite/deps/pusher-js.js?v=78e615f6:3255
[143560001ms] [ERROR] WebSocket connection to 'wss://localhost:8081/app/app-key?protocol=7&client=js&version=8.4.0&flash=false' failed: Error in connection establishment: net::ERR_SSL_PROTOCOL_ERROR @ http://[::1]:5173/node_modules/.vite/deps/pusher-js.js?v=78e615f6:3255
[143620002ms] [ERROR] WebSocket connection to 'wss://localhost:8081/app/app-key?protocol=7&client=js&version=8.4.0&flash=false' failed: Error in connection establishment: net::ERR_SSL_PROTOCOL_ERROR @ http://[::1]:5173/node_modules/.vite/deps/pusher-js.js?v=78e615f6:3255
[143680013ms] [ERROR] WebSocket connection to 'wss://localhost:8081/app/app-key?protocol=7&client=js&version=8.4.0&flash=false' failed: Error in connection establishment: net::ERR_SSL_PROTOCOL_ERROR @ http://[::1]:5173/node_modules/.vite/deps/pusher-js.js?v=78e615f6:3255
[143740007ms] [ERROR] WebSocket connection to 'wss://localhost:8081/app/app-key?protocol=7&client=js&version=8.4.0&flash=false' failed: Error in connection establishment: net::ERR_SSL_PROTOCOL_ERROR @ http://[::1]:5173/node_modules/.vite/deps/pusher-js.js?v=78e615f6:3255
[143800005ms] [ERROR] WebSocket connection to 'wss://localhost:8081/app/app-key?protocol=7&client=js&version=8.4.0&flash=false' failed: Error in connection establishment: net::ERR_SSL_PROTOCOL_ERROR @ http://[::1]:5173/node_modules/.vite/deps/pusher-js.js?v=78e615f6:3255
[143860011ms] [ERROR] WebSocket connection to 'wss://localhost:8081/app/app-key?protocol=7&client=js&version=8.4.0&flash=false' failed: Error in connection establishment: net::ERR_SSL_PROTOCOL_ERROR @ http://[::1]:5173/node_modules/.vite/deps/pusher-js.js?v=78e615f6:3255
[143920010ms] [ERROR] WebSocket connection to 'wss://localhost:8081/app/app-key?protocol=7&client=js&version=8.4.0&flash=false' failed: Error in connection establishment: net::ERR_SSL_PROTOCOL_ERROR @ http://[::1]:5173/node_modules/.vite/deps/pusher-js.js?v=78e615f6:3255
[143980015ms] [ERROR] WebSocket connection to 'wss://localhost:8081/app/app-key?protocol=7&client=js&version=8.4.0&flash=false' failed: Error in connection establishment: net::ERR_SSL_PROTOCOL_ERROR @ http://[::1]:5173/node_modules/.vite/deps/pusher-js.js?v=78e615f6:3255
[144040015ms] [ERROR] WebSocket connection to 'wss://localhost:8081/app/app-key?protocol=7&client=js&version=8.4.0&flash=false' failed: Error in connection establishment: net::ERR_SSL_PROTOCOL_ERROR @ http://[::1]:5173/node_modules/.vite/deps/pusher-js.js?v=78e615f6:3255
[144100019ms] [ERROR] WebSocket connection to 'wss://localhost:8081/app/app-key?protocol=7&client=js&version=8.4.0&flash=false' failed: Error in connection establishment: net::ERR_SSL_PROTOCOL_ERROR @ http://[::1]:5173/node_modules/.vite/deps/pusher-js.js?v=78e615f6:3255
[144160016ms] [ERROR] WebSocket connection to 'wss://localhost:8081/app/app-key?protocol=7&client=js&version=8.4.0&flash=false' failed: Error in connection establishment: net::ERR_SSL_PROTOCOL_ERROR @ http://[::1]:5173/node_modules/.vite/deps/pusher-js.js?v=78e615f6:3255
[144220023ms] [ERROR] WebSocket connection to 'wss://localhost:8081/app/app-key?protocol=7&client=js&version=8.4.0&flash=false' failed: Error in connection establishment: net::ERR_SSL_PROTOCOL_ERROR @ http://[::1]:5173/node_modules/.vite/deps/pusher-js.js?v=78e615f6:3255
[144280018ms] [ERROR] WebSocket connection to 'wss://localhost:8081/app/app-key?protocol=7&client=js&version=8.4.0&flash=false' failed: Error in connection establishment: net::ERR_SSL_PROTOCOL_ERROR @ http://[::1]:5173/node_modules/.vite/deps/pusher-js.js?v=78e615f6:3255
[144340018ms] [ERROR] WebSocket connection to 'wss://localhost:8081/app/app-key?protocol=7&client=js&version=8.4.0&flash=false' failed: Error in connection establishment: net::ERR_SSL_PROTOCOL_ERROR @ http://[::1]:5173/node_modules/.vite/deps/pusher-js.js?v=78e615f6:3255
[144400017ms] [ERROR] WebSocket connection to 'wss://localhost:8081/app/app-key?protocol=7&client=js&version=8.4.0&flash=false' failed: Error in connection establishment: net::ERR_SSL_PROTOCOL_ERROR @ http://[::1]:5173/node_modules/.vite/deps/pusher-js.js?v=78e615f6:3255
[144460025ms] [ERROR] WebSocket connection to 'wss://localhost:8081/app/app-key?protocol=7&client=js&version=8.4.0&flash=false' failed: Error in connection establishment: net::ERR_SSL_PROTOCOL_ERROR @ http://[::1]:5173/node_modules/.vite/deps/pusher-js.js?v=78e615f6:3255
[144520023ms] [ERROR] WebSocket connection to 'wss://localhost:8081/app/app-key?protocol=7&client=js&version=8.4.0&flash=false' failed: Error in connection establishment: net::ERR_SSL_PROTOCOL_ERROR @ http://[::1]:5173/node_modules/.vite/deps/pusher-js.js?v=78e615f6:3255
[144580026ms] [ERROR] WebSocket connection to 'wss://localhost:8081/app/app-key?protocol=7&client=js&version=8.4.0&flash=false' failed: Error in connection establishment: net::ERR_SSL_PROTOCOL_ERROR @ http://[::1]:5173/node_modules/.vite/deps/pusher-js.js?v=78e615f6:3255
[144640030ms] [ERROR] WebSocket connection to 'wss://localhost:8081/app/app-key?protocol=7&client=js&version=8.4.0&flash=false' failed: Error in connection establishment: net::ERR_SSL_PROTOCOL_ERROR @ http://[::1]:5173/node_modules/.vite/deps/pusher-js.js?v=78e615f6:3255
[144700038ms] [ERROR] WebSocket connection to 'wss://localhost:8081/app/app-key?protocol=7&client=js&version=8.4.0&flash=false' failed: Error in connection establishment: net::ERR_SSL_PROTOCOL_ERROR @ http://[::1]:5173/node_modules/.vite/deps/pusher-js.js?v=78e615f6:3255
[144760035ms] [ERROR] WebSocket connection to 'wss://localhost:8081/app/app-key?protocol=7&client=js&version=8.4.0&flash=false' failed: Error in connection establishment: net::ERR_SSL_PROTOCOL_ERROR @ http://[::1]:5173/node_modules/.vite/deps/pusher-js.js?v=78e615f6:3255
[144820030ms] [ERROR] WebSocket connection to 'wss://localhost:8081/app/app-key?protocol=7&client=js&version=8.4.0&flash=false' failed: Error in connection establishment: net::ERR_SSL_PROTOCOL_ERROR @ http://[::1]:5173/node_modules/.vite/deps/pusher-js.js?v=78e615f6:3255
[144880033ms] [ERROR] WebSocket connection to 'wss://localhost:8081/app/app-key?protocol=7&client=js&version=8.4.0&flash=false' failed: Error in connection establishment: net::ERR_SSL_PROTOCOL_ERROR @ http://[::1]:5173/node_modules/.vite/deps/pusher-js.js?v=78e615f6:3255
[144940034ms] [ERROR] WebSocket connection to 'wss://localhost:8081/app/app-key?protocol=7&client=js&version=8.4.0&flash=false' failed: Error in connection establishment: net::ERR_SSL_PROTOCOL_ERROR @ http://[::1]:5173/node_modules/.vite/deps/pusher-js.js?v=78e615f6:3255
[145000038ms] [ERROR] WebSocket connection to 'wss://localhost:8081/app/app-key?protocol=7&client=js&version=8.4.0&flash=false' failed: Error in connection establishment: net::ERR_SSL_PROTOCOL_ERROR @ http://[::1]:5173/node_modules/.vite/deps/pusher-js.js?v=78e615f6:3255
[145060038ms] [ERROR] WebSocket connection to 'wss://localhost:8081/app/app-key?protocol=7&client=js&version=8.4.0&flash=false' failed: Error in connection establishment: net::ERR_SSL_PROTOCOL_ERROR @ http://[::1]:5173/node_modules/.vite/deps/pusher-js.js?v=78e615f6:3255
[145120044ms] [ERROR] WebSocket connection to 'wss://localhost:8081/app/app-key?protocol=7&client=js&version=8.4.0&flash=false' failed: Error in connection establishment: net::ERR_SSL_PROTOCOL_ERROR @ http://[::1]:5173/node_modules/.vite/deps/pusher-js.js?v=78e615f6:3255
[145180042ms] [ERROR] WebSocket connection to 'wss://localhost:8081/app/app-key?protocol=7&client=js&version=8.4.0&flash=false' failed: Error in connection establishment: net::ERR_SSL_PROTOCOL_ERROR @ http://[::1]:5173/node_modules/.vite/deps/pusher-js.js?v=78e615f6:3255
[145240044ms] [ERROR] WebSocket connection to 'wss://localhost:8081/app/app-key?protocol=7&client=js&version=8.4.0&flash=false' failed: Error in connection establishment: net::ERR_SSL_PROTOCOL_ERROR @ http://[::1]:5173/node_modules/.vite/deps/pusher-js.js?v=78e615f6:3255
[145300045ms] [ERROR] WebSocket connection to 'wss://localhost:8081/app/app-key?protocol=7&client=js&version=8.4.0&flash=false' failed: Error in connection establishment: net::ERR_SSL_PROTOCOL_ERROR @ http://[::1]:5173/node_modules/.vite/deps/pusher-js.js?v=78e615f6:3255
[145360056ms] [ERROR] WebSocket connection to 'wss://localhost:8081/app/app-key?protocol=7&client=js&version=8.4.0&flash=false' failed: Error in connection establishment: net::ERR_SSL_PROTOCOL_ERROR @ http://[::1]:5173/node_modules/.vite/deps/pusher-js.js?v=78e615f6:3255
[145420054ms] [ERROR] WebSocket connection to 'wss://localhost:8081/app/app-key?protocol=7&client=js&version=8.4.0&flash=false' failed: Error in connection establishment: net::ERR_SSL_PROTOCOL_ERROR @ http://[::1]:5173/node_modules/.vite/deps/pusher-js.js?v=78e615f6:3255
[145480055ms] [ERROR] WebSocket connection to 'wss://localhost:8081/app/app-key?protocol=7&client=js&version=8.4.0&flash=false' failed: Error in connection establishment: net::ERR_SSL_PROTOCOL_ERROR @ http://[::1]:5173/node_modules/.vite/deps/pusher-js.js?v=78e615f6:3255
[145540058ms] [ERROR] WebSocket connection to 'wss://localhost:8081/app/app-key?protocol=7&client=js&version=8.4.0&flash=false' failed: Error in connection establishment: net::ERR_SSL_PROTOCOL_ERROR @ http://[::1]:5173/node_modules/.vite/deps/pusher-js.js?v=78e615f6:3255
[145600063ms] [ERROR] WebSocket connection to 'wss://localhost:8081/app/app-key?protocol=7&client=js&version=8.4.0&flash=false' failed: Error in connection establishment: net::ERR_SSL_PROTOCOL_ERROR @ http://[::1]:5173/node_modules/.vite/deps/pusher-js.js?v=78e615f6:3255
[145660060ms] [ERROR] WebSocket connection to 'wss://localhost:8081/app/app-key?protocol=7&client=js&version=8.4.0&flash=false' failed: Error in connection establishment: net::ERR_SSL_PROTOCOL_ERROR @ http://[::1]:5173/node_modules/.vite/deps/pusher-js.js?v=78e615f6:3255
[145720061ms] [ERROR] WebSocket connection to 'wss://localhost:8081/app/app-key?protocol=7&client=js&version=8.4.0&flash=false' failed: Error in connection establishment: net::ERR_SSL_PROTOCOL_ERROR @ http://[::1]:5173/node_modules/.vite/deps/pusher-js.js?v=78e615f6:3255
[145780059ms] [ERROR] WebSocket connection to 'wss://localhost:8081/app/app-key?protocol=7&client=js&version=8.4.0&flash=false' failed: Error in connection establishment: net::ERR_SSL_PROTOCOL_ERROR @ http://[::1]:5173/node_modules/.vite/deps/pusher-js.js?v=78e615f6:3255
[145840062ms] [ERROR] WebSocket connection to 'wss://localhost:8081/app/app-key?protocol=7&client=js&version=8.4.0&flash=false' failed: Error in connection establishment: net::ERR_SSL_PROTOCOL_ERROR @ http://[::1]:5173/node_modules/.vite/deps/pusher-js.js?v=78e615f6:3255
[145900072ms] [ERROR] WebSocket connection to 'wss://localhost:8081/app/app-key?protocol=7&client=js&version=8.4.0&flash=false' failed: Error in connection establishment: net::ERR_SSL_PROTOCOL_ERROR @ http://[::1]:5173/node_modules/.vite/deps/pusher-js.js?v=78e615f6:3255
[145960071ms] [ERROR] WebSocket connection to 'wss://localhost:8081/app/app-key?protocol=7&client=js&version=8.4.0&flash=false' failed: Error in connection establishment: net::ERR_SSL_PROTOCOL_ERROR @ http://[::1]:5173/node_modules/.vite/deps/pusher-js.js?v=78e615f6:3255
[146020071ms] [ERROR] WebSocket connection to 'wss://localhost:8081/app/app-key?protocol=7&client=js&version=8.4.0&flash=false' failed: Error in connection establishment: net::ERR_SSL_PROTOCOL_ERROR @ http://[::1]:5173/node_modules/.vite/deps/pusher-js.js?v=78e615f6:3255
[146080075ms] [ERROR] WebSocket connection to 'wss://localhost:8081/app/app-key?protocol=7&client=js&version=8.4.0&flash=false' failed: Error in connection establishment: net::ERR_SSL_PROTOCOL_ERROR @ http://[::1]:5173/node_modules/.vite/deps/pusher-js.js?v=78e615f6:3255
[146140067ms] [ERROR] WebSocket connection to 'wss://localhost:8081/app/app-key?protocol=7&client=js&version=8.4.0&flash=false' failed: Error in connection establishment: net::ERR_SSL_PROTOCOL_ERROR @ http://[::1]:5173/node_modules/.vite/deps/pusher-js.js?v=78e615f6:3255
[146200073ms] [ERROR] WebSocket connection to 'wss://localhost:8081/app/app-key?protocol=7&client=js&version=8.4.0&flash=false' failed: Error in connection establishment: net::ERR_SSL_PROTOCOL_ERROR @ http://[::1]:5173/node_modules/.vite/deps/pusher-js.js?v=78e615f6:3255
[146260075ms] [ERROR] WebSocket connection to 'wss://localhost:8081/app/app-key?protocol=7&client=js&version=8.4.0&flash=false' failed: Error in connection establishment: net::ERR_SSL_PROTOCOL_ERROR @ http://[::1]:5173/node_modules/.vite/deps/pusher-js.js?v=78e615f6:3255
[146320079ms] [ERROR] WebSocket connection to 'wss://localhost:8081/app/app-key?protocol=7&client=js&version=8.4.0&flash=false' failed: Error in connection establishment: net::ERR_SSL_PROTOCOL_ERROR @ http://[::1]:5173/node_modules/.vite/deps/pusher-js.js?v=78e615f6:3255
[146380086ms] [ERROR] WebSocket connection to 'wss://localhost:8081/app/app-key?protocol=7&client=js&version=8.4.0&flash=false' failed: Error in connection establishment: net::ERR_SSL_PROTOCOL_ERROR @ http://[::1]:5173/node_modules/.vite/deps/pusher-js.js?v=78e615f6:3255
[146440084ms] [ERROR] WebSocket connection to 'wss://localhost:8081/app/app-key?protocol=7&client=js&version=8.4.0&flash=false' failed: Error in connection establishment: net::ERR_SSL_PROTOCOL_ERROR @ http://[::1]:5173/node_modules/.vite/deps/pusher-js.js?v=78e615f6:3255
[146500081ms] [ERROR] WebSocket connection to 'wss://localhost:8081/app/app-key?protocol=7&client=js&version=8.4.0&flash=false' failed: Error in connection establishment: net::ERR_SSL_PROTOCOL_ERROR @ http://[::1]:5173/node_modules/.vite/deps/pusher-js.js?v=78e615f6:3255
[146560085ms] [ERROR] WebSocket connection to 'wss://localhost:8081/app/app-key?protocol=7&client=js&version=8.4.0&flash=false' failed: Error in connection establishment: net::ERR_SSL_PROTOCOL_ERROR @ http://[::1]:5173/node_modules/.vite/deps/pusher-js.js?v=78e615f6:3255
[146620087ms] [ERROR] WebSocket connection to 'wss://localhost:8081/app/app-key?protocol=7&client=js&version=8.4.0&flash=false' failed: Error in connection establishment: net::ERR_SSL_PROTOCOL_ERROR @ http://[::1]:5173/node_modules/.vite/deps/pusher-js.js?v=78e615f6:3255
[146680097ms] [ERROR] WebSocket connection to 'wss://localhost:8081/app/app-key?protocol=7&client=js&version=8.4.0&flash=false' failed: Error in connection establishment: net::ERR_SSL_PROTOCOL_ERROR @ http://[::1]:5173/node_modules/.vite/deps/pusher-js.js?v=78e615f6:3255
[146740092ms] [ERROR] WebSocket connection to 'wss://localhost:8081/app/app-key?protocol=7&client=js&version=8.4.0&flash=false' failed: Error in connection establishment: net::ERR_SSL_PROTOCOL_ERROR @ http://[::1]:5173/node_modules/.vite/deps/pusher-js.js?v=78e615f6:3255
[146800092ms] [ERROR] WebSocket connection to 'wss://localhost:8081/app/app-key?protocol=7&client=js&version=8.4.0&flash=false' failed: Error in connection establishment: net::ERR_SSL_PROTOCOL_ERROR @ http://[::1]:5173/node_modules/.vite/deps/pusher-js.js?v=78e615f6:3255
[146860092ms] [ERROR] WebSocket connection to 'wss://localhost:8081/app/app-key?protocol=7&client=js&version=8.4.0&flash=false' failed: Error in connection establishment: net::ERR_SSL_PROTOCOL_ERROR @ http://[::1]:5173/node_modules/.vite/deps/pusher-js.js?v=78e615f6:3255
[146920097ms] [ERROR] WebSocket connection to 'wss://localhost:8081/app/app-key?protocol=7&client=js&version=8.4.0&flash=false' failed: Error in connection establishment: net::ERR_SSL_PROTOCOL_ERROR @ http://[::1]:5173/node_modules/.vite/deps/pusher-js.js?v=78e615f6:3255
[146980097ms] [ERROR] WebSocket connection to 'wss://localhost:8081/app/app-key?protocol=7&client=js&version=8.4.0&flash=false' failed: Error in connection establishment: net::ERR_SSL_PROTOCOL_ERROR @ http://[::1]:5173/node_modules/.vite/deps/pusher-js.js?v=78e615f6:3255
[147040102ms] [ERROR] WebSocket connection to 'wss://localhost:8081/app/app-key?protocol=7&client=js&version=8.4.0&flash=false' failed: Error in connection establishment: net::ERR_SSL_PROTOCOL_ERROR @ http://[::1]:5173/node_modules/.vite/deps/pusher-js.js?v=78e615f6:3255
[147100102ms] [ERROR] WebSocket connection to 'wss://localhost:8081/app/app-key?protocol=7&client=js&version=8.4.0&flash=false' failed: Error in connection establishment: net::ERR_SSL_PROTOCOL_ERROR @ http://[::1]:5173/node_modules/.vite/deps/pusher-js.js?v=78e615f6:3255
[147160110ms] [ERROR] WebSocket connection to 'wss://localhost:8081/app/app-key?protocol=7&client=js&version=8.4.0&flash=false' failed: Error in connection establishment: net::ERR_SSL_PROTOCOL_ERROR @ http://[::1]:5173/node_modules/.vite/deps/pusher-js.js?v=78e615f6:3255
[147220106ms] [ERROR] WebSocket connection to 'wss://localhost:8081/app/app-key?protocol=7&client=js&version=8.4.0&flash=false' failed: Error in connection establishment: net::ERR_SSL_PROTOCOL_ERROR @ http://[::1]:5173/node_modules/.vite/deps/pusher-js.js?v=78e615f6:3255
[147280106ms] [ERROR] WebSocket connection to 'wss://localhost:8081/app/app-key?protocol=7&client=js&version=8.4.0&flash=false' failed: Error in connection establishment: net::ERR_SSL_PROTOCOL_ERROR @ http://[::1]:5173/node_modules/.vite/deps/pusher-js.js?v=78e615f6:3255
[147340117ms] [ERROR] WebSocket connection to 'wss://localhost:8081/app/app-key?protocol=7&client=js&version=8.4.0&flash=false' failed: Error in connection establishment: net::ERR_SSL_PROTOCOL_ERROR @ http://[::1]:5173/node_modules/.vite/deps/pusher-js.js?v=78e615f6:3255
[147400112ms] [ERROR] WebSocket connection to 'wss://localhost:8081/app/app-key?protocol=7&client=js&version=8.4.0&flash=false' failed: Error in connection establishment: net::ERR_SSL_PROTOCOL_ERROR @ http://[::1]:5173/node_modules/.vite/deps/pusher-js.js?v=78e615f6:3255
[147460117ms] [ERROR] WebSocket connection to 'wss://localhost:8081/app/app-key?protocol=7&client=js&version=8.4.0&flash=false' failed: Error in connection establishment: net::ERR_SSL_PROTOCOL_ERROR @ http://[::1]:5173/node_modules/.vite/deps/pusher-js.js?v=78e615f6:3255
[147520119ms] [ERROR] WebSocket connection to 'wss://localhost:8081/app/app-key?protocol=7&client=js&version=8.4.0&flash=false' failed: Error in connection establishment: net::ERR_SSL_PROTOCOL_ERROR @ http://[::1]:5173/node_modules/.vite/deps/pusher-js.js?v=78e615f6:3255
[147580122ms] [ERROR] WebSocket connection to 'wss://localhost:8081/app/app-key?protocol=7&client=js&version=8.4.0&flash=false' failed: Error in connection establishment: net::ERR_SSL_PROTOCOL_ERROR @ http://[::1]:5173/node_modules/.vite/deps/pusher-js.js?v=78e615f6:3255
[147640121ms] [ERROR] WebSocket connection to 'wss://localhost:8081/app/app-key?protocol=7&client=js&version=8.4.0&flash=false' failed: Error in connection establishment: net::ERR_SSL_PROTOCOL_ERROR @ http://[::1]:5173/node_modules/.vite/deps/pusher-js.js?v=78e615f6:3255
[147700122ms] [ERROR] WebSocket connection to 'wss://localhost:8081/app/app-key?protocol=7&client=js&version=8.4.0&flash=false' failed: Error in connection establishment: net::ERR_SSL_PROTOCOL_ERROR @ http://[::1]:5173/node_modules/.vite/deps/pusher-js.js?v=78e615f6:3255
[147760124ms] [ERROR] WebSocket connection to 'wss://localhost:8081/app/app-key?protocol=7&client=js&version=8.4.0&flash=false' failed: Error in connection establishment: net::ERR_SSL_PROTOCOL_ERROR @ http://[::1]:5173/node_modules/.vite/deps/pusher-js.js?v=78e615f6:3255
[147820125ms] [ERROR] WebSocket connection to 'wss://localhost:8081/app/app-key?protocol=7&client=js&version=8.4.0&flash=false' failed: Error in connection establishment: net::ERR_SSL_PROTOCOL_ERROR @ http://[::1]:5173/node_modules/.vite/deps/pusher-js.js?v=78e615f6:3255
[147880124ms] [ERROR] WebSocket connection to 'wss://localhost:8081/app/app-key?protocol=7&client=js&version=8.4.0&flash=false' failed: Error in connection establishment: net::ERR_SSL_PROTOCOL_ERROR @ http://[::1]:5173/node_modules/.vite/deps/pusher-js.js?v=78e615f6:3255
[147940129ms] [ERROR] WebSocket connection to 'wss://localhost:8081/app/app-key?protocol=7&client=js&version=8.4.0&flash=false' failed: Error in connection establishment: net::ERR_SSL_PROTOCOL_ERROR @ http://[::1]:5173/node_modules/.vite/deps/pusher-js.js?v=78e615f6:3255
[148000141ms] [ERROR] WebSocket connection to 'wss://localhost:8081/app/app-key?protocol=7&client=js&version=8.4.0&flash=false' failed: Error in connection establishment: net::ERR_SSL_PROTOCOL_ERROR @ http://[::1]:5173/node_modules/.vite/deps/pusher-js.js?v=78e615f6:3255
[148060135ms] [ERROR] WebSocket connection to 'wss://localhost:8081/app/app-key?protocol=7&client=js&version=8.4.0&flash=false' failed: Error in connection establishment: net::ERR_SSL_PROTOCOL_ERROR @ http://[::1]:5173/node_modules/.vite/deps/pusher-js.js?v=78e615f6:3255
[148120136ms] [ERROR] WebSocket connection to 'wss://localhost:8081/app/app-key?protocol=7&client=js&version=8.4.0&flash=false' failed: Error in connection establishment: net::ERR_SSL_PROTOCOL_ERROR @ http://[::1]:5173/node_modules/.vite/deps/pusher-js.js?v=78e615f6:3255
[148180134ms] [ERROR] WebSocket connection to 'wss://localhost:8081/app/app-key?protocol=7&client=js&version=8.4.0&flash=false' failed: Error in connection establishment: net::ERR_SSL_PROTOCOL_ERROR @ http://[::1]:5173/node_modules/.vite/deps/pusher-js.js?v=78e615f6:3255
[148240138ms] [ERROR] WebSocket connection to 'wss://localhost:8081/app/app-key?protocol=7&client=js&version=8.4.0&flash=false' failed: Error in connection establishment: net::ERR_SSL_PROTOCOL_ERROR @ http://[::1]:5173/node_modules/.vite/deps/pusher-js.js?v=78e615f6:3255
[148300138ms] [ERROR] WebSocket connection to 'wss://localhost:8081/app/app-key?protocol=7&client=js&version=8.4.0&flash=false' failed: Error in connection establishment: net::ERR_SSL_PROTOCOL_ERROR @ http://[::1]:5173/node_modules/.vite/deps/pusher-js.js?v=78e615f6:3255
[148360154ms] [ERROR] WebSocket connection to 'wss://localhost:8081/app/app-key?protocol=7&client=js&version=8.4.0&flash=false' failed: Error in connection establishment: net::ERR_SSL_PROTOCOL_ERROR @ http://[::1]:5173/node_modules/.vite/deps/pusher-js.js?v=78e615f6:3255
[148420146ms] [ERROR] WebSocket connection to 'wss://localhost:8081/app/app-key?protocol=7&client=js&version=8.4.0&flash=false' failed: Error in connection establishment: net::ERR_SSL_PROTOCOL_ERROR @ http://[::1]:5173/node_modules/.vite/deps/pusher-js.js?v=78e615f6:3255
[148480144ms] [ERROR] WebSocket connection to 'wss://localhost:8081/app/app-key?protocol=7&client=js&version=8.4.0&flash=false' failed: Error in connection establishment: net::ERR_SSL_PROTOCOL_ERROR @ http://[::1]:5173/node_modules/.vite/deps/pusher-js.js?v=78e615f6:3255
[148540150ms] [ERROR] WebSocket connection to 'wss://localhost:8081/app/app-key?protocol=7&client=js&version=8.4.0&flash=false' failed: Error in connection establishment: net::ERR_SSL_PROTOCOL_ERROR @ http://[::1]:5173/node_modules/.vite/deps/pusher-js.js?v=78e615f6:3255
[148600177ms] [ERROR] WebSocket connection to 'wss://localhost:8081/app/app-key?protocol=7&client=js&version=8.4.0&flash=false' failed: Error in connection establishment: net::ERR_SSL_PROTOCOL_ERROR @ http://[::1]:5173/node_modules/.vite/deps/pusher-js.js?v=78e615f6:3255
[148660152ms] [ERROR] WebSocket connection to 'wss://localhost:8081/app/app-key?protocol=7&client=js&version=8.4.0&flash=false' failed: Error in connection establishment: net::ERR_SSL_PROTOCOL_ERROR @ http://[::1]:5173/node_modules/.vite/deps/pusher-js.js?v=78e615f6:3255
[148720155ms] [ERROR] WebSocket connection to 'wss://localhost:8081/app/app-key?protocol=7&client=js&version=8.4.0&flash=false' failed: Error in connection establishment: net::ERR_SSL_PROTOCOL_ERROR @ http://[::1]:5173/node_modules/.vite/deps/pusher-js.js?v=78e615f6:3255
[148780159ms] [ERROR] WebSocket connection to 'wss://localhost:8081/app/app-key?protocol=7&client=js&version=8.4.0&flash=false' failed: Error in connection establishment: net::ERR_SSL_PROTOCOL_ERROR @ http://[::1]:5173/node_modules/.vite/deps/pusher-js.js?v=78e615f6:3255
[148840155ms] [ERROR] WebSocket connection to 'wss://localhost:8081/app/app-key?protocol=7&client=js&version=8.4.0&flash=false' failed: Error in connection establishment: net::ERR_SSL_PROTOCOL_ERROR @ http://[::1]:5173/node_modules/.vite/deps/pusher-js.js?v=78e615f6:3255
[148900160ms] [ERROR] WebSocket connection to 'wss://localhost:8081/app/app-key?protocol=7&client=js&version=8.4.0&flash=false' failed: Error in connection establishment: net::ERR_SSL_PROTOCOL_ERROR @ http://[::1]:5173/node_modules/.vite/deps/pusher-js.js?v=78e615f6:3255
[148960163ms] [ERROR] WebSocket connection to 'wss://localhost:8081/app/app-key?protocol=7&client=js&version=8.4.0&flash=false' failed: Error in connection establishment: net::ERR_SSL_PROTOCOL_ERROR @ http://[::1]:5173/node_modules/.vite/deps/pusher-js.js?v=78e615f6:3255
[149020160ms] [ERROR] WebSocket connection to 'wss://localhost:8081/app/app-key?protocol=7&client=js&version=8.4.0&flash=false' failed: Error in connection establishment: net::ERR_SSL_PROTOCOL_ERROR @ http://[::1]:5173/node_modules/.vite/deps/pusher-js.js?v=78e615f6:3255
[149080164ms] [ERROR] WebSocket connection to 'wss://localhost:8081/app/app-key?protocol=7&client=js&version=8.4.0&flash=false' failed: Error in connection establishment: net::ERR_SSL_PROTOCOL_ERROR @ http://[::1]:5173/node_modules/.vite/deps/pusher-js.js?v=78e615f6:3255
[149140170ms] [ERROR] WebSocket connection to 'wss://localhost:8081/app/app-key?protocol=7&client=js&version=8.4.0&flash=false' failed: Error in connection establishment: net::ERR_SSL_PROTOCOL_ERROR @ http://[::1]:5173/node_modules/.vite/deps/pusher-js.js?v=78e615f6:3255
[149200170ms] [ERROR] WebSocket connection to 'wss://localhost:8081/app/app-key?protocol=7&client=js&version=8.4.0&flash=false' failed: Error in connection establishment: net::ERR_SSL_PROTOCOL_ERROR @ http://[::1]:5173/node_modules/.vite/deps/pusher-js.js?v=78e615f6:3255
[149260200ms] [ERROR] WebSocket connection to 'wss://localhost:8081/app/app-key?protocol=7&client=js&version=8.4.0&flash=false' failed: Error in connection establishment: net::ERR_SSL_PROTOCOL_ERROR @ http://[::1]:5173/node_modules/.vite/deps/pusher-js.js?v=78e615f6:3255
[149320199ms] [ERROR] WebSocket connection to 'wss://localhost:8081/app/app-key?protocol=7&client=js&version=8.4.0&flash=false' failed: Error in connection establishment: net::ERR_SSL_PROTOCOL_ERROR @ http://[::1]:5173/node_modules/.vite/deps/pusher-js.js?v=78e615f6:3255
[149380200ms] [ERROR] WebSocket connection to 'wss://localhost:8081/app/app-key?protocol=7&client=js&version=8.4.0&flash=false' failed: Error in connection establishment: net::ERR_SSL_PROTOCOL_ERROR @ http://[::1]:5173/node_modules/.vite/deps/pusher-js.js?v=78e615f6:3255
[149440214ms] [ERROR] WebSocket connection to 'wss://localhost:8081/app/app-key?protocol=7&client=js&version=8.4.0&flash=false' failed: Error in connection establishment: net::ERR_SSL_PROTOCOL_ERROR @ http://[::1]:5173/node_modules/.vite/deps/pusher-js.js?v=78e615f6:3255
[149500208ms] [ERROR] WebSocket connection to 'wss://localhost:8081/app/app-key?protocol=7&client=js&version=8.4.0&flash=false' failed: Error in connection establishment: net::ERR_SSL_PROTOCOL_ERROR @ http://[::1]:5173/node_modules/.vite/deps/pusher-js.js?v=78e615f6:3255
[149560212ms] [ERROR] WebSocket connection to 'wss://localhost:8081/app/app-key?protocol=7&client=js&version=8.4.0&flash=false' failed: Error in connection establishment: net::ERR_SSL_PROTOCOL_ERROR @ http://[::1]:5173/node_modules/.vite/deps/pusher-js.js?v=78e615f6:3255
[149620215ms] [ERROR] WebSocket connection to 'wss://localhost:8081/app/app-key?protocol=7&client=js&version=8.4.0&flash=false' failed: Error in connection establishment: net::ERR_SSL_PROTOCOL_ERROR @ http://[::1]:5173/node_modules/.vite/deps/pusher-js.js?v=78e615f6:3255
[149680213ms] [ERROR] WebSocket connection to 'wss://localhost:8081/app/app-key?protocol=7&client=js&version=8.4.0&flash=false' failed: Error in connection establishment: net::ERR_SSL_PROTOCOL_ERROR @ http://[::1]:5173/node_modules/.vite/deps/pusher-js.js?v=78e615f6:3255
[149740214ms] [ERROR] WebSocket connection to 'wss://localhost:8081/app/app-key?protocol=7&client=js&version=8.4.0&flash=false' failed: Error in connection establishment: net::ERR_SSL_PROTOCOL_ERROR @ http://[::1]:5173/node_modules/.vite/deps/pusher-js.js?v=78e615f6:3255
[149800220ms] [ERROR] WebSocket connection to 'wss://localhost:8081/app/app-key?protocol=7&client=js&version=8.4.0&flash=false' failed: Error in connection establishment: net::ERR_SSL_PROTOCOL_ERROR @ http://[::1]:5173/node_modules/.vite/deps/pusher-js.js?v=78e615f6:3255
[149860223ms] [ERROR] WebSocket connection to 'wss://localhost:8081/app/app-key?protocol=7&client=js&version=8.4.0&flash=false' failed: Error in connection establishment: net::ERR_SSL_PROTOCOL_ERROR @ http://[::1]:5173/node_modules/.vite/deps/pusher-js.js?v=78e615f6:3255
[149920224ms] [ERROR] WebSocket connection to 'wss://localhost:8081/app/app-key?protocol=7&client=js&version=8.4.0&flash=false' failed: Error in connection establishment: net::ERR_SSL_PROTOCOL_ERROR @ http://[::1]:5173/node_modules/.vite/deps/pusher-js.js?v=78e615f6:3255
[149980228ms] [ERROR] WebSocket connection to 'wss://localhost:8081/app/app-key?protocol=7&client=js&version=8.4.0&flash=false' failed: Error in connection establishment: net::ERR_SSL_PROTOCOL_ERROR @ http://[::1]:5173/node_modules/.vite/deps/pusher-js.js?v=78e615f6:3255
[150040226ms] [ERROR] WebSocket connection to 'wss://localhost:8081/app/app-key?protocol=7&client=js&version=8.4.0&flash=false' failed: Error in connection establishment: net::ERR_SSL_PROTOCOL_ERROR @ http://[::1]:5173/node_modules/.vite/deps/pusher-js.js?v=78e615f6:3255
[150100234ms] [ERROR] WebSocket connection to 'wss://localhost:8081/app/app-key?protocol=7&client=js&version=8.4.0&flash=false' failed: Error in connection establishment: net::ERR_SSL_PROTOCOL_ERROR @ http://[::1]:5173/node_modules/.vite/deps/pusher-js.js?v=78e615f6:3255
[150160246ms] [ERROR] WebSocket connection to 'wss://localhost:8081/app/app-key?protocol=7&client=js&version=8.4.0&flash=false' failed: Error in connection establishment: net::ERR_SSL_PROTOCOL_ERROR @ http://[::1]:5173/node_modules/.vite/deps/pusher-js.js?v=78e615f6:3255
[150220233ms] [ERROR] WebSocket connection to 'wss://localhost:8081/app/app-key?protocol=7&client=js&version=8.4.0&flash=false' failed: Error in connection establishment: net::ERR_SSL_PROTOCOL_ERROR @ http://[::1]:5173/node_modules/.vite/deps/pusher-js.js?v=78e615f6:3255
[150280240ms] [ERROR] WebSocket connection to 'wss://localhost:8081/app/app-key?protocol=7&client=js&version=8.4.0&flash=false' failed: Error in connection establishment: net::ERR_SSL_PROTOCOL_ERROR @ http://[::1]:5173/node_modules/.vite/deps/pusher-js.js?v=78e615f6:3255
[150340238ms] [ERROR] WebSocket connection to 'wss://localhost:8081/app/app-key?protocol=7&client=js&version=8.4.0&flash=false' failed: Error in connection establishment: net::ERR_SSL_PROTOCOL_ERROR @ http://[::1]:5173/node_modules/.vite/deps/pusher-js.js?v=78e615f6:3255
[150400246ms] [ERROR] WebSocket connection to 'wss://localhost:8081/app/app-key?protocol=7&client=js&version=8.4.0&flash=false' failed: Error in connection establishment: net::ERR_SSL_PROTOCOL_ERROR @ http://[::1]:5173/node_modules/.vite/deps/pusher-js.js?v=78e615f6:3255
[150460253ms] [ERROR] WebSocket connection to 'wss://localhost:8081/app/app-key?protocol=7&client=js&version=8.4.0&flash=false' failed: Error in connection establishment: net::ERR_SSL_PROTOCOL_ERROR @ http://[::1]:5173/node_modules/.vite/deps/pusher-js.js?v=78e615f6:3255
[150520243ms] [ERROR] WebSocket connection to 'wss://localhost:8081/app/app-key?protocol=7&client=js&version=8.4.0&flash=false' failed: Error in connection establishment: net::ERR_SSL_PROTOCOL_ERROR @ http://[::1]:5173/node_modules/.vite/deps/pusher-js.js?v=78e615f6:3255
[150580252ms] [ERROR] WebSocket connection to 'wss://localhost:8081/app/app-key?protocol=7&client=js&version=8.4.0&flash=false' failed: Error in connection establishment: net::ERR_SSL_PROTOCOL_ERROR @ http://[::1]:5173/node_modules/.vite/deps/pusher-js.js?v=78e615f6:3255
[150640251ms] [ERROR] WebSocket connection to 'wss://localhost:8081/app/app-key?protocol=7&client=js&version=8.4.0&flash=false' failed: Error in connection establishment: net::ERR_SSL_PROTOCOL_ERROR @ http://[::1]:5173/node_modules/.vite/deps/pusher-js.js?v=78e615f6:3255
[150700264ms] [ERROR] WebSocket connection to 'wss://localhost:8081/app/app-key?protocol=7&client=js&version=8.4.0&flash=false' failed: Error in connection establishment: net::ERR_SSL_PROTOCOL_ERROR @ http://[::1]:5173/node_modules/.vite/deps/pusher-js.js?v=78e615f6:3255
[150760271ms] [ERROR] WebSocket connection to 'wss://localhost:8081/app/app-key?protocol=7&client=js&version=8.4.0&flash=false' failed: Error in connection establishment: net::ERR_SSL_PROTOCOL_ERROR @ http://[::1]:5173/node_modules/.vite/deps/pusher-js.js?v=78e615f6:3255
[150820271ms] [ERROR] WebSocket connection to 'wss://localhost:8081/app/app-key?protocol=7&client=js&version=8.4.0&flash=false' failed: Error in connection establishment: net::ERR_SSL_PROTOCOL_ERROR @ http://[::1]:5173/node_modules/.vite/deps/pusher-js.js?v=78e615f6:3255
[150880271ms] [ERROR] WebSocket connection to 'wss://localhost:8081/app/app-key?protocol=7&client=js&version=8.4.0&flash=false' failed: Error in connection establishment: net::ERR_SSL_PROTOCOL_ERROR @ http://[::1]:5173/node_modules/.vite/deps/pusher-js.js?v=78e615f6:3255
[150940281ms] [ERROR] WebSocket connection to 'wss://localhost:8081/app/app-key?protocol=7&client=js&version=8.4.0&flash=false' failed: Error in connection establishment: net::ERR_SSL_PROTOCOL_ERROR @ http://[::1]:5173/node_modules/.vite/deps/pusher-js.js?v=78e615f6:3255
[151000269ms] [ERROR] WebSocket connection to 'wss://localhost:8081/app/app-key?protocol=7&client=js&version=8.4.0&flash=false' failed: Error in connection establishment: net::ERR_SSL_PROTOCOL_ERROR @ http://[::1]:5173/node_modules/.vite/deps/pusher-js.js?v=78e615f6:3255
[151060278ms] [ERROR] WebSocket connection to 'wss://localhost:8081/app/app-key?protocol=7&client=js&version=8.4.0&flash=false' failed: Error in connection establishment: net::ERR_SSL_PROTOCOL_ERROR @ http://[::1]:5173/node_modules/.vite/deps/pusher-js.js?v=78e615f6:3255
[151120280ms] [ERROR] WebSocket connection to 'wss://localhost:8081/app/app-key?protocol=7&client=js&version=8.4.0&flash=false' failed: Error in connection establishment: net::ERR_SSL_PROTOCOL_ERROR @ http://[::1]:5173/node_modules/.vite/deps/pusher-js.js?v=78e615f6:3255
[151180283ms] [ERROR] WebSocket connection to 'wss://localhost:8081/app/app-key?protocol=7&client=js&version=8.4.0&flash=false' failed: Error in connection establishment: net::ERR_SSL_PROTOCOL_ERROR @ http://[::1]:5173/node_modules/.vite/deps/pusher-js.js?v=78e615f6:3255
[151240248ms] [ERROR] WebSocket connection to 'wss://localhost:8081/app/app-key?protocol=7&client=js&version=8.4.0&flash=false' failed: Error in connection establishment: net::ERR_SSL_PROTOCOL_ERROR @ http://[::1]:5173/node_modules/.vite/deps/pusher-js.js?v=78e615f6:3255
[151300249ms] [ERROR] WebSocket connection to 'wss://localhost:8081/app/app-key?protocol=7&client=js&version=8.4.0&flash=false' failed: Error in connection establishment: net::ERR_SSL_PROTOCOL_ERROR @ http://[::1]:5173/node_modules/.vite/deps/pusher-js.js?v=78e615f6:3255
[151360255ms] [ERROR] WebSocket connection to 'wss://localhost:8081/app/app-key?protocol=7&client=js&version=8.4.0&flash=false' failed: Error in connection establishment: net::ERR_SSL_PROTOCOL_ERROR @ http://[::1]:5173/node_modules/.vite/deps/pusher-js.js?v=78e615f6:3255
[151420252ms] [ERROR] WebSocket connection to 'wss://localhost:8081/app/app-key?protocol=7&client=js&version=8.4.0&flash=false' failed: Error in connection establishment: net::ERR_SSL_PROTOCOL_ERROR @ http://[::1]:5173/node_modules/.vite/deps/pusher-js.js?v=78e615f6:3255
[151480253ms] [ERROR] WebSocket connection to 'wss://localhost:8081/app/app-key?protocol=7&client=js&version=8.4.0&flash=false' failed: Error in connection establishment: net::ERR_SSL_PROTOCOL_ERROR @ http://[::1]:5173/node_modules/.vite/deps/pusher-js.js?v=78e615f6:3255
[151540256ms] [ERROR] WebSocket connection to 'wss://localhost:8081/app/app-key?protocol=7&client=js&version=8.4.0&flash=false' failed: Error in connection establishment: net::ERR_SSL_PROTOCOL_ERROR @ http://[::1]:5173/node_modules/.vite/deps/pusher-js.js?v=78e615f6:3255
[151600261ms] [ERROR] WebSocket connection to 'wss://localhost:8081/app/app-key?protocol=7&client=js&version=8.4.0&flash=false' failed: Error in connection establishment: net::ERR_SSL_PROTOCOL_ERROR @ http://[::1]:5173/node_modules/.vite/deps/pusher-js.js?v=78e615f6:3255
[151660263ms] [ERROR] WebSocket connection to 'wss://localhost:8081/app/app-key?protocol=7&client=js&version=8.4.0&flash=false' failed: Error in connection establishment: net::ERR_SSL_PROTOCOL_ERROR @ http://[::1]:5173/node_modules/.vite/deps/pusher-js.js?v=78e615f6:3255
[151720266ms] [ERROR] WebSocket connection to 'wss://localhost:8081/app/app-key?protocol=7&client=js&version=8.4.0&flash=false' failed: Error in connection establishment: net::ERR_SSL_PROTOCOL_ERROR @ http://[::1]:5173/node_modules/.vite/deps/pusher-js.js?v=78e615f6:3255
[151780265ms] [ERROR] WebSocket connection to 'wss://localhost:8081/app/app-key?protocol=7&client=js&version=8.4.0&flash=false' failed: Error in connection establishment: net::ERR_SSL_PROTOCOL_ERROR @ http://[::1]:5173/node_modules/.vite/deps/pusher-js.js?v=78e615f6:3255
[151840267ms] [ERROR] WebSocket connection to 'wss://localhost:8081/app/app-key?protocol=7&client=js&version=8.4.0&flash=false' failed: Error in connection establishment: net::ERR_SSL_PROTOCOL_ERROR @ http://[::1]:5173/node_modules/.vite/deps/pusher-js.js?v=78e615f6:3255
[151900267ms] [ERROR] WebSocket connection to 'wss://localhost:8081/app/app-key?protocol=7&client=js&version=8.4.0&flash=false' failed: Error in connection establishment: net::ERR_SSL_PROTOCOL_ERROR @ http://[::1]:5173/node_modules/.vite/deps/pusher-js.js?v=78e615f6:3255
[151960263ms] [ERROR] WebSocket connection to 'wss://localhost:8081/app/app-key?protocol=7&client=js&version=8.4.0&flash=false' failed: Error in connection establishment: net::ERR_SSL_PROTOCOL_ERROR @ http://[::1]:5173/node_modules/.vite/deps/pusher-js.js?v=78e615f6:3255
[152020266ms] [ERROR] WebSocket connection to 'wss://localhost:8081/app/app-key?protocol=7&client=js&version=8.4.0&flash=false' failed: Error in connection establishment: net::ERR_SSL_PROTOCOL_ERROR @ http://[::1]:5173/node_modules/.vite/deps/pusher-js.js?v=78e615f6:3255
[152080270ms] [ERROR] WebSocket connection to 'wss://localhost:8081/app/app-key?protocol=7&client=js&version=8.4.0&flash=false' failed: Error in connection establishment: net::ERR_SSL_PROTOCOL_ERROR @ http://[::1]:5173/node_modules/.vite/deps/pusher-js.js?v=78e615f6:3255
[152140272ms] [ERROR] WebSocket connection to 'wss://localhost:8081/app/app-key?protocol=7&client=js&version=8.4.0&flash=false' failed: Error in connection establishment: net::ERR_SSL_PROTOCOL_ERROR @ http://[::1]:5173/node_modules/.vite/deps/pusher-js.js?v=78e615f6:3255
[152200274ms] [ERROR] WebSocket connection to 'wss://localhost:8081/app/app-key?protocol=7&client=js&version=8.4.0&flash=false' failed: Error in connection establishment: net::ERR_SSL_PROTOCOL_ERROR @ http://[::1]:5173/node_modules/.vite/deps/pusher-js.js?v=78e615f6:3255
[152260277ms] [ERROR] WebSocket connection to 'wss://localhost:8081/app/app-key?protocol=7&client=js&version=8.4.0&flash=false' failed: Error in connection establishment: net::ERR_SSL_PROTOCOL_ERROR @ http://[::1]:5173/node_modules/.vite/deps/pusher-js.js?v=78e615f6:3255
[152320271ms] [ERROR] WebSocket connection to 'wss://localhost:8081/app/app-key?protocol=7&client=js&version=8.4.0&flash=false' failed: Error in connection establishment: net::ERR_SSL_PROTOCOL_ERROR @ http://[::1]:5173/node_modules/.vite/deps/pusher-js.js?v=78e615f6:3255
[152380348ms] [ERROR] WebSocket connection to 'wss://localhost:8081/app/app-key?protocol=7&client=js&version=8.4.0&flash=false' failed: Error in connection establishment: net::ERR_SSL_PROTOCOL_ERROR @ http://[::1]:5173/node_modules/.vite/deps/pusher-js.js?v=78e615f6:3255
[152440283ms] [ERROR] WebSocket connection to 'wss://localhost:8081/app/app-key?protocol=7&client=js&version=8.4.0&flash=false' failed: Error in connection establishment: net::ERR_SSL_PROTOCOL_ERROR @ http://[::1]:5173/node_modules/.vite/deps/pusher-js.js?v=78e615f6:3255
[152500284ms] [ERROR] WebSocket connection to 'wss://localhost:8081/app/app-key?protocol=7&client=js&version=8.4.0&flash=false' failed: Error in connection establishment: net::ERR_SSL_PROTOCOL_ERROR @ http://[::1]:5173/node_modules/.vite/deps/pusher-js.js?v=78e615f6:3255
[152560281ms] [ERROR] WebSocket connection to 'wss://localhost:8081/app/app-key?protocol=7&client=js&version=8.4.0&flash=false' failed: Error in connection establishment: net::ERR_SSL_PROTOCOL_ERROR @ http://[::1]:5173/node_modules/.vite/deps/pusher-js.js?v=78e615f6:3255
[152620289ms] [ERROR] WebSocket connection to 'wss://localhost:8081/app/app-key?protocol=7&client=js&version=8.4.0&flash=false' failed: Error in connection establishment: net::ERR_SSL_PROTOCOL_ERROR @ http://[::1]:5173/node_modules/.vite/deps/pusher-js.js?v=78e615f6:3255
[152680290ms] [ERROR] WebSocket connection to 'wss://localhost:8081/app/app-key?protocol=7&client=js&version=8.4.0&flash=false' failed: Error in connection establishment: net::ERR_SSL_PROTOCOL_ERROR @ http://[::1]:5173/node_modules/.vite/deps/pusher-js.js?v=78e615f6:3255
[152740292ms] [ERROR] WebSocket connection to 'wss://localhost:8081/app/app-key?protocol=7&client=js&version=8.4.0&flash=false' failed: Error in connection establishment: net::ERR_SSL_PROTOCOL_ERROR @ http://[::1]:5173/node_modules/.vite/deps/pusher-js.js?v=78e615f6:3255
[152800291ms] [ERROR] WebSocket connection to 'wss://localhost:8081/app/app-key?protocol=7&client=js&version=8.4.0&flash=false' failed: Error in connection establishment: net::ERR_SSL_PROTOCOL_ERROR @ http://[::1]:5173/node_modules/.vite/deps/pusher-js.js?v=78e615f6:3255
[152860292ms] [ERROR] WebSocket connection to 'wss://localhost:8081/app/app-key?protocol=7&client=js&version=8.4.0&flash=false' failed: Error in connection establishment: net::ERR_SSL_PROTOCOL_ERROR @ http://[::1]:5173/node_modules/.vite/deps/pusher-js.js?v=78e615f6:3255
[152920297ms] [ERROR] WebSocket connection to 'wss://localhost:8081/app/app-key?protocol=7&client=js&version=8.4.0&flash=false' failed: Error in connection establishment: net::ERR_SSL_PROTOCOL_ERROR @ http://[::1]:5173/node_modules/.vite/deps/pusher-js.js?v=78e615f6:3255
[152980301ms] [ERROR] WebSocket connection to 'wss://localhost:8081/app/app-key?protocol=7&client=js&version=8.4.0&flash=false' failed: Error in connection establishment: net::ERR_SSL_PROTOCOL_ERROR @ http://[::1]:5173/node_modules/.vite/deps/pusher-js.js?v=78e615f6:3255
[153040303ms] [ERROR] WebSocket connection to 'wss://localhost:8081/app/app-key?protocol=7&client=js&version=8.4.0&flash=false' failed: Error in connection establishment: net::ERR_SSL_PROTOCOL_ERROR @ http://[::1]:5173/node_modules/.vite/deps/pusher-js.js?v=78e615f6:3255
[153100299ms] [ERROR] WebSocket connection to 'wss://localhost:8081/app/app-key?protocol=7&client=js&version=8.4.0&flash=false' failed: Error in connection establishment: net::ERR_SSL_PROTOCOL_ERROR @ http://[::1]:5173/node_modules/.vite/deps/pusher-js.js?v=78e615f6:3255
[153160305ms] [ERROR] WebSocket connection to 'wss://localhost:8081/app/app-key?protocol=7&client=js&version=8.4.0&flash=false' failed: Error in connection establishment: net::ERR_SSL_PROTOCOL_ERROR @ http://[::1]:5173/node_modules/.vite/deps/pusher-js.js?v=78e615f6:3255
[153220310ms] [ERROR] WebSocket connection to 'wss://localhost:8081/app/app-key?protocol=7&client=js&version=8.4.0&flash=false' failed: Error in connection establishment: net::ERR_SSL_PROTOCOL_ERROR @ http://[::1]:5173/node_modules/.vite/deps/pusher-js.js?v=78e615f6:3255
[153280316ms] [ERROR] WebSocket connection to 'wss://localhost:8081/app/app-key?protocol=7&client=js&version=8.4.0&flash=false' failed: Error in connection establishment: net::ERR_SSL_PROTOCOL_ERROR @ http://[::1]:5173/node_modules/.vite/deps/pusher-js.js?v=78e615f6:3255
[153340322ms] [ERROR] WebSocket connection to 'wss://localhost:8081/app/app-key?protocol=7&client=js&version=8.4.0&flash=false' failed: Error in connection establishment: net::ERR_SSL_PROTOCOL_ERROR @ http://[::1]:5173/node_modules/.vite/deps/pusher-js.js?v=78e615f6:3255
[153400323ms] [ERROR] WebSocket connection to 'wss://localhost:8081/app/app-key?protocol=7&client=js&version=8.4.0&flash=false' failed: Error in connection establishment: net::ERR_SSL_PROTOCOL_ERROR @ http://[::1]:5173/node_modules/.vite/deps/pusher-js.js?v=78e615f6:3255
[153460322ms] [ERROR] WebSocket connection to 'wss://localhost:8081/app/app-key?protocol=7&client=js&version=8.4.0&flash=false' failed: Error in connection establishment: net::ERR_SSL_PROTOCOL_ERROR @ http://[::1]:5173/node_modules/.vite/deps/pusher-js.js?v=78e615f6:3255
[153520327ms] [ERROR] WebSocket connection to 'wss://localhost:8081/app/app-key?protocol=7&client=js&version=8.4.0&flash=false' failed: Error in connection establishment: net::ERR_SSL_PROTOCOL_ERROR @ http://[::1]:5173/node_modules/.vite/deps/pusher-js.js?v=78e615f6:3255
[153580322ms] [ERROR] WebSocket connection to 'wss://localhost:8081/app/app-key?protocol=7&client=js&version=8.4.0&flash=false' failed: Error in connection establishment: net::ERR_SSL_PROTOCOL_ERROR @ http://[::1]:5173/node_modules/.vite/deps/pusher-js.js?v=78e615f6:3255
[153640325ms] [ERROR] WebSocket connection to 'wss://localhost:8081/app/app-key?protocol=7&client=js&version=8.4.0&flash=false' failed: Error in connection establishment: net::ERR_SSL_PROTOCOL_ERROR @ http://[::1]:5173/node_modules/.vite/deps/pusher-js.js?v=78e615f6:3255
[153700324ms] [ERROR] WebSocket connection to 'wss://localhost:8081/app/app-key?protocol=7&client=js&version=8.4.0&flash=false' failed: Error in connection establishment: net::ERR_SSL_PROTOCOL_ERROR @ http://[::1]:5173/node_modules/.vite/deps/pusher-js.js?v=78e615f6:3255
[153760332ms] [ERROR] WebSocket connection to 'wss://localhost:8081/app/app-key?protocol=7&client=js&version=8.4.0&flash=false' failed: Error in connection establishment: net::ERR_SSL_PROTOCOL_ERROR @ http://[::1]:5173/node_modules/.vite/deps/pusher-js.js?v=78e615f6:3255
[153820332ms] [ERROR] WebSocket connection to 'wss://localhost:8081/app/app-key?protocol=7&client=js&version=8.4.0&flash=false' failed: Error in connection establishment: net::ERR_SSL_PROTOCOL_ERROR @ http://[::1]:5173/node_modules/.vite/deps/pusher-js.js?v=78e615f6:3255
[153880332ms] [ERROR] WebSocket connection to 'wss://localhost:8081/app/app-key?protocol=7&client=js&version=8.4.0&flash=false' failed: Error in connection establishment: net::ERR_SSL_PROTOCOL_ERROR @ http://[::1]:5173/node_modules/.vite/deps/pusher-js.js?v=78e615f6:3255
[153940341ms] [ERROR] WebSocket connection to 'wss://localhost:8081/app/app-key?protocol=7&client=js&version=8.4.0&flash=false' failed: Error in connection establishment: net::ERR_SSL_PROTOCOL_ERROR @ http://[::1]:5173/node_modules/.vite/deps/pusher-js.js?v=78e615f6:3255
[154000341ms] [ERROR] WebSocket connection to 'wss://localhost:8081/app/app-key?protocol=7&client=js&version=8.4.0&flash=false' failed: Error in connection establishment: net::ERR_SSL_PROTOCOL_ERROR @ http://[::1]:5173/node_modules/.vite/deps/pusher-js.js?v=78e615f6:3255
[154060339ms] [ERROR] WebSocket connection to 'wss://localhost:8081/app/app-key?protocol=7&client=js&version=8.4.0&flash=false' failed: Error in connection establishment: net::ERR_SSL_PROTOCOL_ERROR @ http://[::1]:5173/node_modules/.vite/deps/pusher-js.js?v=78e615f6:3255
[154120340ms] [ERROR] WebSocket connection to 'wss://localhost:8081/app/app-key?protocol=7&client=js&version=8.4.0&flash=false' failed: Error in connection establishment: net::ERR_SSL_PROTOCOL_ERROR @ http://[::1]:5173/node_modules/.vite/deps/pusher-js.js?v=78e615f6:3255
[154180340ms] [ERROR] WebSocket connection to 'wss://localhost:8081/app/app-key?protocol=7&client=js&version=8.4.0&flash=false' failed: Error in connection establishment: net::ERR_SSL_PROTOCOL_ERROR @ http://[::1]:5173/node_modules/.vite/deps/pusher-js.js?v=78e615f6:3255
[154240346ms] [ERROR] WebSocket connection to 'wss://localhost:8081/app/app-key?protocol=7&client=js&version=8.4.0&flash=false' failed: Error in connection establishment: net::ERR_SSL_PROTOCOL_ERROR @ http://[::1]:5173/node_modules/.vite/deps/pusher-js.js?v=78e615f6:3255
[154300346ms] [ERROR] WebSocket connection to 'wss://localhost:8081/app/app-key?protocol=7&client=js&version=8.4.0&flash=false' failed: Error in connection establishment: net::ERR_SSL_PROTOCOL_ERROR @ http://[::1]:5173/node_modules/.vite/deps/pusher-js.js?v=78e615f6:3255
[154360358ms] [ERROR] WebSocket connection to 'wss://localhost:8081/app/app-key?protocol=7&client=js&version=8.4.0&flash=false' failed: Error in connection establishment: net::ERR_SSL_PROTOCOL_ERROR @ http://[::1]:5173/node_modules/.vite/deps/pusher-js.js?v=78e615f6:3255
[154420349ms] [ERROR] WebSocket connection to 'wss://localhost:8081/app/app-key?protocol=7&client=js&version=8.4.0&flash=false' failed: Error in connection establishment: net::ERR_SSL_PROTOCOL_ERROR @ http://[::1]:5173/node_modules/.vite/deps/pusher-js.js?v=78e615f6:3255
[154480350ms] [ERROR] WebSocket connection to 'wss://localhost:8081/app/app-key?protocol=7&client=js&version=8.4.0&flash=false' failed: Error in connection establishment: net::ERR_SSL_PROTOCOL_ERROR @ http://[::1]:5173/node_modules/.vite/deps/pusher-js.js?v=78e615f6:3255
[154540349ms] [ERROR] WebSocket connection to 'wss://localhost:8081/app/app-key?protocol=7&client=js&version=8.4.0&flash=false' failed: Error in connection establishment: net::ERR_SSL_PROTOCOL_ERROR @ http://[::1]:5173/node_modules/.vite/deps/pusher-js.js?v=78e615f6:3255
[154600354ms] [ERROR] WebSocket connection to 'wss://localhost:8081/app/app-key?protocol=7&client=js&version=8.4.0&flash=false' failed: Error in connection establishment: net::ERR_SSL_PROTOCOL_ERROR @ http://[::1]:5173/node_modules/.vite/deps/pusher-js.js?v=78e615f6:3255
[154660356ms] [ERROR] WebSocket connection to 'wss://localhost:8081/app/app-key?protocol=7&client=js&version=8.4.0&flash=false' failed: Error in connection establishment: net::ERR_SSL_PROTOCOL_ERROR @ http://[::1]:5173/node_modules/.vite/deps/pusher-js.js?v=78e615f6:3255
[154720360ms] [ERROR] WebSocket connection to 'wss://localhost:8081/app/app-key?protocol=7&client=js&version=8.4.0&flash=false' failed: Error in connection establishment: net::ERR_SSL_PROTOCOL_ERROR @ http://[::1]:5173/node_modules/.vite/deps/pusher-js.js?v=78e615f6:3255
[154780360ms] [ERROR] WebSocket connection to 'wss://localhost:8081/app/app-key?protocol=7&client=js&version=8.4.0&flash=false' failed: Error in connection establishment: net::ERR_SSL_PROTOCOL_ERROR @ http://[::1]:5173/node_modules/.vite/deps/pusher-js.js?v=78e615f6:3255
[154840369ms] [ERROR] WebSocket connection to 'wss://localhost:8081/app/app-key?protocol=7&client=js&version=8.4.0&flash=false' failed: Error in connection establishment: net::ERR_SSL_PROTOCOL_ERROR @ http://[::1]:5173/node_modules/.vite/deps/pusher-js.js?v=78e615f6:3255
[154900364ms] [ERROR] WebSocket connection to 'wss://localhost:8081/app/app-key?protocol=7&client=js&version=8.4.0&flash=false' failed: Error in connection establishment: net::ERR_SSL_PROTOCOL_ERROR @ http://[::1]:5173/node_modules/.vite/deps/pusher-js.js?v=78e615f6:3255
[154960369ms] [ERROR] WebSocket connection to 'wss://localhost:8081/app/app-key?protocol=7&client=js&version=8.4.0&flash=false' failed: Error in connection establishment: net::ERR_SSL_PROTOCOL_ERROR @ http://[::1]:5173/node_modules/.vite/deps/pusher-js.js?v=78e615f6:3255
[155020372ms] [ERROR] WebSocket connection to 'wss://localhost:8081/app/app-key?protocol=7&client=js&version=8.4.0&flash=false' failed: Error in connection establishment: net::ERR_SSL_PROTOCOL_ERROR @ http://[::1]:5173/node_modules/.vite/deps/pusher-js.js?v=78e615f6:3255
[155080372ms] [ERROR] WebSocket connection to 'wss://localhost:8081/app/app-key?protocol=7&client=js&version=8.4.0&flash=false' failed: Error in connection establishment: net::ERR_SSL_PROTOCOL_ERROR @ http://[::1]:5173/node_modules/.vite/deps/pusher-js.js?v=78e615f6:3255
[155140374ms] [ERROR] WebSocket connection to 'wss://localhost:8081/app/app-key?protocol=7&client=js&version=8.4.0&flash=false' failed: Error in connection establishment: net::ERR_SSL_PROTOCOL_ERROR @ http://[::1]:5173/node_modules/.vite/deps/pusher-js.js?v=78e615f6:3255
[155200384ms] [ERROR] WebSocket connection to 'wss://localhost:8081/app/app-key?protocol=7&client=js&version=8.4.0&flash=false' failed: Error in connection establishment: net::ERR_SSL_PROTOCOL_ERROR @ http://[::1]:5173/node_modules/.vite/deps/pusher-js.js?v=78e615f6:3255
[155260386ms] [ERROR] WebSocket connection to 'wss://localhost:8081/app/app-key?protocol=7&client=js&version=8.4.0&flash=false' failed: Error in connection establishment: net::ERR_SSL_PROTOCOL_ERROR @ http://[::1]:5173/node_modules/.vite/deps/pusher-js.js?v=78e615f6:3255
[155320391ms] [ERROR] WebSocket connection to 'wss://localhost:8081/app/app-key?protocol=7&client=js&version=8.4.0&flash=false' failed: Error in connection establishment: net::ERR_SSL_PROTOCOL_ERROR @ http://[::1]:5173/node_modules/.vite/deps/pusher-js.js?v=78e615f6:3255
[155380391ms] [ERROR] WebSocket connection to 'wss://localhost:8081/app/app-key?protocol=7&client=js&version=8.4.0&flash=false' failed: Error in connection establishment: net::ERR_SSL_PROTOCOL_ERROR @ http://[::1]:5173/node_modules/.vite/deps/pusher-js.js?v=78e615f6:3255
[155440390ms] [ERROR] WebSocket connection to 'wss://localhost:8081/app/app-key?protocol=7&client=js&version=8.4.0&flash=false' failed: Error in connection establishment: net::ERR_SSL_PROTOCOL_ERROR @ http://[::1]:5173/node_modules/.vite/deps/pusher-js.js?v=78e615f6:3255
[155500394ms] [ERROR] WebSocket connection to 'wss://localhost:8081/app/app-key?protocol=7&client=js&version=8.4.0&flash=false' failed: Error in connection establishment: net::ERR_SSL_PROTOCOL_ERROR @ http://[::1]:5173/node_modules/.vite/deps/pusher-js.js?v=78e615f6:3255
[155560402ms] [ERROR] WebSocket connection to 'wss://localhost:8081/app/app-key?protocol=7&client=js&version=8.4.0&flash=false' failed: Error in connection establishment: net::ERR_SSL_PROTOCOL_ERROR @ http://[::1]:5173/node_modules/.vite/deps/pusher-js.js?v=78e615f6:3255
[155620402ms] [ERROR] WebSocket connection to 'wss://localhost:8081/app/app-key?protocol=7&client=js&version=8.4.0&flash=false' failed: Error in connection establishment: net::ERR_SSL_PROTOCOL_ERROR @ http://[::1]:5173/node_modules/.vite/deps/pusher-js.js?v=78e615f6:3255
[155680402ms] [ERROR] WebSocket connection to 'wss://localhost:8081/app/app-key?protocol=7&client=js&version=8.4.0&flash=false' failed: Error in connection establishment: net::ERR_SSL_PROTOCOL_ERROR @ http://[::1]:5173/node_modules/.vite/deps/pusher-js.js?v=78e615f6:3255
[155740404ms] [ERROR] WebSocket connection to 'wss://localhost:8081/app/app-key?protocol=7&client=js&version=8.4.0&flash=false' failed: Error in connection establishment: net::ERR_SSL_PROTOCOL_ERROR @ http://[::1]:5173/node_modules/.vite/deps/pusher-js.js?v=78e615f6:3255
[155800405ms] [ERROR] WebSocket connection to 'wss://localhost:8081/app/app-key?protocol=7&client=js&version=8.4.0&flash=false' failed: Error in connection establishment: net::ERR_SSL_PROTOCOL_ERROR @ http://[::1]:5173/node_modules/.vite/deps/pusher-js.js?v=78e615f6:3255
[155860416ms] [ERROR] WebSocket connection to 'wss://localhost:8081/app/app-key?protocol=7&client=js&version=8.4.0&flash=false' failed: Error in connection establishment: net::ERR_SSL_PROTOCOL_ERROR @ http://[::1]:5173/node_modules/.vite/deps/pusher-js.js?v=78e615f6:3255
[155920417ms] [ERROR] WebSocket connection to 'wss://localhost:8081/app/app-key?protocol=7&client=js&version=8.4.0&flash=false' failed: Error in connection establishment: net::ERR_SSL_PROTOCOL_ERROR @ http://[::1]:5173/node_modules/.vite/deps/pusher-js.js?v=78e615f6:3255
[155980415ms] [ERROR] WebSocket connection to 'wss://localhost:8081/app/app-key?protocol=7&client=js&version=8.4.0&flash=false' failed: Error in connection establishment: net::ERR_SSL_PROTOCOL_ERROR @ http://[::1]:5173/node_modules/.vite/deps/pusher-js.js?v=78e615f6:3255
[156040429ms] [ERROR] WebSocket connection to 'wss://localhost:8081/app/app-key?protocol=7&client=js&version=8.4.0&flash=false' failed: Error in connection establishment: net::ERR_SSL_PROTOCOL_ERROR @ http://[::1]:5173/node_modules/.vite/deps/pusher-js.js?v=78e615f6:3255
[156100417ms] [ERROR] WebSocket connection to 'wss://localhost:8081/app/app-key?protocol=7&client=js&version=8.4.0&flash=false' failed: Error in connection establishment: net::ERR_SSL_PROTOCOL_ERROR @ http://[::1]:5173/node_modules/.vite/deps/pusher-js.js?v=78e615f6:3255
[156160419ms] [ERROR] WebSocket connection to 'wss://localhost:8081/app/app-key?protocol=7&client=js&version=8.4.0&flash=false' failed: Error in connection establishment: net::ERR_SSL_PROTOCOL_ERROR @ http://[::1]:5173/node_modules/.vite/deps/pusher-js.js?v=78e615f6:3255
[156220419ms] [ERROR] WebSocket connection to 'wss://localhost:8081/app/app-key?protocol=7&client=js&version=8.4.0&flash=false' failed: Error in connection establishment: net::ERR_SSL_PROTOCOL_ERROR @ http://[::1]:5173/node_modules/.vite/deps/pusher-js.js?v=78e615f6:3255
[156280418ms] [ERROR] WebSocket connection to 'wss://localhost:8081/app/app-key?protocol=7&client=js&version=8.4.0&flash=false' failed: Error in connection establishment: net::ERR_SSL_PROTOCOL_ERROR @ http://[::1]:5173/node_modules/.vite/deps/pusher-js.js?v=78e615f6:3255
[156340421ms] [ERROR] WebSocket connection to 'wss://localhost:8081/app/app-key?protocol=7&client=js&version=8.4.0&flash=false' failed: Error in connection establishment: net::ERR_SSL_PROTOCOL_ERROR @ http://[::1]:5173/node_modules/.vite/deps/pusher-js.js?v=78e615f6:3255
[156400439ms] [ERROR] WebSocket connection to 'wss://localhost:8081/app/app-key?protocol=7&client=js&version=8.4.0&flash=false' failed: Error in connection establishment: net::ERR_SSL_PROTOCOL_ERROR @ http://[::1]:5173/node_modules/.vite/deps/pusher-js.js?v=78e615f6:3255
[156460432ms] [ERROR] WebSocket connection to 'wss://localhost:8081/app/app-key?protocol=7&client=js&version=8.4.0&flash=false' failed: Error in connection establishment: net::ERR_SSL_PROTOCOL_ERROR @ http://[::1]:5173/node_modules/.vite/deps/pusher-js.js?v=78e615f6:3255
[156520430ms] [ERROR] WebSocket connection to 'wss://localhost:8081/app/app-key?protocol=7&client=js&version=8.4.0&flash=false' failed: Error in connection establishment: net::ERR_SSL_PROTOCOL_ERROR @ http://[::1]:5173/node_modules/.vite/deps/pusher-js.js?v=78e615f6:3255
[156580431ms] [ERROR] WebSocket connection to 'wss://localhost:8081/app/app-key?protocol=7&client=js&version=8.4.0&flash=false' failed: Error in connection establishment: net::ERR_SSL_PROTOCOL_ERROR @ http://[::1]:5173/node_modules/.vite/deps/pusher-js.js?v=78e615f6:3255
[156640439ms] [ERROR] WebSocket connection to 'wss://localhost:8081/app/app-key?protocol=7&client=js&version=8.4.0&flash=false' failed: Error in connection establishment: net::ERR_SSL_PROTOCOL_ERROR @ http://[::1]:5173/node_modules/.vite/deps/pusher-js.js?v=78e615f6:3255
[156700445ms] [ERROR] WebSocket connection to 'wss://localhost:8081/app/app-key?protocol=7&client=js&version=8.4.0&flash=false' failed: Error in connection establishment: net::ERR_SSL_PROTOCOL_ERROR @ http://[::1]:5173/node_modules/.vite/deps/pusher-js.js?v=78e615f6:3255
[156760452ms] [ERROR] WebSocket connection to 'wss://localhost:8081/app/app-key?protocol=7&client=js&version=8.4.0&flash=false' failed: Error in connection establishment: net::ERR_SSL_PROTOCOL_ERROR @ http://[::1]:5173/node_modules/.vite/deps/pusher-js.js?v=78e615f6:3255
[156820445ms] [ERROR] WebSocket connection to 'wss://localhost:8081/app/app-key?protocol=7&client=js&version=8.4.0&flash=false' failed: Error in connection establishment: net::ERR_SSL_PROTOCOL_ERROR @ http://[::1]:5173/node_modules/.vite/deps/pusher-js.js?v=78e615f6:3255
[156880447ms] [ERROR] WebSocket connection to 'wss://localhost:8081/app/app-key?protocol=7&client=js&version=8.4.0&flash=false' failed: Error in connection establishment: net::ERR_SSL_PROTOCOL_ERROR @ http://[::1]:5173/node_modules/.vite/deps/pusher-js.js?v=78e615f6:3255
[156940450ms] [ERROR] WebSocket connection to 'wss://localhost:8081/app/app-key?protocol=7&client=js&version=8.4.0&flash=false' failed: Error in connection establishment: net::ERR_SSL_PROTOCOL_ERROR @ http://[::1]:5173/node_modules/.vite/deps/pusher-js.js?v=78e615f6:3255
[157000448ms] [ERROR] WebSocket connection to 'wss://localhost:8081/app/app-key?protocol=7&client=js&version=8.4.0&flash=false' failed: Error in connection establishment: net::ERR_SSL_PROTOCOL_ERROR @ http://[::1]:5173/node_modules/.vite/deps/pusher-js.js?v=78e615f6:3255
[157060455ms] [ERROR] WebSocket connection to 'wss://localhost:8081/app/app-key?protocol=7&client=js&version=8.4.0&flash=false' failed: Error in connection establishment: net::ERR_SSL_PROTOCOL_ERROR @ http://[::1]:5173/node_modules/.vite/deps/pusher-js.js?v=78e615f6:3255
[157120459ms] [ERROR] WebSocket connection to 'wss://localhost:8081/app/app-key?protocol=7&client=js&version=8.4.0&flash=false' failed: Error in connection establishment: net::ERR_SSL_PROTOCOL_ERROR @ http://[::1]:5173/node_modules/.vite/deps/pusher-js.js?v=78e615f6:3255
[157180424ms] [ERROR] WebSocket connection to 'wss://localhost:8081/app/app-key?protocol=7&client=js&version=8.4.0&flash=false' failed: Error in connection establishment: net::ERR_SSL_PROTOCOL_ERROR @ http://[::1]:5173/node_modules/.vite/deps/pusher-js.js?v=78e615f6:3255
[157240428ms] [ERROR] WebSocket connection to 'wss://localhost:8081/app/app-key?protocol=7&client=js&version=8.4.0&flash=false' failed: Error in connection establishment: net::ERR_SSL_PROTOCOL_ERROR @ http://[::1]:5173/node_modules/.vite/deps/pusher-js.js?v=78e615f6:3255
[157300427ms] [ERROR] WebSocket connection to 'wss://localhost:8081/app/app-key?protocol=7&client=js&version=8.4.0&flash=false' failed: Error in connection establishment: net::ERR_SSL_PROTOCOL_ERROR @ http://[::1]:5173/node_modules/.vite/deps/pusher-js.js?v=78e615f6:3255
[157360426ms] [ERROR] WebSocket connection to 'wss://localhost:8081/app/app-key?protocol=7&client=js&version=8.4.0&flash=false' failed: Error in connection establishment: net::ERR_SSL_PROTOCOL_ERROR @ http://[::1]:5173/node_modules/.vite/deps/pusher-js.js?v=78e615f6:3255
[157420430ms] [ERROR] WebSocket connection to 'wss://localhost:8081/app/app-key?protocol=7&client=js&version=8.4.0&flash=false' failed: Error in connection establishment: net::ERR_SSL_PROTOCOL_ERROR @ http://[::1]:5173/node_modules/.vite/deps/pusher-js.js?v=78e615f6:3255
[157480432ms] [ERROR] WebSocket connection to 'wss://localhost:8081/app/app-key?protocol=7&client=js&version=8.4.0&flash=false' failed: Error in connection establishment: net::ERR_SSL_PROTOCOL_ERROR @ http://[::1]:5173/node_modules/.vite/deps/pusher-js.js?v=78e615f6:3255
[157540430ms] [ERROR] WebSocket connection to 'wss://localhost:8081/app/app-key?protocol=7&client=js&version=8.4.0&flash=false' failed: Error in connection establishment: net::ERR_SSL_PROTOCOL_ERROR @ http://[::1]:5173/node_modules/.vite/deps/pusher-js.js?v=78e615f6:3255
[157600429ms] [ERROR] WebSocket connection to 'wss://localhost:8081/app/app-key?protocol=7&client=js&version=8.4.0&flash=false' failed: Error in connection establishment: net::ERR_SSL_PROTOCOL_ERROR @ http://[::1]:5173/node_modules/.vite/deps/pusher-js.js?v=78e615f6:3255
[157660426ms] [ERROR] WebSocket connection to 'wss://localhost:8081/app/app-key?protocol=7&client=js&version=8.4.0&flash=false' failed: Error in connection establishment: net::ERR_SSL_PROTOCOL_ERROR @ http://[::1]:5173/node_modules/.vite/deps/pusher-js.js?v=78e615f6:3255
[157720432ms] [ERROR] WebSocket connection to 'wss://localhost:8081/app/app-key?protocol=7&client=js&version=8.4.0&flash=false' failed: Error in connection establishment: net::ERR_SSL_PROTOCOL_ERROR @ http://[::1]:5173/node_modules/.vite/deps/pusher-js.js?v=78e615f6:3255
[157780439ms] [ERROR] WebSocket connection to 'wss://localhost:8081/app/app-key?protocol=7&client=js&version=8.4.0&flash=false' failed: Error in connection establishment: net::ERR_SSL_PROTOCOL_ERROR @ http://[::1]:5173/node_modules/.vite/deps/pusher-js.js?v=78e615f6:3255
[157840438ms] [ERROR] WebSocket connection to 'wss://localhost:8081/app/app-key?protocol=7&client=js&version=8.4.0&flash=false' failed: Error in connection establishment: net::ERR_SSL_PROTOCOL_ERROR @ http://[::1]:5173/node_modules/.vite/deps/pusher-js.js?v=78e615f6:3255
[157900437ms] [ERROR] WebSocket connection to 'wss://localhost:8081/app/app-key?protocol=7&client=js&version=8.4.0&flash=false' failed: Error in connection establishment: net::ERR_SSL_PROTOCOL_ERROR @ http://[::1]:5173/node_modules/.vite/deps/pusher-js.js?v=78e615f6:3255
[157960440ms] [ERROR] WebSocket connection to 'wss://localhost:8081/app/app-key?protocol=7&client=js&version=8.4.0&flash=false' failed: Error in connection establishment: net::ERR_SSL_PROTOCOL_ERROR @ http://[::1]:5173/node_modules/.vite/deps/pusher-js.js?v=78e615f6:3255
[158020445ms] [ERROR] WebSocket connection to 'wss://localhost:8081/app/app-key?protocol=7&client=js&version=8.4.0&flash=false' failed: Error in connection establishment: net::ERR_SSL_PROTOCOL_ERROR @ http://[::1]:5173/node_modules/.vite/deps/pusher-js.js?v=78e615f6:3255
[158080441ms] [ERROR] WebSocket connection to 'wss://localhost:8081/app/app-key?protocol=7&client=js&version=8.4.0&flash=false' failed: Error in connection establishment: net::ERR_SSL_PROTOCOL_ERROR @ http://[::1]:5173/node_modules/.vite/deps/pusher-js.js?v=78e615f6:3255
[158140445ms] [ERROR] WebSocket connection to 'wss://localhost:8081/app/app-key?protocol=7&client=js&version=8.4.0&flash=false' failed: Error in connection establishment: net::ERR_SSL_PROTOCOL_ERROR @ http://[::1]:5173/node_modules/.vite/deps/pusher-js.js?v=78e615f6:3255
[158200444ms] [ERROR] WebSocket connection to 'wss://localhost:8081/app/app-key?protocol=7&client=js&version=8.4.0&flash=false' failed: Error in connection establishment: net::ERR_SSL_PROTOCOL_ERROR @ http://[::1]:5173/node_modules/.vite/deps/pusher-js.js?v=78e615f6:3255
[158260446ms] [ERROR] WebSocket connection to 'wss://localhost:8081/app/app-key?protocol=7&client=js&version=8.4.0&flash=false' failed: Error in connection establishment: net::ERR_SSL_PROTOCOL_ERROR @ http://[::1]:5173/node_modules/.vite/deps/pusher-js.js?v=78e615f6:3255
[158320448ms] [ERROR] WebSocket connection to 'wss://localhost:8081/app/app-key?protocol=7&client=js&version=8.4.0&flash=false' failed: Error in connection establishment: net::ERR_SSL_PROTOCOL_ERROR @ http://[::1]:5173/node_modules/.vite/deps/pusher-js.js?v=78e615f6:3255
[158380453ms] [ERROR] WebSocket connection to 'wss://localhost:8081/app/app-key?protocol=7&client=js&version=8.4.0&flash=false' failed: Error in connection establishment: net::ERR_SSL_PROTOCOL_ERROR @ http://[::1]:5173/node_modules/.vite/deps/pusher-js.js?v=78e615f6:3255
[158440450ms] [ERROR] WebSocket connection to 'wss://localhost:8081/app/app-key?protocol=7&client=js&version=8.4.0&flash=false' failed: Error in connection establishment: net::ERR_SSL_PROTOCOL_ERROR @ http://[::1]:5173/node_modules/.vite/deps/pusher-js.js?v=78e615f6:3255
[158500462ms] [ERROR] WebSocket connection to 'wss://localhost:8081/app/app-key?protocol=7&client=js&version=8.4.0&flash=false' failed: Error in connection establishment: net::ERR_SSL_PROTOCOL_ERROR @ http://[::1]:5173/node_modules/.vite/deps/pusher-js.js?v=78e615f6:3255
[158560459ms] [ERROR] WebSocket connection to 'wss://localhost:8081/app/app-key?protocol=7&client=js&version=8.4.0&flash=false' failed: Error in connection establishment: net::ERR_SSL_PROTOCOL_ERROR @ http://[::1]:5173/node_modules/.vite/deps/pusher-js.js?v=78e615f6:3255
[158620458ms] [ERROR] WebSocket connection to 'wss://localhost:8081/app/app-key?protocol=7&client=js&version=8.4.0&flash=false' failed: Error in connection establishment: net::ERR_SSL_PROTOCOL_ERROR @ http://[::1]:5173/node_modules/.vite/deps/pusher-js.js?v=78e615f6:3255
[158680462ms] [ERROR] WebSocket connection to 'wss://localhost:8081/app/app-key?protocol=7&client=js&version=8.4.0&flash=false' failed: Error in connection establishment: net::ERR_SSL_PROTOCOL_ERROR @ http://[::1]:5173/node_modules/.vite/deps/pusher-js.js?v=78e615f6:3255
[158740469ms] [ERROR] WebSocket connection to 'wss://localhost:8081/app/app-key?protocol=7&client=js&version=8.4.0&flash=false' failed: Error in connection establishment: net::ERR_SSL_PROTOCOL_ERROR @ http://[::1]:5173/node_modules/.vite/deps/pusher-js.js?v=78e615f6:3255
[158800463ms] [ERROR] WebSocket connection to 'wss://localhost:8081/app/app-key?protocol=7&client=js&version=8.4.0&flash=false' failed: Error in connection establishment: net::ERR_SSL_PROTOCOL_ERROR @ http://[::1]:5173/node_modules/.vite/deps/pusher-js.js?v=78e615f6:3255
[158860468ms] [ERROR] WebSocket connection to 'wss://localhost:8081/app/app-key?protocol=7&client=js&version=8.4.0&flash=false' failed: Error in connection establishment: net::ERR_SSL_PROTOCOL_ERROR @ http://[::1]:5173/node_modules/.vite/deps/pusher-js.js?v=78e615f6:3255
[158920467ms] [ERROR] WebSocket connection to 'wss://localhost:8081/app/app-key?protocol=7&client=js&version=8.4.0&flash=false' failed: Error in connection establishment: net::ERR_SSL_PROTOCOL_ERROR @ http://[::1]:5173/node_modules/.vite/deps/pusher-js.js?v=78e615f6:3255
[158980474ms] [ERROR] WebSocket connection to 'wss://localhost:8081/app/app-key?protocol=7&client=js&version=8.4.0&flash=false' failed: Error in connection establishment: net::ERR_SSL_PROTOCOL_ERROR @ http://[::1]:5173/node_modules/.vite/deps/pusher-js.js?v=78e615f6:3255
[159040464ms] [ERROR] WebSocket connection to 'wss://localhost:8081/app/app-key?protocol=7&client=js&version=8.4.0&flash=false' failed: Error in connection establishment: net::ERR_SSL_PROTOCOL_ERROR @ http://[::1]:5173/node_modules/.vite/deps/pusher-js.js?v=78e615f6:3255
[159100469ms] [ERROR] WebSocket connection to 'wss://localhost:8081/app/app-key?protocol=7&client=js&version=8.4.0&flash=false' failed: Error in connection establishment: net::ERR_SSL_PROTOCOL_ERROR @ http://[::1]:5173/node_modules/.vite/deps/pusher-js.js?v=78e615f6:3255
[159160500ms] [ERROR] WebSocket connection to 'wss://localhost:8081/app/app-key?protocol=7&client=js&version=8.4.0&flash=false' failed: Error in connection establishment: net::ERR_SSL_PROTOCOL_ERROR @ http://[::1]:5173/node_modules/.vite/deps/pusher-js.js?v=78e615f6:3255
[159220495ms] [ERROR] WebSocket connection to 'wss://localhost:8081/app/app-key?protocol=7&client=js&version=8.4.0&flash=false' failed: Error in connection establishment: net::ERR_SSL_PROTOCOL_ERROR @ http://[::1]:5173/node_modules/.vite/deps/pusher-js.js?v=78e615f6:3255
[159280499ms] [ERROR] WebSocket connection to 'wss://localhost:8081/app/app-key?protocol=7&client=js&version=8.4.0&flash=false' failed: Error in connection establishment: net::ERR_SSL_PROTOCOL_ERROR @ http://[::1]:5173/node_modules/.vite/deps/pusher-js.js?v=78e615f6:3255
[159340500ms] [ERROR] WebSocket connection to 'wss://localhost:8081/app/app-key?protocol=7&client=js&version=8.4.0&flash=false' failed: Error in connection establishment: net::ERR_SSL_PROTOCOL_ERROR @ http://[::1]:5173/node_modules/.vite/deps/pusher-js.js?v=78e615f6:3255
[159400501ms] [ERROR] WebSocket connection to 'wss://localhost:8081/app/app-key?protocol=7&client=js&version=8.4.0&flash=false' failed: Error in connection establishment: net::ERR_SSL_PROTOCOL_ERROR @ http://[::1]:5173/node_modules/.vite/deps/pusher-js.js?v=78e615f6:3255
[159460505ms] [ERROR] WebSocket connection to 'wss://localhost:8081/app/app-key?protocol=7&client=js&version=8.4.0&flash=false' failed: Error in connection establishment: net::ERR_SSL_PROTOCOL_ERROR @ http://[::1]:5173/node_modules/.vite/deps/pusher-js.js?v=78e615f6:3255
[159520511ms] [ERROR] WebSocket connection to 'wss://localhost:8081/app/app-key?protocol=7&client=js&version=8.4.0&flash=false' failed: Error in connection establishment: net::ERR_SSL_PROTOCOL_ERROR @ http://[::1]:5173/node_modules/.vite/deps/pusher-js.js?v=78e615f6:3255
[159580511ms] [ERROR] WebSocket connection to 'wss://localhost:8081/app/app-key?protocol=7&client=js&version=8.4.0&flash=false' failed: Error in connection establishment: net::ERR_SSL_PROTOCOL_ERROR @ http://[::1]:5173/node_modules/.vite/deps/pusher-js.js?v=78e615f6:3255
[159640509ms] [ERROR] WebSocket connection to 'wss://localhost:8081/app/app-key?protocol=7&client=js&version=8.4.0&flash=false' failed: Error in connection establishment: net::ERR_SSL_PROTOCOL_ERROR @ http://[::1]:5173/node_modules/.vite/deps/pusher-js.js?v=78e615f6:3255
[159700509ms] [ERROR] WebSocket connection to 'wss://localhost:8081/app/app-key?protocol=7&client=js&version=8.4.0&flash=false' failed: Error in connection establishment: net::ERR_SSL_PROTOCOL_ERROR @ http://[::1]:5173/node_modules/.vite/deps/pusher-js.js?v=78e615f6:3255
[159760510ms] [ERROR] WebSocket connection to 'wss://localhost:8081/app/app-key?protocol=7&client=js&version=8.4.0&flash=false' failed: Error in connection establishment: net::ERR_SSL_PROTOCOL_ERROR @ http://[::1]:5173/node_modules/.vite/deps/pusher-js.js?v=78e615f6:3255
[159820515ms] [ERROR] WebSocket connection to 'wss://localhost:8081/app/app-key?protocol=7&client=js&version=8.4.0&flash=false' failed: Error in connection establishment: net::ERR_SSL_PROTOCOL_ERROR @ http://[::1]:5173/node_modules/.vite/deps/pusher-js.js?v=78e615f6:3255
[159880513ms] [ERROR] WebSocket connection to 'wss://localhost:8081/app/app-key?protocol=7&client=js&version=8.4.0&flash=false' failed: Error in connection establishment: net::ERR_SSL_PROTOCOL_ERROR @ http://[::1]:5173/node_modules/.vite/deps/pusher-js.js?v=78e615f6:3255
[159940521ms] [ERROR] WebSocket connection to 'wss://localhost:8081/app/app-key?protocol=7&client=js&version=8.4.0&flash=false' failed: Error in connection establishment: net::ERR_SSL_PROTOCOL_ERROR @ http://[::1]:5173/node_modules/.vite/deps/pusher-js.js?v=78e615f6:3255
[160000521ms] [ERROR] WebSocket connection to 'wss://localhost:8081/app/app-key?protocol=7&client=js&version=8.4.0&flash=false' failed: Error in connection establishment: net::ERR_SSL_PROTOCOL_ERROR @ http://[::1]:5173/node_modules/.vite/deps/pusher-js.js?v=78e615f6:3255
[160060522ms] [ERROR] WebSocket connection to 'wss://localhost:8081/app/app-key?protocol=7&client=js&version=8.4.0&flash=false' failed: Error in connection establishment: net::ERR_SSL_PROTOCOL_ERROR @ http://[::1]:5173/node_modules/.vite/deps/pusher-js.js?v=78e615f6:3255
[160120524ms] [ERROR] WebSocket connection to 'wss://localhost:8081/app/app-key?protocol=7&client=js&version=8.4.0&flash=false' failed: Error in connection establishment: net::ERR_SSL_PROTOCOL_ERROR @ http://[::1]:5173/node_modules/.vite/deps/pusher-js.js?v=78e615f6:3255
[160180528ms] [ERROR] WebSocket connection to 'wss://localhost:8081/app/app-key?protocol=7&client=js&version=8.4.0&flash=false' failed: Error in connection establishment: net::ERR_SSL_PROTOCOL_ERROR @ http://[::1]:5173/node_modules/.vite/deps/pusher-js.js?v=78e615f6:3255
[160240524ms] [ERROR] WebSocket connection to 'wss://localhost:8081/app/app-key?protocol=7&client=js&version=8.4.0&flash=false' failed: Error in connection establishment: net::ERR_SSL_PROTOCOL_ERROR @ http://[::1]:5173/node_modules/.vite/deps/pusher-js.js?v=78e615f6:3255
[160300530ms] [ERROR] WebSocket connection to 'wss://localhost:8081/app/app-key?protocol=7&client=js&version=8.4.0&flash=false' failed: Error in connection establishment: net::ERR_SSL_PROTOCOL_ERROR @ http://[::1]:5173/node_modules/.vite/deps/pusher-js.js?v=78e615f6:3255
[160360534ms] [ERROR] WebSocket connection to 'wss://localhost:8081/app/app-key?protocol=7&client=js&version=8.4.0&flash=false' failed: Error in connection establishment: net::ERR_SSL_PROTOCOL_ERROR @ http://[::1]:5173/node_modules/.vite/deps/pusher-js.js?v=78e615f6:3255
[160420536ms] [ERROR] WebSocket connection to 'wss://localhost:8081/app/app-key?protocol=7&client=js&version=8.4.0&flash=false' failed: Error in connection establishment: net::ERR_SSL_PROTOCOL_ERROR @ http://[::1]:5173/node_modules/.vite/deps/pusher-js.js?v=78e615f6:3255
[160480539ms] [ERROR] WebSocket connection to 'wss://localhost:8081/app/app-key?protocol=7&client=js&version=8.4.0&flash=false' failed: Error in connection establishment: net::ERR_SSL_PROTOCOL_ERROR @ http://[::1]:5173/node_modules/.vite/deps/pusher-js.js?v=78e615f6:3255
[160540535ms] [ERROR] WebSocket connection to 'wss://localhost:8081/app/app-key?protocol=7&client=js&version=8.4.0&flash=false' failed: Error in connection establishment: net::ERR_SSL_PROTOCOL_ERROR @ http://[::1]:5173/node_modules/.vite/deps/pusher-js.js?v=78e615f6:3255
[160600536ms] [ERROR] WebSocket connection to 'wss://localhost:8081/app/app-key?protocol=7&client=js&version=8.4.0&flash=false' failed: Error in connection establishment: net::ERR_SSL_PROTOCOL_ERROR @ http://[::1]:5173/node_modules/.vite/deps/pusher-js.js?v=78e615f6:3255
[160660541ms] [ERROR] WebSocket connection to 'wss://localhost:8081/app/app-key?protocol=7&client=js&version=8.4.0&flash=false' failed: Error in connection establishment: net::ERR_SSL_PROTOCOL_ERROR @ http://[::1]:5173/node_modules/.vite/deps/pusher-js.js?v=78e615f6:3255
[160720547ms] [ERROR] WebSocket connection to 'wss://localhost:8081/app/app-key?protocol=7&client=js&version=8.4.0&flash=false' failed: Error in connection establishment: net::ERR_SSL_PROTOCOL_ERROR @ http://[::1]:5173/node_modules/.vite/deps/pusher-js.js?v=78e615f6:3255
[160780552ms] [ERROR] WebSocket connection to 'wss://localhost:8081/app/app-key?protocol=7&client=js&version=8.4.0&flash=false' failed: Error in connection establishment: net::ERR_SSL_PROTOCOL_ERROR @ http://[::1]:5173/node_modules/.vite/deps/pusher-js.js?v=78e615f6:3255
[160840547ms] [ERROR] WebSocket connection to 'wss://localhost:8081/app/app-key?protocol=7&client=js&version=8.4.0&flash=false' failed: Error in connection establishment: net::ERR_SSL_PROTOCOL_ERROR @ http://[::1]:5173/node_modules/.vite/deps/pusher-js.js?v=78e615f6:3255
[160900559ms] [ERROR] WebSocket connection to 'wss://localhost:8081/app/app-key?protocol=7&client=js&version=8.4.0&flash=false' failed: Error in connection establishment: net::ERR_SSL_PROTOCOL_ERROR @ http://[::1]:5173/node_modules/.vite/deps/pusher-js.js?v=78e615f6:3255
[160960551ms] [ERROR] WebSocket connection to 'wss://localhost:8081/app/app-key?protocol=7&client=js&version=8.4.0&flash=false' failed: Error in connection establishment: net::ERR_SSL_PROTOCOL_ERROR @ http://[::1]:5173/node_modules/.vite/deps/pusher-js.js?v=78e615f6:3255
[161020551ms] [ERROR] WebSocket connection to 'wss://localhost:8081/app/app-key?protocol=7&client=js&version=8.4.0&flash=false' failed: Error in connection establishment: net::ERR_SSL_PROTOCOL_ERROR @ http://[::1]:5173/node_modules/.vite/deps/pusher-js.js?v=78e615f6:3255
[161080555ms] [ERROR] WebSocket connection to 'wss://localhost:8081/app/app-key?protocol=7&client=js&version=8.4.0&flash=false' failed: Error in connection establishment: net::ERR_SSL_PROTOCOL_ERROR @ http://[::1]:5173/node_modules/.vite/deps/pusher-js.js?v=78e615f6:3255
[161140558ms] [ERROR] WebSocket connection to 'wss://localhost:8081/app/app-key?protocol=7&client=js&version=8.4.0&flash=false' failed: Error in connection establishment: net::ERR_SSL_PROTOCOL_ERROR @ http://[::1]:5173/node_modules/.vite/deps/pusher-js.js?v=78e615f6:3255
[161200563ms] [ERROR] WebSocket connection to 'wss://localhost:8081/app/app-key?protocol=7&client=js&version=8.4.0&flash=false' failed: Error in connection establishment: net::ERR_SSL_PROTOCOL_ERROR @ http://[::1]:5173/node_modules/.vite/deps/pusher-js.js?v=78e615f6:3255
[161260563ms] [ERROR] WebSocket connection to 'wss://localhost:8081/app/app-key?protocol=7&client=js&version=8.4.0&flash=false' failed: Error in connection establishment: net::ERR_SSL_PROTOCOL_ERROR @ http://[::1]:5173/node_modules/.vite/deps/pusher-js.js?v=78e615f6:3255
[161320568ms] [ERROR] WebSocket connection to 'wss://localhost:8081/app/app-key?protocol=7&client=js&version=8.4.0&flash=false' failed: Error in connection establishment: net::ERR_SSL_PROTOCOL_ERROR @ http://[::1]:5173/node_modules/.vite/deps/pusher-js.js?v=78e615f6:3255
[161380568ms] [ERROR] WebSocket connection to 'wss://localhost:8081/app/app-key?protocol=7&client=js&version=8.4.0&flash=false' failed: Error in connection establishment: net::ERR_SSL_PROTOCOL_ERROR @ http://[::1]:5173/node_modules/.vite/deps/pusher-js.js?v=78e615f6:3255
[161440568ms] [ERROR] WebSocket connection to 'wss://localhost:8081/app/app-key?protocol=7&client=js&version=8.4.0&flash=false' failed: Error in connection establishment: net::ERR_SSL_PROTOCOL_ERROR @ http://[::1]:5173/node_modules/.vite/deps/pusher-js.js?v=78e615f6:3255
[161500570ms] [ERROR] WebSocket connection to 'wss://localhost:8081/app/app-key?protocol=7&client=js&version=8.4.0&flash=false' failed: Error in connection establishment: net::ERR_SSL_PROTOCOL_ERROR @ http://[::1]:5173/node_modules/.vite/deps/pusher-js.js?v=78e615f6:3255
[161560569ms] [ERROR] WebSocket connection to 'wss://localhost:8081/app/app-key?protocol=7&client=js&version=8.4.0&flash=false' failed: Error in connection establishment: net::ERR_SSL_PROTOCOL_ERROR @ http://[::1]:5173/node_modules/.vite/deps/pusher-js.js?v=78e615f6:3255
[161620578ms] [ERROR] WebSocket connection to 'wss://localhost:8081/app/app-key?protocol=7&client=js&version=8.4.0&flash=false' failed: Error in connection establishment: net::ERR_SSL_PROTOCOL_ERROR @ http://[::1]:5173/node_modules/.vite/deps/pusher-js.js?v=78e615f6:3255
[161680579ms] [ERROR] WebSocket connection to 'wss://localhost:8081/app/app-key?protocol=7&client=js&version=8.4.0&flash=false' failed: Error in connection establishment: net::ERR_SSL_PROTOCOL_ERROR @ http://[::1]:5173/node_modules/.vite/deps/pusher-js.js?v=78e615f6:3255
[161740578ms] [ERROR] WebSocket connection to 'wss://localhost:8081/app/app-key?protocol=7&client=js&version=8.4.0&flash=false' failed: Error in connection establishment: net::ERR_SSL_PROTOCOL_ERROR @ http://[::1]:5173/node_modules/.vite/deps/pusher-js.js?v=78e615f6:3255
[161800581ms] [ERROR] WebSocket connection to 'wss://localhost:8081/app/app-key?protocol=7&client=js&version=8.4.0&flash=false' failed: Error in connection establishment: net::ERR_SSL_PROTOCOL_ERROR @ http://[::1]:5173/node_modules/.vite/deps/pusher-js.js?v=78e615f6:3255
[161860584ms] [ERROR] WebSocket connection to 'wss://localhost:8081/app/app-key?protocol=7&client=js&version=8.4.0&flash=false' failed: Error in connection establishment: net::ERR_SSL_PROTOCOL_ERROR @ http://[::1]:5173/node_modules/.vite/deps/pusher-js.js?v=78e615f6:3255
[161920586ms] [ERROR] WebSocket connection to 'wss://localhost:8081/app/app-key?protocol=7&client=js&version=8.4.0&flash=false' failed: Error in connection establishment: net::ERR_SSL_PROTOCOL_ERROR @ http://[::1]:5173/node_modules/.vite/deps/pusher-js.js?v=78e615f6:3255
[161980584ms] [ERROR] WebSocket connection to 'wss://localhost:8081/app/app-key?protocol=7&client=js&version=8.4.0&flash=false' failed: Error in connection establishment: net::ERR_SSL_PROTOCOL_ERROR @ http://[::1]:5173/node_modules/.vite/deps/pusher-js.js?v=78e615f6:3255
[162040589ms] [ERROR] WebSocket connection to 'wss://localhost:8081/app/app-key?protocol=7&client=js&version=8.4.0&flash=false' failed: Error in connection establishment: net::ERR_SSL_PROTOCOL_ERROR @ http://[::1]:5173/node_modules/.vite/deps/pusher-js.js?v=78e615f6:3255
[162100588ms] [ERROR] WebSocket connection to 'wss://localhost:8081/app/app-key?protocol=7&client=js&version=8.4.0&flash=false' failed: Error in connection establishment: net::ERR_SSL_PROTOCOL_ERROR @ http://[::1]:5173/node_modules/.vite/deps/pusher-js.js?v=78e615f6:3255
[162160592ms] [ERROR] WebSocket connection to 'wss://localhost:8081/app/app-key?protocol=7&client=js&version=8.4.0&flash=false' failed: Error in connection establishment: net::ERR_SSL_PROTOCOL_ERROR @ http://[::1]:5173/node_modules/.vite/deps/pusher-js.js?v=78e615f6:3255
[162220596ms] [ERROR] WebSocket connection to 'wss://localhost:8081/app/app-key?protocol=7&client=js&version=8.4.0&flash=false' failed: Error in connection establishment: net::ERR_SSL_PROTOCOL_ERROR @ http://[::1]:5173/node_modules/.vite/deps/pusher-js.js?v=78e615f6:3255
[162280593ms] [ERROR] WebSocket connection to 'wss://localhost:8081/app/app-key?protocol=7&client=js&version=8.4.0&flash=false' failed: Error in connection establishment: net::ERR_SSL_PROTOCOL_ERROR @ http://[::1]:5173/node_modules/.vite/deps/pusher-js.js?v=78e615f6:3255
[162340592ms] [ERROR] WebSocket connection to 'wss://localhost:8081/app/app-key?protocol=7&client=js&version=8.4.0&flash=false' failed: Error in connection establishment: net::ERR_SSL_PROTOCOL_ERROR @ http://[::1]:5173/node_modules/.vite/deps/pusher-js.js?v=78e615f6:3255
[162400607ms] [ERROR] WebSocket connection to 'wss://localhost:8081/app/app-key?protocol=7&client=js&version=8.4.0&flash=false' failed: Error in connection establishment: net::ERR_SSL_PROTOCOL_ERROR @ http://[::1]:5173/node_modules/.vite/deps/pusher-js.js?v=78e615f6:3255
[162460599ms] [ERROR] WebSocket connection to 'wss://localhost:8081/app/app-key?protocol=7&client=js&version=8.4.0&flash=false' failed: Error in connection establishment: net::ERR_SSL_PROTOCOL_ERROR @ http://[::1]:5173/node_modules/.vite/deps/pusher-js.js?v=78e615f6:3255
[162520606ms] [ERROR] WebSocket connection to 'wss://localhost:8081/app/app-key?protocol=7&client=js&version=8.4.0&flash=false' failed: Error in connection establishment: net::ERR_SSL_PROTOCOL_ERROR @ http://[::1]:5173/node_modules/.vite/deps/pusher-js.js?v=78e615f6:3255
[162580606ms] [ERROR] WebSocket connection to 'wss://localhost:8081/app/app-key?protocol=7&client=js&version=8.4.0&flash=false' failed: Error in connection establishment: net::ERR_SSL_PROTOCOL_ERROR @ http://[::1]:5173/node_modules/.vite/deps/pusher-js.js?v=78e615f6:3255
[162640607ms] [ERROR] WebSocket connection to 'wss://localhost:8081/app/app-key?protocol=7&client=js&version=8.4.0&flash=false' failed: Error in connection establishment: net::ERR_SSL_PROTOCOL_ERROR @ http://[::1]:5173/node_modules/.vite/deps/pusher-js.js?v=78e615f6:3255
[162700611ms] [ERROR] WebSocket connection to 'wss://localhost:8081/app/app-key?protocol=7&client=js&version=8.4.0&flash=false' failed: Error in connection establishment: net::ERR_SSL_PROTOCOL_ERROR @ http://[::1]:5173/node_modules/.vite/deps/pusher-js.js?v=78e615f6:3255
[162760617ms] [ERROR] WebSocket connection to 'wss://localhost:8081/app/app-key?protocol=7&client=js&version=8.4.0&flash=false' failed: Error in connection establishment: net::ERR_SSL_PROTOCOL_ERROR @ http://[::1]:5173/node_modules/.vite/deps/pusher-js.js?v=78e615f6:3255
[162820613ms] [ERROR] WebSocket connection to 'wss://localhost:8081/app/app-key?protocol=7&client=js&version=8.4.0&flash=false' failed: Error in connection establishment: net::ERR_SSL_PROTOCOL_ERROR @ http://[::1]:5173/node_modules/.vite/deps/pusher-js.js?v=78e615f6:3255
[162880616ms] [ERROR] WebSocket connection to 'wss://localhost:8081/app/app-key?protocol=7&client=js&version=8.4.0&flash=false' failed: Error in connection establishment: net::ERR_SSL_PROTOCOL_ERROR @ http://[::1]:5173/node_modules/.vite/deps/pusher-js.js?v=78e615f6:3255
[162940618ms] [ERROR] WebSocket connection to 'wss://localhost:8081/app/app-key?protocol=7&client=js&version=8.4.0&flash=false' failed: Error in connection establishment: net::ERR_SSL_PROTOCOL_ERROR @ http://[::1]:5173/node_modules/.vite/deps/pusher-js.js?v=78e615f6:3255
[163000611ms] [ERROR] WebSocket connection to 'wss://localhost:8081/app/app-key?protocol=7&client=js&version=8.4.0&flash=false' failed: Error in connection establishment: net::ERR_SSL_PROTOCOL_ERROR @ http://[::1]:5173/node_modules/.vite/deps/pusher-js.js?v=78e615f6:3255
[163060586ms] [ERROR] WebSocket connection to 'wss://localhost:8081/app/app-key?protocol=7&client=js&version=8.4.0&flash=false' failed: Error in connection establishment: net::ERR_SSL_PROTOCOL_ERROR @ http://[::1]:5173/node_modules/.vite/deps/pusher-js.js?v=78e615f6:3255
[163120589ms] [ERROR] WebSocket connection to 'wss://localhost:8081/app/app-key?protocol=7&client=js&version=8.4.0&flash=false' failed: Error in connection establishment: net::ERR_SSL_PROTOCOL_ERROR @ http://[::1]:5173/node_modules/.vite/deps/pusher-js.js?v=78e615f6:3255
[163180589ms] [ERROR] WebSocket connection to 'wss://localhost:8081/app/app-key?protocol=7&client=js&version=8.4.0&flash=false' failed: Error in connection establishment: net::ERR_SSL_PROTOCOL_ERROR @ http://[::1]:5173/node_modules/.vite/deps/pusher-js.js?v=78e615f6:3255
[163240584ms] [ERROR] WebSocket connection to 'wss://localhost:8081/app/app-key?protocol=7&client=js&version=8.4.0&flash=false' failed: Error in connection establishment: net::ERR_SSL_PROTOCOL_ERROR @ http://[::1]:5173/node_modules/.vite/deps/pusher-js.js?v=78e615f6:3255
[163300586ms] [ERROR] WebSocket connection to 'wss://localhost:8081/app/app-key?protocol=7&client=js&version=8.4.0&flash=false' failed: Error in connection establishment: net::ERR_SSL_PROTOCOL_ERROR @ http://[::1]:5173/node_modules/.vite/deps/pusher-js.js?v=78e615f6:3255
[163360589ms] [ERROR] WebSocket connection to 'wss://localhost:8081/app/app-key?protocol=7&client=js&version=8.4.0&flash=false' failed: Error in connection establishment: net::ERR_SSL_PROTOCOL_ERROR @ http://[::1]:5173/node_modules/.vite/deps/pusher-js.js?v=78e615f6:3255
[163420584ms] [ERROR] WebSocket connection to 'wss://localhost:8081/app/app-key?protocol=7&client=js&version=8.4.0&flash=false' failed: Error in connection establishment: net::ERR_SSL_PROTOCOL_ERROR @ http://[::1]:5173/node_modules/.vite/deps/pusher-js.js?v=78e615f6:3255
[163480582ms] [ERROR] WebSocket connection to 'wss://localhost:8081/app/app-key?protocol=7&client=js&version=8.4.0&flash=false' failed: Error in connection establishment: net::ERR_SSL_PROTOCOL_ERROR @ http://[::1]:5173/node_modules/.vite/deps/pusher-js.js?v=78e615f6:3255
[163540596ms] [ERROR] WebSocket connection to 'wss://localhost:8081/app/app-key?protocol=7&client=js&version=8.4.0&flash=false' failed: Error in connection establishment: net::ERR_SSL_PROTOCOL_ERROR @ http://[::1]:5173/node_modules/.vite/deps/pusher-js.js?v=78e615f6:3255
[163600600ms] [ERROR] WebSocket connection to 'wss://localhost:8081/app/app-key?protocol=7&client=js&version=8.4.0&flash=false' failed: Error in connection establishment: net::ERR_SSL_PROTOCOL_ERROR @ http://[::1]:5173/node_modules/.vite/deps/pusher-js.js?v=78e615f6:3255
[163660593ms] [ERROR] WebSocket connection to 'wss://localhost:8081/app/app-key?protocol=7&client=js&version=8.4.0&flash=false' failed: Error in connection establishment: net::ERR_SSL_PROTOCOL_ERROR @ http://[::1]:5173/node_modules/.vite/deps/pusher-js.js?v=78e615f6:3255
[163720605ms] [ERROR] WebSocket connection to 'wss://localhost:8081/app/app-key?protocol=7&client=js&version=8.4.0&flash=false' failed: Error in connection establishment: net::ERR_SSL_PROTOCOL_ERROR @ http://[::1]:5173/node_modules/.vite/deps/pusher-js.js?v=78e615f6:3255
[163780593ms] [ERROR] WebSocket connection to 'wss://localhost:8081/app/app-key?protocol=7&client=js&version=8.4.0&flash=false' failed: Error in connection establishment: net::ERR_SSL_PROTOCOL_ERROR @ http://[::1]:5173/node_modules/.vite/deps/pusher-js.js?v=78e615f6:3255
[163840594ms] [ERROR] WebSocket connection to 'wss://localhost:8081/app/app-key?protocol=7&client=js&version=8.4.0&flash=false' failed: Error in connection establishment: net::ERR_SSL_PROTOCOL_ERROR @ http://[::1]:5173/node_modules/.vite/deps/pusher-js.js?v=78e615f6:3255
[163900605ms] [ERROR] WebSocket connection to 'wss://localhost:8081/app/app-key?protocol=7&client=js&version=8.4.0&flash=false' failed: Error in connection establishment: net::ERR_SSL_PROTOCOL_ERROR @ http://[::1]:5173/node_modules/.vite/deps/pusher-js.js?v=78e615f6:3255
[163960604ms] [ERROR] WebSocket connection to 'wss://localhost:8081/app/app-key?protocol=7&client=js&version=8.4.0&flash=false' failed: Error in connection establishment: net::ERR_SSL_PROTOCOL_ERROR @ http://[::1]:5173/node_modules/.vite/deps/pusher-js.js?v=78e615f6:3255
[164020597ms] [ERROR] WebSocket connection to 'wss://localhost:8081/app/app-key?protocol=7&client=js&version=8.4.0&flash=false' failed: Error in connection establishment: net::ERR_SSL_PROTOCOL_ERROR @ http://[::1]:5173/node_modules/.vite/deps/pusher-js.js?v=78e615f6:3255
[164080617ms] [ERROR] WebSocket connection to 'wss://localhost:8081/app/app-key?protocol=7&client=js&version=8.4.0&flash=false' failed: Error in connection establishment: net::ERR_SSL_PROTOCOL_ERROR @ http://[::1]:5173/node_modules/.vite/deps/pusher-js.js?v=78e615f6:3255
[164140613ms] [ERROR] WebSocket connection to 'wss://localhost:8081/app/app-key?protocol=7&client=js&version=8.4.0&flash=false' failed: Error in connection establishment: net::ERR_SSL_PROTOCOL_ERROR @ http://[::1]:5173/node_modules/.vite/deps/pusher-js.js?v=78e615f6:3255
[164200610ms] [ERROR] WebSocket connection to 'wss://localhost:8081/app/app-key?protocol=7&client=js&version=8.4.0&flash=false' failed: Error in connection establishment: net::ERR_SSL_PROTOCOL_ERROR @ http://[::1]:5173/node_modules/.vite/deps/pusher-js.js?v=78e615f6:3255
[164260611ms] [ERROR] WebSocket connection to 'wss://localhost:8081/app/app-key?protocol=7&client=js&version=8.4.0&flash=false' failed: Error in connection establishment: net::ERR_SSL_PROTOCOL_ERROR @ http://[::1]:5173/node_modules/.vite/deps/pusher-js.js?v=78e615f6:3255
[164320609ms] [ERROR] WebSocket connection to 'wss://localhost:8081/app/app-key?protocol=7&client=js&version=8.4.0&flash=false' failed: Error in connection establishment: net::ERR_SSL_PROTOCOL_ERROR @ http://[::1]:5173/node_modules/.vite/deps/pusher-js.js?v=78e615f6:3255
[164380613ms] [ERROR] WebSocket connection to 'wss://localhost:8081/app/app-key?protocol=7&client=js&version=8.4.0&flash=false' failed: Error in connection establishment: net::ERR_SSL_PROTOCOL_ERROR @ http://[::1]:5173/node_modules/.vite/deps/pusher-js.js?v=78e615f6:3255
[164440610ms] [ERROR] WebSocket connection to 'wss://localhost:8081/app/app-key?protocol=7&client=js&version=8.4.0&flash=false' failed: Error in connection establishment: net::ERR_SSL_PROTOCOL_ERROR @ http://[::1]:5173/node_modules/.vite/deps/pusher-js.js?v=78e615f6:3255
[164500612ms] [ERROR] WebSocket connection to 'wss://localhost:8081/app/app-key?protocol=7&client=js&version=8.4.0&flash=false' failed: Error in connection establishment: net::ERR_SSL_PROTOCOL_ERROR @ http://[::1]:5173/node_modules/.vite/deps/pusher-js.js?v=78e615f6:3255
[164560614ms] [ERROR] WebSocket connection to 'wss://localhost:8081/app/app-key?protocol=7&client=js&version=8.4.0&flash=false' failed: Error in connection establishment: net::ERR_SSL_PROTOCOL_ERROR @ http://[::1]:5173/node_modules/.vite/deps/pusher-js.js?v=78e615f6:3255
[164620616ms] [ERROR] WebSocket connection to 'wss://localhost:8081/app/app-key?protocol=7&client=js&version=8.4.0&flash=false' failed: Error in connection establishment: net::ERR_SSL_PROTOCOL_ERROR @ http://[::1]:5173/node_modules/.vite/deps/pusher-js.js?v=78e615f6:3255
[164680620ms] [ERROR] WebSocket connection to 'wss://localhost:8081/app/app-key?protocol=7&client=js&version=8.4.0&flash=false' failed: Error in connection establishment: net::ERR_SSL_PROTOCOL_ERROR @ http://[::1]:5173/node_modules/.vite/deps/pusher-js.js?v=78e615f6:3255
[164740623ms] [ERROR] WebSocket connection to 'wss://localhost:8081/app/app-key?protocol=7&client=js&version=8.4.0&flash=false' failed: Error in connection establishment: net::ERR_SSL_PROTOCOL_ERROR @ http://[::1]:5173/node_modules/.vite/deps/pusher-js.js?v=78e615f6:3255
[164800620ms] [ERROR] WebSocket connection to 'wss://localhost:8081/app/app-key?protocol=7&client=js&version=8.4.0&flash=false' failed: Error in connection establishment: net::ERR_SSL_PROTOCOL_ERROR @ http://[::1]:5173/node_modules/.vite/deps/pusher-js.js?v=78e615f6:3255
[164860618ms] [ERROR] WebSocket connection to 'wss://localhost:8081/app/app-key?protocol=7&client=js&version=8.4.0&flash=false' failed: Error in connection establishment: net::ERR_SSL_PROTOCOL_ERROR @ http://[::1]:5173/node_modules/.vite/deps/pusher-js.js?v=78e615f6:3255
[164920630ms] [ERROR] WebSocket connection to 'wss://localhost:8081/app/app-key?protocol=7&client=js&version=8.4.0&flash=false' failed: Error in connection establishment: net::ERR_SSL_PROTOCOL_ERROR @ http://[::1]:5173/node_modules/.vite/deps/pusher-js.js?v=78e615f6:3255
[164980621ms] [ERROR] WebSocket connection to 'wss://localhost:8081/app/app-key?protocol=7&client=js&version=8.4.0&flash=false' failed: Error in connection establishment: net::ERR_SSL_PROTOCOL_ERROR @ http://[::1]:5173/node_modules/.vite/deps/pusher-js.js?v=78e615f6:3255
[165040626ms] [ERROR] WebSocket connection to 'wss://localhost:8081/app/app-key?protocol=7&client=js&version=8.4.0&flash=false' failed: Error in connection establishment: net::ERR_SSL_PROTOCOL_ERROR @ http://[::1]:5173/node_modules/.vite/deps/pusher-js.js?v=78e615f6:3255
[165100627ms] [ERROR] WebSocket connection to 'wss://localhost:8081/app/app-key?protocol=7&client=js&version=8.4.0&flash=false' failed: Error in connection establishment: net::ERR_SSL_PROTOCOL_ERROR @ http://[::1]:5173/node_modules/.vite/deps/pusher-js.js?v=78e615f6:3255
[165160627ms] [ERROR] WebSocket connection to 'wss://localhost:8081/app/app-key?protocol=7&client=js&version=8.4.0&flash=false' failed: Error in connection establishment: net::ERR_SSL_PROTOCOL_ERROR @ http://[::1]:5173/node_modules/.vite/deps/pusher-js.js?v=78e615f6:3255
[165220626ms] [ERROR] WebSocket connection to 'wss://localhost:8081/app/app-key?protocol=7&client=js&version=8.4.0&flash=false' failed: Error in connection establishment: net::ERR_SSL_PROTOCOL_ERROR @ http://[::1]:5173/node_modules/.vite/deps/pusher-js.js?v=78e615f6:3255
[165280630ms] [ERROR] WebSocket connection to 'wss://localhost:8081/app/app-key?protocol=7&client=js&version=8.4.0&flash=false' failed: Error in connection establishment: net::ERR_SSL_PROTOCOL_ERROR @ http://[::1]:5173/node_modules/.vite/deps/pusher-js.js?v=78e615f6:3255
[165340628ms] [ERROR] WebSocket connection to 'wss://localhost:8081/app/app-key?protocol=7&client=js&version=8.4.0&flash=false' failed: Error in connection establishment: net::ERR_SSL_PROTOCOL_ERROR @ http://[::1]:5173/node_modules/.vite/deps/pusher-js.js?v=78e615f6:3255
[165400629ms] [ERROR] WebSocket connection to 'wss://localhost:8081/app/app-key?protocol=7&client=js&version=8.4.0&flash=false' failed: Error in connection establishment: net::ERR_SSL_PROTOCOL_ERROR @ http://[::1]:5173/node_modules/.vite/deps/pusher-js.js?v=78e615f6:3255
[165460632ms] [ERROR] WebSocket connection to 'wss://localhost:8081/app/app-key?protocol=7&client=js&version=8.4.0&flash=false' failed: Error in connection establishment: net::ERR_SSL_PROTOCOL_ERROR @ http://[::1]:5173/node_modules/.vite/deps/pusher-js.js?v=78e615f6:3255
[165520630ms] [ERROR] WebSocket connection to 'wss://localhost:8081/app/app-key?protocol=7&client=js&version=8.4.0&flash=false' failed: Error in connection establishment: net::ERR_SSL_PROTOCOL_ERROR @ http://[::1]:5173/node_modules/.vite/deps/pusher-js.js?v=78e615f6:3255
[165580634ms] [ERROR] WebSocket connection to 'wss://localhost:8081/app/app-key?protocol=7&client=js&version=8.4.0&flash=false' failed: Error in connection establishment: net::ERR_SSL_PROTOCOL_ERROR @ http://[::1]:5173/node_modules/.vite/deps/pusher-js.js?v=78e615f6:3255
[165640633ms] [ERROR] WebSocket connection to 'wss://localhost:8081/app/app-key?protocol=7&client=js&version=8.4.0&flash=false' failed: Error in connection establishment: net::ERR_SSL_PROTOCOL_ERROR @ http://[::1]:5173/node_modules/.vite/deps/pusher-js.js?v=78e615f6:3255
[165700634ms] [ERROR] WebSocket connection to 'wss://localhost:8081/app/app-key?protocol=7&client=js&version=8.4.0&flash=false' failed: Error in connection establishment: net::ERR_SSL_PROTOCOL_ERROR @ http://[::1]:5173/node_modules/.vite/deps/pusher-js.js?v=78e615f6:3255
[165760637ms] [ERROR] WebSocket connection to 'wss://localhost:8081/app/app-key?protocol=7&client=js&version=8.4.0&flash=false' failed: Error in connection establishment: net::ERR_SSL_PROTOCOL_ERROR @ http://[::1]:5173/node_modules/.vite/deps/pusher-js.js?v=78e615f6:3255
[165820639ms] [ERROR] WebSocket connection to 'wss://localhost:8081/app/app-key?protocol=7&client=js&version=8.4.0&flash=false' failed: Error in connection establishment: net::ERR_SSL_PROTOCOL_ERROR @ http://[::1]:5173/node_modules/.vite/deps/pusher-js.js?v=78e615f6:3255
[165880639ms] [ERROR] WebSocket connection to 'wss://localhost:8081/app/app-key?protocol=7&client=js&version=8.4.0&flash=false' failed: Error in connection establishment: net::ERR_SSL_PROTOCOL_ERROR @ http://[::1]:5173/node_modules/.vite/deps/pusher-js.js?v=78e615f6:3255
[165940642ms] [ERROR] WebSocket connection to 'wss://localhost:8081/app/app-key?protocol=7&client=js&version=8.4.0&flash=false' failed: Error in connection establishment: net::ERR_SSL_PROTOCOL_ERROR @ http://[::1]:5173/node_modules/.vite/deps/pusher-js.js?v=78e615f6:3255
[166000647ms] [ERROR] WebSocket connection to 'wss://localhost:8081/app/app-key?protocol=7&client=js&version=8.4.0&flash=false' failed: Error in connection establishment: net::ERR_SSL_PROTOCOL_ERROR @ http://[::1]:5173/node_modules/.vite/deps/pusher-js.js?v=78e615f6:3255
[166060644ms] [ERROR] WebSocket connection to 'wss://localhost:8081/app/app-key?protocol=7&client=js&version=8.4.0&flash=false' failed: Error in connection establishment: net::ERR_SSL_PROTOCOL_ERROR @ http://[::1]:5173/node_modules/.vite/deps/pusher-js.js?v=78e615f6:3255
[166120643ms] [ERROR] WebSocket connection to 'wss://localhost:8081/app/app-key?protocol=7&client=js&version=8.4.0&flash=false' failed: Error in connection establishment: net::ERR_SSL_PROTOCOL_ERROR @ http://[::1]:5173/node_modules/.vite/deps/pusher-js.js?v=78e615f6:3255
[166180650ms] [ERROR] WebSocket connection to 'wss://localhost:8081/app/app-key?protocol=7&client=js&version=8.4.0&flash=false' failed: Error in connection establishment: net::ERR_SSL_PROTOCOL_ERROR @ http://[::1]:5173/node_modules/.vite/deps/pusher-js.js?v=78e615f6:3255
[166240648ms] [ERROR] WebSocket connection to 'wss://localhost:8081/app/app-key?protocol=7&client=js&version=8.4.0&flash=false' failed: Error in connection establishment: net::ERR_SSL_PROTOCOL_ERROR @ http://[::1]:5173/node_modules/.vite/deps/pusher-js.js?v=78e615f6:3255
[166300652ms] [ERROR] WebSocket connection to 'wss://localhost:8081/app/app-key?protocol=7&client=js&version=8.4.0&flash=false' failed: Error in connection establishment: net::ERR_SSL_PROTOCOL_ERROR @ http://[::1]:5173/node_modules/.vite/deps/pusher-js.js?v=78e615f6:3255
[166360655ms] [ERROR] WebSocket connection to 'wss://localhost:8081/app/app-key?protocol=7&client=js&version=8.4.0&flash=false' failed: Error in connection establishment: net::ERR_SSL_PROTOCOL_ERROR @ http://[::1]:5173/node_modules/.vite/deps/pusher-js.js?v=78e615f6:3255
[166420651ms] [ERROR] WebSocket connection to 'wss://localhost:8081/app/app-key?protocol=7&client=js&version=8.4.0&flash=false' failed: Error in connection establishment: net::ERR_SSL_PROTOCOL_ERROR @ http://[::1]:5173/node_modules/.vite/deps/pusher-js.js?v=78e615f6:3255
[166480651ms] [ERROR] WebSocket connection to 'wss://localhost:8081/app/app-key?protocol=7&client=js&version=8.4.0&flash=false' failed: Error in connection establishment: net::ERR_SSL_PROTOCOL_ERROR @ http://[::1]:5173/node_modules/.vite/deps/pusher-js.js?v=78e615f6:3255
[166540656ms] [ERROR] WebSocket connection to 'wss://localhost:8081/app/app-key?protocol=7&client=js&version=8.4.0&flash=false' failed: Error in connection establishment: net::ERR_SSL_PROTOCOL_ERROR @ http://[::1]:5173/node_modules/.vite/deps/pusher-js.js?v=78e615f6:3255
[166600649ms] [ERROR] WebSocket connection to 'wss://localhost:8081/app/app-key?protocol=7&client=js&version=8.4.0&flash=false' failed: Error in connection establishment: net::ERR_SSL_PROTOCOL_ERROR @ http://[::1]:5173/node_modules/.vite/deps/pusher-js.js?v=78e615f6:3255
[166660653ms] [ERROR] WebSocket connection to 'wss://localhost:8081/app/app-key?protocol=7&client=js&version=8.4.0&flash=false' failed: Error in connection establishment: net::ERR_SSL_PROTOCOL_ERROR @ http://[::1]:5173/node_modules/.vite/deps/pusher-js.js?v=78e615f6:3255
[166720652ms] [ERROR] WebSocket connection to 'wss://localhost:8081/app/app-key?protocol=7&client=js&version=8.4.0&flash=false' failed: Error in connection establishment: net::ERR_SSL_PROTOCOL_ERROR @ http://[::1]:5173/node_modules/.vite/deps/pusher-js.js?v=78e615f6:3255
[166780659ms] [ERROR] WebSocket connection to 'wss://localhost:8081/app/app-key?protocol=7&client=js&version=8.4.0&flash=false' failed: Error in connection establishment: net::ERR_SSL_PROTOCOL_ERROR @ http://[::1]:5173/node_modules/.vite/deps/pusher-js.js?v=78e615f6:3255
[166840655ms] [ERROR] WebSocket connection to 'wss://localhost:8081/app/app-key?protocol=7&client=js&version=8.4.0&flash=false' failed: Error in connection establishment: net::ERR_SSL_PROTOCOL_ERROR @ http://[::1]:5173/node_modules/.vite/deps/pusher-js.js?v=78e615f6:3255
[166900655ms] [ERROR] WebSocket connection to 'wss://localhost:8081/app/app-key?protocol=7&client=js&version=8.4.0&flash=false' failed: Error in connection establishment: net::ERR_SSL_PROTOCOL_ERROR @ http://[::1]:5173/node_modules/.vite/deps/pusher-js.js?v=78e615f6:3255
[166960716ms] [ERROR] WebSocket connection to 'wss://localhost:8081/app/app-key?protocol=7&client=js&version=8.4.0&flash=false' failed: Error in connection establishment: net::ERR_SSL_PROTOCOL_ERROR @ http://[::1]:5173/node_modules/.vite/deps/pusher-js.js?v=78e615f6:3255
[167020721ms] [ERROR] WebSocket connection to 'wss://localhost:8081/app/app-key?protocol=7&client=js&version=8.4.0&flash=false' failed: Error in connection establishment: net::ERR_SSL_PROTOCOL_ERROR @ http://[::1]:5173/node_modules/.vite/deps/pusher-js.js?v=78e615f6:3255
[167080722ms] [ERROR] WebSocket connection to 'wss://localhost:8081/app/app-key?protocol=7&client=js&version=8.4.0&flash=false' failed: Error in connection establishment: net::ERR_SSL_PROTOCOL_ERROR @ http://[::1]:5173/node_modules/.vite/deps/pusher-js.js?v=78e615f6:3255
[167140727ms] [ERROR] WebSocket connection to 'wss://localhost:8081/app/app-key?protocol=7&client=js&version=8.4.0&flash=false' failed: Error in connection establishment: net::ERR_SSL_PROTOCOL_ERROR @ http://[::1]:5173/node_modules/.vite/deps/pusher-js.js?v=78e615f6:3255
[167200727ms] [ERROR] WebSocket connection to 'wss://localhost:8081/app/app-key?protocol=7&client=js&version=8.4.0&flash=false' failed: Error in connection establishment: net::ERR_SSL_PROTOCOL_ERROR @ http://[::1]:5173/node_modules/.vite/deps/pusher-js.js?v=78e615f6:3255
[167260731ms] [ERROR] WebSocket connection to 'wss://localhost:8081/app/app-key?protocol=7&client=js&version=8.4.0&flash=false' failed: Error in connection establishment: net::ERR_SSL_PROTOCOL_ERROR @ http://[::1]:5173/node_modules/.vite/deps/pusher-js.js?v=78e615f6:3255
[167320738ms] [ERROR] WebSocket connection to 'wss://localhost:8081/app/app-key?protocol=7&client=js&version=8.4.0&flash=false' failed: Error in connection establishment: net::ERR_SSL_PROTOCOL_ERROR @ http://[::1]:5173/node_modules/.vite/deps/pusher-js.js?v=78e615f6:3255
[167380734ms] [ERROR] WebSocket connection to 'wss://localhost:8081/app/app-key?protocol=7&client=js&version=8.4.0&flash=false' failed: Error in connection establishment: net::ERR_SSL_PROTOCOL_ERROR @ http://[::1]:5173/node_modules/.vite/deps/pusher-js.js?v=78e615f6:3255
[167440742ms] [ERROR] WebSocket connection to 'wss://localhost:8081/app/app-key?protocol=7&client=js&version=8.4.0&flash=false' failed: Error in connection establishment: net::ERR_SSL_PROTOCOL_ERROR @ http://[::1]:5173/node_modules/.vite/deps/pusher-js.js?v=78e615f6:3255
[167500740ms] [ERROR] WebSocket connection to 'wss://localhost:8081/app/app-key?protocol=7&client=js&version=8.4.0&flash=false' failed: Error in connection establishment: net::ERR_SSL_PROTOCOL_ERROR @ http://[::1]:5173/node_modules/.vite/deps/pusher-js.js?v=78e615f6:3255
[167560739ms] [ERROR] WebSocket connection to 'wss://localhost:8081/app/app-key?protocol=7&client=js&version=8.4.0&flash=false' failed: Error in connection establishment: net::ERR_SSL_PROTOCOL_ERROR @ http://[::1]:5173/node_modules/.vite/deps/pusher-js.js?v=78e615f6:3255
[167620745ms] [ERROR] WebSocket connection to 'wss://localhost:8081/app/app-key?protocol=7&client=js&version=8.4.0&flash=false' failed: Error in connection establishment: net::ERR_SSL_PROTOCOL_ERROR @ http://[::1]:5173/node_modules/.vite/deps/pusher-js.js?v=78e615f6:3255
[167680748ms] [ERROR] WebSocket connection to 'wss://localhost:8081/app/app-key?protocol=7&client=js&version=8.4.0&flash=false' failed: Error in connection establishment: net::ERR_SSL_PROTOCOL_ERROR @ http://[::1]:5173/node_modules/.vite/deps/pusher-js.js?v=78e615f6:3255
[167740750ms] [ERROR] WebSocket connection to 'wss://localhost:8081/app/app-key?protocol=7&client=js&version=8.4.0&flash=false' failed: Error in connection establishment: net::ERR_SSL_PROTOCOL_ERROR @ http://[::1]:5173/node_modules/.vite/deps/pusher-js.js?v=78e615f6:3255
[167800754ms] [ERROR] WebSocket connection to 'wss://localhost:8081/app/app-key?protocol=7&client=js&version=8.4.0&flash=false' failed: Error in connection establishment: net::ERR_SSL_PROTOCOL_ERROR @ http://[::1]:5173/node_modules/.vite/deps/pusher-js.js?v=78e615f6:3255
[167860753ms] [ERROR] WebSocket connection to 'wss://localhost:8081/app/app-key?protocol=7&client=js&version=8.4.0&flash=false' failed: Error in connection establishment: net::ERR_SSL_PROTOCOL_ERROR @ http://[::1]:5173/node_modules/.vite/deps/pusher-js.js?v=78e615f6:3255
[167920755ms] [ERROR] WebSocket connection to 'wss://localhost:8081/app/app-key?protocol=7&client=js&version=8.4.0&flash=false' failed: Error in connection establishment: net::ERR_SSL_PROTOCOL_ERROR @ http://[::1]:5173/node_modules/.vite/deps/pusher-js.js?v=78e615f6:3255
[167980760ms] [ERROR] WebSocket connection to 'wss://localhost:8081/app/app-key?protocol=7&client=js&version=8.4.0&flash=false' failed: Error in connection establishment: net::ERR_SSL_PROTOCOL_ERROR @ http://[::1]:5173/node_modules/.vite/deps/pusher-js.js?v=78e615f6:3255
[168040768ms] [ERROR] WebSocket connection to 'wss://localhost:8081/app/app-key?protocol=7&client=js&version=8.4.0&flash=false' failed: Error in connection establishment: net::ERR_SSL_PROTOCOL_ERROR @ http://[::1]:5173/node_modules/.vite/deps/pusher-js.js?v=78e615f6:3255
[168100768ms] [ERROR] WebSocket connection to 'wss://localhost:8081/app/app-key?protocol=7&client=js&version=8.4.0&flash=false' failed: Error in connection establishment: net::ERR_SSL_PROTOCOL_ERROR @ http://[::1]:5173/node_modules/.vite/deps/pusher-js.js?v=78e615f6:3255
[168160768ms] [ERROR] WebSocket connection to 'wss://localhost:8081/app/app-key?protocol=7&client=js&version=8.4.0&flash=false' failed: Error in connection establishment: net::ERR_SSL_PROTOCOL_ERROR @ http://[::1]:5173/node_modules/.vite/deps/pusher-js.js?v=78e615f6:3255
[168220774ms] [ERROR] WebSocket connection to 'wss://localhost:8081/app/app-key?protocol=7&client=js&version=8.4.0&flash=false' failed: Error in connection establishment: net::ERR_SSL_PROTOCOL_ERROR @ http://[::1]:5173/node_modules/.vite/deps/pusher-js.js?v=78e615f6:3255
[168280775ms] [ERROR] WebSocket connection to 'wss://localhost:8081/app/app-key?protocol=7&client=js&version=8.4.0&flash=false' failed: Error in connection establishment: net::ERR_SSL_PROTOCOL_ERROR @ http://[::1]:5173/node_modules/.vite/deps/pusher-js.js?v=78e615f6:3255
[168340783ms] [ERROR] WebSocket connection to 'wss://localhost:8081/app/app-key?protocol=7&client=js&version=8.4.0&flash=false' failed: Error in connection establishment: net::ERR_SSL_PROTOCOL_ERROR @ http://[::1]:5173/node_modules/.vite/deps/pusher-js.js?v=78e615f6:3255
[168400780ms] [ERROR] WebSocket connection to 'wss://localhost:8081/app/app-key?protocol=7&client=js&version=8.4.0&flash=false' failed: Error in connection establishment: net::ERR_SSL_PROTOCOL_ERROR @ http://[::1]:5173/node_modules/.vite/deps/pusher-js.js?v=78e615f6:3255
[168460780ms] [ERROR] WebSocket connection to 'wss://localhost:8081/app/app-key?protocol=7&client=js&version=8.4.0&flash=false' failed: Error in connection establishment: net::ERR_SSL_PROTOCOL_ERROR @ http://[::1]:5173/node_modules/.vite/deps/pusher-js.js?v=78e615f6:3255
[168520782ms] [ERROR] WebSocket connection to 'wss://localhost:8081/app/app-key?protocol=7&client=js&version=8.4.0&flash=false' failed: Error in connection establishment: net::ERR_SSL_PROTOCOL_ERROR @ http://[::1]:5173/node_modules/.vite/deps/pusher-js.js?v=78e615f6:3255
[168580780ms] [ERROR] WebSocket connection to 'wss://localhost:8081/app/app-key?protocol=7&client=js&version=8.4.0&flash=false' failed: Error in connection establishment: net::ERR_SSL_PROTOCOL_ERROR @ http://[::1]:5173/node_modules/.vite/deps/pusher-js.js?v=78e615f6:3255
[168640787ms] [ERROR] WebSocket connection to 'wss://localhost:8081/app/app-key?protocol=7&client=js&version=8.4.0&flash=false' failed: Error in connection establishment: net::ERR_SSL_PROTOCOL_ERROR @ http://[::1]:5173/node_modules/.vite/deps/pusher-js.js?v=78e615f6:3255
[168700787ms] [ERROR] WebSocket connection to 'wss://localhost:8081/app/app-key?protocol=7&client=js&version=8.4.0&flash=false' failed: Error in connection establishment: net::ERR_SSL_PROTOCOL_ERROR @ http://[::1]:5173/node_modules/.vite/deps/pusher-js.js?v=78e615f6:3255
[168760797ms] [ERROR] WebSocket connection to 'wss://localhost:8081/app/app-key?protocol=7&client=js&version=8.4.0&flash=false' failed: Error in connection establishment: net::ERR_SSL_PROTOCOL_ERROR @ http://[::1]:5173/node_modules/.vite/deps/pusher-js.js?v=78e615f6:3255
[168820792ms] [ERROR] WebSocket connection to 'wss://localhost:8081/app/app-key?protocol=7&client=js&version=8.4.0&flash=false' failed: Error in connection establishment: net::ERR_SSL_PROTOCOL_ERROR @ http://[::1]:5173/node_modules/.vite/deps/pusher-js.js?v=78e615f6:3255
[168880793ms] [ERROR] WebSocket connection to 'wss://localhost:8081/app/app-key?protocol=7&client=js&version=8.4.0&flash=false' failed: Error in connection establishment: net::ERR_SSL_PROTOCOL_ERROR @ http://[::1]:5173/node_modules/.vite/deps/pusher-js.js?v=78e615f6:3255
[168940800ms] [ERROR] WebSocket connection to 'wss://localhost:8081/app/app-key?protocol=7&client=js&version=8.4.0&flash=false' failed: Error in connection establishment: net::ERR_SSL_PROTOCOL_ERROR @ http://[::1]:5173/node_modules/.vite/deps/pusher-js.js?v=78e615f6:3255
[169000794ms] [ERROR] WebSocket connection to 'wss://localhost:8081/app/app-key?protocol=7&client=js&version=8.4.0&flash=false' failed: Error in connection establishment: net::ERR_SSL_PROTOCOL_ERROR @ http://[::1]:5173/node_modules/.vite/deps/pusher-js.js?v=78e615f6:3255
[169060794ms] [ERROR] WebSocket connection to 'wss://localhost:8081/app/app-key?protocol=7&client=js&version=8.4.0&flash=false' failed: Error in connection establishment: net::ERR_SSL_PROTOCOL_ERROR @ http://[::1]:5173/node_modules/.vite/deps/pusher-js.js?v=78e615f6:3255
[169120802ms] [ERROR] WebSocket connection to 'wss://localhost:8081/app/app-key?protocol=7&client=js&version=8.4.0&flash=false' failed: Error in connection establishment: net::ERR_SSL_PROTOCOL_ERROR @ http://[::1]:5173/node_modules/.vite/deps/pusher-js.js?v=78e615f6:3255
[169180797ms] [ERROR] WebSocket connection to 'wss://localhost:8081/app/app-key?protocol=7&client=js&version=8.4.0&flash=false' failed: Error in connection establishment: net::ERR_SSL_PROTOCOL_ERROR @ http://[::1]:5173/node_modules/.vite/deps/pusher-js.js?v=78e615f6:3255
[169240802ms] [ERROR] WebSocket connection to 'wss://localhost:8081/app/app-key?protocol=7&client=js&version=8.4.0&flash=false' failed: Error in connection establishment: net::ERR_SSL_PROTOCOL_ERROR @ http://[::1]:5173/node_modules/.vite/deps/pusher-js.js?v=78e615f6:3255
[169300804ms] [ERROR] WebSocket connection to 'wss://localhost:8081/app/app-key?protocol=7&client=js&version=8.4.0&flash=false' failed: Error in connection establishment: net::ERR_SSL_PROTOCOL_ERROR @ http://[::1]:5173/node_modules/.vite/deps/pusher-js.js?v=78e615f6:3255
[169360803ms] [ERROR] WebSocket connection to 'wss://localhost:8081/app/app-key?protocol=7&client=js&version=8.4.0&flash=false' failed: Error in connection establishment: net::ERR_SSL_PROTOCOL_ERROR @ http://[::1]:5173/node_modules/.vite/deps/pusher-js.js?v=78e615f6:3255
[169420805ms] [ERROR] WebSocket connection to 'wss://localhost:8081/app/app-key?protocol=7&client=js&version=8.4.0&flash=false' failed: Error in connection establishment: net::ERR_SSL_PROTOCOL_ERROR @ http://[::1]:5173/node_modules/.vite/deps/pusher-js.js?v=78e615f6:3255
[169480808ms] [ERROR] WebSocket connection to 'wss://localhost:8081/app/app-key?protocol=7&client=js&version=8.4.0&flash=false' failed: Error in connection establishment: net::ERR_SSL_PROTOCOL_ERROR @ http://[::1]:5173/node_modules/.vite/deps/pusher-js.js?v=78e615f6:3255
[169540813ms] [ERROR] WebSocket connection to 'wss://localhost:8081/app/app-key?protocol=7&client=js&version=8.4.0&flash=false' failed: Error in connection establishment: net::ERR_SSL_PROTOCOL_ERROR @ http://[::1]:5173/node_modules/.vite/deps/pusher-js.js?v=78e615f6:3255
[169600813ms] [ERROR] WebSocket connection to 'wss://localhost:8081/app/app-key?protocol=7&client=js&version=8.4.0&flash=false' failed: Error in connection establishment: net::ERR_SSL_PROTOCOL_ERROR @ http://[::1]:5173/node_modules/.vite/deps/pusher-js.js?v=78e615f6:3255
[169660815ms] [ERROR] WebSocket connection to 'wss://localhost:8081/app/app-key?protocol=7&client=js&version=8.4.0&flash=false' failed: Error in connection establishment: net::ERR_SSL_PROTOCOL_ERROR @ http://[::1]:5173/node_modules/.vite/deps/pusher-js.js?v=78e615f6:3255
[169720820ms] [ERROR] WebSocket connection to 'wss://localhost:8081/app/app-key?protocol=7&client=js&version=8.4.0&flash=false' failed: Error in connection establishment: net::ERR_SSL_PROTOCOL_ERROR @ http://[::1]:5173/node_modules/.vite/deps/pusher-js.js?v=78e615f6:3255
[169780820ms] [ERROR] WebSocket connection to 'wss://localhost:8081/app/app-key?protocol=7&client=js&version=8.4.0&flash=false' failed: Error in connection establishment: net::ERR_SSL_PROTOCOL_ERROR @ http://[::1]:5173/node_modules/.vite/deps/pusher-js.js?v=78e615f6:3255
[169840821ms] [ERROR] WebSocket connection to 'wss://localhost:8081/app/app-key?protocol=7&client=js&version=8.4.0&flash=false' failed: Error in connection establishment: net::ERR_SSL_PROTOCOL_ERROR @ http://[::1]:5173/node_modules/.vite/deps/pusher-js.js?v=78e615f6:3255
[169900826ms] [ERROR] WebSocket connection to 'wss://localhost:8081/app/app-key?protocol=7&client=js&version=8.4.0&flash=false' failed: Error in connection establishment: net::ERR_SSL_PROTOCOL_ERROR @ http://[::1]:5173/node_modules/.vite/deps/pusher-js.js?v=78e615f6:3255
[169960826ms] [ERROR] WebSocket connection to 'wss://localhost:8081/app/app-key?protocol=7&client=js&version=8.4.0&flash=false' failed: Error in connection establishment: net::ERR_SSL_PROTOCOL_ERROR @ http://[::1]:5173/node_modules/.vite/deps/pusher-js.js?v=78e615f6:3255
[170020829ms] [ERROR] WebSocket connection to 'wss://localhost:8081/app/app-key?protocol=7&client=js&version=8.4.0&flash=false' failed: Error in connection establishment: net::ERR_SSL_PROTOCOL_ERROR @ http://[::1]:5173/node_modules/.vite/deps/pusher-js.js?v=78e615f6:3255
[170080843ms] [ERROR] WebSocket connection to 'wss://localhost:8081/app/app-key?protocol=7&client=js&version=8.4.0&flash=false' failed: Error in connection establishment: net::ERR_SSL_PROTOCOL_ERROR @ http://[::1]:5173/node_modules/.vite/deps/pusher-js.js?v=78e615f6:3255
[170140829ms] [ERROR] WebSocket connection to 'wss://localhost:8081/app/app-key?protocol=7&client=js&version=8.4.0&flash=false' failed: Error in connection establishment: net::ERR_SSL_PROTOCOL_ERROR @ http://[::1]:5173/node_modules/.vite/deps/pusher-js.js?v=78e615f6:3255
[170200845ms] [ERROR] WebSocket connection to 'wss://localhost:8081/app/app-key?protocol=7&client=js&version=8.4.0&flash=false' failed: Error in connection establishment: net::ERR_SSL_PROTOCOL_ERROR @ http://[::1]:5173/node_modules/.vite/deps/pusher-js.js?v=78e615f6:3255
[170260853ms] [ERROR] WebSocket connection to 'wss://localhost:8081/app/app-key?protocol=7&client=js&version=8.4.0&flash=false' failed: Error in connection establishment: net::ERR_SSL_PROTOCOL_ERROR @ http://[::1]:5173/node_modules/.vite/deps/pusher-js.js?v=78e615f6:3255
[170320844ms] [ERROR] WebSocket connection to 'wss://localhost:8081/app/app-key?protocol=7&client=js&version=8.4.0&flash=false' failed: Error in connection establishment: net::ERR_SSL_PROTOCOL_ERROR @ http://[::1]:5173/node_modules/.vite/deps/pusher-js.js?v=78e615f6:3255
[170380844ms] [ERROR] WebSocket connection to 'wss://localhost:8081/app/app-key?protocol=7&client=js&version=8.4.0&flash=false' failed: Error in connection establishment: net::ERR_SSL_PROTOCOL_ERROR @ http://[::1]:5173/node_modules/.vite/deps/pusher-js.js?v=78e615f6:3255
[170440846ms] [ERROR] WebSocket connection to 'wss://localhost:8081/app/app-key?protocol=7&client=js&version=8.4.0&flash=false' failed: Error in connection establishment: net::ERR_SSL_PROTOCOL_ERROR @ http://[::1]:5173/node_modules/.vite/deps/pusher-js.js?v=78e615f6:3255
[170500844ms] [ERROR] WebSocket connection to 'wss://localhost:8081/app/app-key?protocol=7&client=js&version=8.4.0&flash=false' failed: Error in connection establishment: net::ERR_SSL_PROTOCOL_ERROR @ http://[::1]:5173/node_modules/.vite/deps/pusher-js.js?v=78e615f6:3255
[170560863ms] [ERROR] WebSocket connection to 'wss://localhost:8081/app/app-key?protocol=7&client=js&version=8.4.0&flash=false' failed: Error in connection establishment: net::ERR_SSL_PROTOCOL_ERROR @ http://[::1]:5173/node_modules/.vite/deps/pusher-js.js?v=78e615f6:3255
[170620851ms] [ERROR] WebSocket connection to 'wss://localhost:8081/app/app-key?protocol=7&client=js&version=8.4.0&flash=false' failed: Error in connection establishment: net::ERR_SSL_PROTOCOL_ERROR @ http://[::1]:5173/node_modules/.vite/deps/pusher-js.js?v=78e615f6:3255
[170680856ms] [ERROR] WebSocket connection to 'wss://localhost:8081/app/app-key?protocol=7&client=js&version=8.4.0&flash=false' failed: Error in connection establishment: net::ERR_SSL_PROTOCOL_ERROR @ http://[::1]:5173/node_modules/.vite/deps/pusher-js.js?v=78e615f6:3255
[170740864ms] [ERROR] WebSocket connection to 'wss://localhost:8081/app/app-key?protocol=7&client=js&version=8.4.0&flash=false' failed: Error in connection establishment: net::ERR_SSL_PROTOCOL_ERROR @ http://[::1]:5173/node_modules/.vite/deps/pusher-js.js?v=78e615f6:3255
[170800870ms] [ERROR] WebSocket connection to 'wss://localhost:8081/app/app-key?protocol=7&client=js&version=8.4.0&flash=false' failed: Error in connection establishment: net::ERR_SSL_PROTOCOL_ERROR @ http://[::1]:5173/node_modules/.vite/deps/pusher-js.js?v=78e615f6:3255
[170860870ms] [ERROR] WebSocket connection to 'wss://localhost:8081/app/app-key?protocol=7&client=js&version=8.4.0&flash=false' failed: Error in connection establishment: net::ERR_SSL_PROTOCOL_ERROR @ http://[::1]:5173/node_modules/.vite/deps/pusher-js.js?v=78e615f6:3255
[170920877ms] [ERROR] WebSocket connection to 'wss://localhost:8081/app/app-key?protocol=7&client=js&version=8.4.0&flash=false' failed: Error in connection establishment: net::ERR_SSL_PROTOCOL_ERROR @ http://[::1]:5173/node_modules/.vite/deps/pusher-js.js?v=78e615f6:3255
[170980828ms] [ERROR] WebSocket connection to 'wss://localhost:8081/app/app-key?protocol=7&client=js&version=8.4.0&flash=false' failed: Error in connection establishment: net::ERR_SSL_PROTOCOL_ERROR @ http://[::1]:5173/node_modules/.vite/deps/pusher-js.js?v=78e615f6:3255
[171040829ms] [ERROR] WebSocket connection to 'wss://localhost:8081/app/app-key?protocol=7&client=js&version=8.4.0&flash=false' failed: Error in connection establishment: net::ERR_SSL_PROTOCOL_ERROR @ http://[::1]:5173/node_modules/.vite/deps/pusher-js.js?v=78e615f6:3255
[171100827ms] [ERROR] WebSocket connection to 'wss://localhost:8081/app/app-key?protocol=7&client=js&version=8.4.0&flash=false' failed: Error in connection establishment: net::ERR_SSL_PROTOCOL_ERROR @ http://[::1]:5173/node_modules/.vite/deps/pusher-js.js?v=78e615f6:3255
[171160837ms] [ERROR] WebSocket connection to 'wss://localhost:8081/app/app-key?protocol=7&client=js&version=8.4.0&flash=false' failed: Error in connection establishment: net::ERR_SSL_PROTOCOL_ERROR @ http://[::1]:5173/node_modules/.vite/deps/pusher-js.js?v=78e615f6:3255
[171220830ms] [ERROR] WebSocket connection to 'wss://localhost:8081/app/app-key?protocol=7&client=js&version=8.4.0&flash=false' failed: Error in connection establishment: net::ERR_SSL_PROTOCOL_ERROR @ http://[::1]:5173/node_modules/.vite/deps/pusher-js.js?v=78e615f6:3255
[171280830ms] [ERROR] WebSocket connection to 'wss://localhost:8081/app/app-key?protocol=7&client=js&version=8.4.0&flash=false' failed: Error in connection establishment: net::ERR_SSL_PROTOCOL_ERROR @ http://[::1]:5173/node_modules/.vite/deps/pusher-js.js?v=78e615f6:3255
[171340829ms] [ERROR] WebSocket connection to 'wss://localhost:8081/app/app-key?protocol=7&client=js&version=8.4.0&flash=false' failed: Error in connection establishment: net::ERR_SSL_PROTOCOL_ERROR @ http://[::1]:5173/node_modules/.vite/deps/pusher-js.js?v=78e615f6:3255
[171400835ms] [ERROR] WebSocket connection to 'wss://localhost:8081/app/app-key?protocol=7&client=js&version=8.4.0&flash=false' failed: Error in connection establishment: net::ERR_SSL_PROTOCOL_ERROR @ http://[::1]:5173/node_modules/.vite/deps/pusher-js.js?v=78e615f6:3255
[171460842ms] [ERROR] WebSocket connection to 'wss://localhost:8081/app/app-key?protocol=7&client=js&version=8.4.0&flash=false' failed: Error in connection establishment: net::ERR_SSL_PROTOCOL_ERROR @ http://[::1]:5173/node_modules/.vite/deps/pusher-js.js?v=78e615f6:3255
[171520841ms] [ERROR] WebSocket connection to 'wss://localhost:8081/app/app-key?protocol=7&client=js&version=8.4.0&flash=false' failed: Error in connection establishment: net::ERR_SSL_PROTOCOL_ERROR @ http://[::1]:5173/node_modules/.vite/deps/pusher-js.js?v=78e615f6:3255
[171580843ms] [ERROR] WebSocket connection to 'wss://localhost:8081/app/app-key?protocol=7&client=js&version=8.4.0&flash=false' failed: Error in connection establishment: net::ERR_SSL_PROTOCOL_ERROR @ http://[::1]:5173/node_modules/.vite/deps/pusher-js.js?v=78e615f6:3255
[171640845ms] [ERROR] WebSocket connection to 'wss://localhost:8081/app/app-key?protocol=7&client=js&version=8.4.0&flash=false' failed: Error in connection establishment: net::ERR_SSL_PROTOCOL_ERROR @ http://[::1]:5173/node_modules/.vite/deps/pusher-js.js?v=78e615f6:3255
[171700861ms] [ERROR] WebSocket connection to 'wss://localhost:8081/app/app-key?protocol=7&client=js&version=8.4.0&flash=false' failed: Error in connection establishment: net::ERR_SSL_PROTOCOL_ERROR @ http://[::1]:5173/node_modules/.vite/deps/pusher-js.js?v=78e615f6:3255
[171760848ms] [ERROR] WebSocket connection to 'wss://localhost:8081/app/app-key?protocol=7&client=js&version=8.4.0&flash=false' failed: Error in connection establishment: net::ERR_SSL_PROTOCOL_ERROR @ http://[::1]:5173/node_modules/.vite/deps/pusher-js.js?v=78e615f6:3255
[171820854ms] [ERROR] WebSocket connection to 'wss://localhost:8081/app/app-key?protocol=7&client=js&version=8.4.0&flash=false' failed: Error in connection establishment: net::ERR_SSL_PROTOCOL_ERROR @ http://[::1]:5173/node_modules/.vite/deps/pusher-js.js?v=78e615f6:3255
[171880853ms] [ERROR] WebSocket connection to 'wss://localhost:8081/app/app-key?protocol=7&client=js&version=8.4.0&flash=false' failed: Error in connection establishment: net::ERR_SSL_PROTOCOL_ERROR @ http://[::1]:5173/node_modules/.vite/deps/pusher-js.js?v=78e615f6:3255
[171940856ms] [ERROR] WebSocket connection to 'wss://localhost:8081/app/app-key?protocol=7&client=js&version=8.4.0&flash=false' failed: Error in connection establishment: net::ERR_SSL_PROTOCOL_ERROR @ http://[::1]:5173/node_modules/.vite/deps/pusher-js.js?v=78e615f6:3255
[172000857ms] [ERROR] WebSocket connection to 'wss://localhost:8081/app/app-key?protocol=7&client=js&version=8.4.0&flash=false' failed: Error in connection establishment: net::ERR_SSL_PROTOCOL_ERROR @ http://[::1]:5173/node_modules/.vite/deps/pusher-js.js?v=78e615f6:3255
[172060858ms] [ERROR] WebSocket connection to 'wss://localhost:8081/app/app-key?protocol=7&client=js&version=8.4.0&flash=false' failed: Error in connection establishment: net::ERR_SSL_PROTOCOL_ERROR @ http://[::1]:5173/node_modules/.vite/deps/pusher-js.js?v=78e615f6:3255
[172120860ms] [ERROR] WebSocket connection to 'wss://localhost:8081/app/app-key?protocol=7&client=js&version=8.4.0&flash=false' failed: Error in connection establishment: net::ERR_SSL_PROTOCOL_ERROR @ http://[::1]:5173/node_modules/.vite/deps/pusher-js.js?v=78e615f6:3255
[172180863ms] [ERROR] WebSocket connection to 'wss://localhost:8081/app/app-key?protocol=7&client=js&version=8.4.0&flash=false' failed: Error in connection establishment: net::ERR_SSL_PROTOCOL_ERROR @ http://[::1]:5173/node_modules/.vite/deps/pusher-js.js?v=78e615f6:3255
[172240859ms] [ERROR] WebSocket connection to 'wss://localhost:8081/app/app-key?protocol=7&client=js&version=8.4.0&flash=false' failed: Error in connection establishment: net::ERR_SSL_PROTOCOL_ERROR @ http://[::1]:5173/node_modules/.vite/deps/pusher-js.js?v=78e615f6:3255
[172300879ms] [ERROR] WebSocket connection to 'wss://localhost:8081/app/app-key?protocol=7&client=js&version=8.4.0&flash=false' failed: Error in connection establishment: net::ERR_SSL_PROTOCOL_ERROR @ http://[::1]:5173/node_modules/.vite/deps/pusher-js.js?v=78e615f6:3255
[172360871ms] [ERROR] WebSocket connection to 'wss://localhost:8081/app/app-key?protocol=7&client=js&version=8.4.0&flash=false' failed: Error in connection establishment: net::ERR_SSL_PROTOCOL_ERROR @ http://[::1]:5173/node_modules/.vite/deps/pusher-js.js?v=78e615f6:3255
[172420867ms] [ERROR] WebSocket connection to 'wss://localhost:8081/app/app-key?protocol=7&client=js&version=8.4.0&flash=false' failed: Error in connection establishment: net::ERR_SSL_PROTOCOL_ERROR @ http://[::1]:5173/node_modules/.vite/deps/pusher-js.js?v=78e615f6:3255
[172480871ms] [ERROR] WebSocket connection to 'wss://localhost:8081/app/app-key?protocol=7&client=js&version=8.4.0&flash=false' failed: Error in connection establishment: net::ERR_SSL_PROTOCOL_ERROR @ http://[::1]:5173/node_modules/.vite/deps/pusher-js.js?v=78e615f6:3255
[172540872ms] [ERROR] WebSocket connection to 'wss://localhost:8081/app/app-key?protocol=7&client=js&version=8.4.0&flash=false' failed: Error in connection establishment: net::ERR_SSL_PROTOCOL_ERROR @ http://[::1]:5173/node_modules/.vite/deps/pusher-js.js?v=78e615f6:3255
[172600871ms] [ERROR] WebSocket connection to 'wss://localhost:8081/app/app-key?protocol=7&client=js&version=8.4.0&flash=false' failed: Error in connection establishment: net::ERR_SSL_PROTOCOL_ERROR @ http://[::1]:5173/node_modules/.vite/deps/pusher-js.js?v=78e615f6:3255
[172660875ms] [ERROR] WebSocket connection to 'wss://localhost:8081/app/app-key?protocol=7&client=js&version=8.4.0&flash=false' failed: Error in connection establishment: net::ERR_SSL_PROTOCOL_ERROR @ http://[::1]:5173/node_modules/.vite/deps/pusher-js.js?v=78e615f6:3255
[172720874ms] [ERROR] WebSocket connection to 'wss://localhost:8081/app/app-key?protocol=7&client=js&version=8.4.0&flash=false' failed: Error in connection establishment: net::ERR_SSL_PROTOCOL_ERROR @ http://[::1]:5173/node_modules/.vite/deps/pusher-js.js?v=78e615f6:3255
[172780879ms] [ERROR] WebSocket connection to 'wss://localhost:8081/app/app-key?protocol=7&client=js&version=8.4.0&flash=false' failed: Error in connection establishment: net::ERR_SSL_PROTOCOL_ERROR @ http://[::1]:5173/node_modules/.vite/deps/pusher-js.js?v=78e615f6:3255
[172840877ms] [ERROR] WebSocket connection to 'wss://localhost:8081/app/app-key?protocol=7&client=js&version=8.4.0&flash=false' failed: Error in connection establishment: net::ERR_SSL_PROTOCOL_ERROR @ http://[::1]:5173/node_modules/.vite/deps/pusher-js.js?v=78e615f6:3255
[172900795ms] [ERROR] WebSocket connection to 'wss://localhost:8081/app/app-key?protocol=7&client=js&version=8.4.0&flash=false' failed: Error in connection establishment: net::ERR_SSL_PROTOCOL_ERROR @ http://[::1]:5173/node_modules/.vite/deps/pusher-js.js?v=78e615f6:3255
[172960788ms] [ERROR] WebSocket connection to 'wss://localhost:8081/app/app-key?protocol=7&client=js&version=8.4.0&flash=false' failed: Error in connection establishment: net::ERR_SSL_PROTOCOL_ERROR @ http://[::1]:5173/node_modules/.vite/deps/pusher-js.js?v=78e615f6:3255
[173020795ms] [ERROR] WebSocket connection to 'wss://localhost:8081/app/app-key?protocol=7&client=js&version=8.4.0&flash=false' failed: Error in connection establishment: net::ERR_SSL_PROTOCOL_ERROR @ http://[::1]:5173/node_modules/.vite/deps/pusher-js.js?v=78e615f6:3255
[173080791ms] [ERROR] WebSocket connection to 'wss://localhost:8081/app/app-key?protocol=7&client=js&version=8.4.0&flash=false' failed: Error in connection establishment: net::ERR_SSL_PROTOCOL_ERROR @ http://[::1]:5173/node_modules/.vite/deps/pusher-js.js?v=78e615f6:3255
[173140793ms] [ERROR] WebSocket connection to 'wss://localhost:8081/app/app-key?protocol=7&client=js&version=8.4.0&flash=false' failed: Error in connection establishment: net::ERR_SSL_PROTOCOL_ERROR @ http://[::1]:5173/node_modules/.vite/deps/pusher-js.js?v=78e615f6:3255
[173200801ms] [ERROR] WebSocket connection to 'wss://localhost:8081/app/app-key?protocol=7&client=js&version=8.4.0&flash=false' failed: Error in connection establishment: net::ERR_SSL_PROTOCOL_ERROR @ http://[::1]:5173/node_modules/.vite/deps/pusher-js.js?v=78e615f6:3255
[173260794ms] [ERROR] WebSocket connection to 'wss://localhost:8081/app/app-key?protocol=7&client=js&version=8.4.0&flash=false' failed: Error in connection establishment: net::ERR_SSL_PROTOCOL_ERROR @ http://[::1]:5173/node_modules/.vite/deps/pusher-js.js?v=78e615f6:3255
[173320794ms] [ERROR] WebSocket connection to 'wss://localhost:8081/app/app-key?protocol=7&client=js&version=8.4.0&flash=false' failed: Error in connection establishment: net::ERR_SSL_PROTOCOL_ERROR @ http://[::1]:5173/node_modules/.vite/deps/pusher-js.js?v=78e615f6:3255
[173380805ms] [ERROR] WebSocket connection to 'wss://localhost:8081/app/app-key?protocol=7&client=js&version=8.4.0&flash=false' failed: Error in connection establishment: net::ERR_SSL_PROTOCOL_ERROR @ http://[::1]:5173/node_modules/.vite/deps/pusher-js.js?v=78e615f6:3255
[173440809ms] [ERROR] WebSocket connection to 'wss://localhost:8081/app/app-key?protocol=7&client=js&version=8.4.0&flash=false' failed: Error in connection establishment: net::ERR_SSL_PROTOCOL_ERROR @ http://[::1]:5173/node_modules/.vite/deps/pusher-js.js?v=78e615f6:3255
[173500802ms] [ERROR] WebSocket connection to 'wss://localhost:8081/app/app-key?protocol=7&client=js&version=8.4.0&flash=false' failed: Error in connection establishment: net::ERR_SSL_PROTOCOL_ERROR @ http://[::1]:5173/node_modules/.vite/deps/pusher-js.js?v=78e615f6:3255
[173560792ms] [ERROR] WebSocket connection to 'wss://localhost:8081/app/app-key?protocol=7&client=js&version=8.4.0&flash=false' failed: Error in connection establishment: net::ERR_SSL_PROTOCOL_ERROR @ http://[::1]:5173/node_modules/.vite/deps/pusher-js.js?v=78e615f6:3255
[173620792ms] [ERROR] WebSocket connection to 'wss://localhost:8081/app/app-key?protocol=7&client=js&version=8.4.0&flash=false' failed: Error in connection establishment: net::ERR_SSL_PROTOCOL_ERROR @ http://[::1]:5173/node_modules/.vite/deps/pusher-js.js?v=78e615f6:3255
[173680797ms] [ERROR] WebSocket connection to 'wss://localhost:8081/app/app-key?protocol=7&client=js&version=8.4.0&flash=false' failed: Error in connection establishment: net::ERR_SSL_PROTOCOL_ERROR @ http://[::1]:5173/node_modules/.vite/deps/pusher-js.js?v=78e615f6:3255
[173740791ms] [ERROR] WebSocket connection to 'wss://localhost:8081/app/app-key?protocol=7&client=js&version=8.4.0&flash=false' failed: Error in connection establishment: net::ERR_SSL_PROTOCOL_ERROR @ http://[::1]:5173/node_modules/.vite/deps/pusher-js.js?v=78e615f6:3255
[173800799ms] [ERROR] WebSocket connection to 'wss://localhost:8081/app/app-key?protocol=7&client=js&version=8.4.0&flash=false' failed: Error in connection establishment: net::ERR_SSL_PROTOCOL_ERROR @ http://[::1]:5173/node_modules/.vite/deps/pusher-js.js?v=78e615f6:3255
[173860793ms] [ERROR] WebSocket connection to 'wss://localhost:8081/app/app-key?protocol=7&client=js&version=8.4.0&flash=false' failed: Error in connection establishment: net::ERR_SSL_PROTOCOL_ERROR @ http://[::1]:5173/node_modules/.vite/deps/pusher-js.js?v=78e615f6:3255
[173920801ms] [ERROR] WebSocket connection to 'wss://localhost:8081/app/app-key?protocol=7&client=js&version=8.4.0&flash=false' failed: Error in connection establishment: net::ERR_SSL_PROTOCOL_ERROR @ http://[::1]:5173/node_modules/.vite/deps/pusher-js.js?v=78e615f6:3255
[173980799ms] [ERROR] WebSocket connection to 'wss://localhost:8081/app/app-key?protocol=7&client=js&version=8.4.0&flash=false' failed: Error in connection establishment: net::ERR_SSL_PROTOCOL_ERROR @ http://[::1]:5173/node_modules/.vite/deps/pusher-js.js?v=78e615f6:3255
[174040796ms] [ERROR] WebSocket connection to 'wss://localhost:8081/app/app-key?protocol=7&client=js&version=8.4.0&flash=false' failed: Error in connection establishment: net::ERR_SSL_PROTOCOL_ERROR @ http://[::1]:5173/node_modules/.vite/deps/pusher-js.js?v=78e615f6:3255
[174100797ms] [ERROR] WebSocket connection to 'wss://localhost:8081/app/app-key?protocol=7&client=js&version=8.4.0&flash=false' failed: Error in connection establishment: net::ERR_SSL_PROTOCOL_ERROR @ http://[::1]:5173/node_modules/.vite/deps/pusher-js.js?v=78e615f6:3255
[174160796ms] [ERROR] WebSocket connection to 'wss://localhost:8081/app/app-key?protocol=7&client=js&version=8.4.0&flash=false' failed: Error in connection establishment: net::ERR_SSL_PROTOCOL_ERROR @ http://[::1]:5173/node_modules/.vite/deps/pusher-js.js?v=78e615f6:3255
[174220793ms] [ERROR] WebSocket connection to 'wss://localhost:8081/app/app-key?protocol=7&client=js&version=8.4.0&flash=false' failed: Error in connection establishment: net::ERR_SSL_PROTOCOL_ERROR @ http://[::1]:5173/node_modules/.vite/deps/pusher-js.js?v=78e615f6:3255
[174280796ms] [ERROR] WebSocket connection to 'wss://localhost:8081/app/app-key?protocol=7&client=js&version=8.4.0&flash=false' failed: Error in connection establishment: net::ERR_SSL_PROTOCOL_ERROR @ http://[::1]:5173/node_modules/.vite/deps/pusher-js.js?v=78e615f6:3255
[174340788ms] [ERROR] WebSocket connection to 'wss://localhost:8081/app/app-key?protocol=7&client=js&version=8.4.0&flash=false' failed: Error in connection establishment: net::ERR_SSL_PROTOCOL_ERROR @ http://[::1]:5173/node_modules/.vite/deps/pusher-js.js?v=78e615f6:3255
[174400792ms] [ERROR] WebSocket connection to 'wss://localhost:8081/app/app-key?protocol=7&client=js&version=8.4.0&flash=false' failed: Error in connection establishment: net::ERR_SSL_PROTOCOL_ERROR @ http://[::1]:5173/node_modules/.vite/deps/pusher-js.js?v=78e615f6:3255
[174460789ms] [ERROR] WebSocket connection to 'wss://localhost:8081/app/app-key?protocol=7&client=js&version=8.4.0&flash=false' failed: Error in connection establishment: net::ERR_SSL_PROTOCOL_ERROR @ http://[::1]:5173/node_modules/.vite/deps/pusher-js.js?v=78e615f6:3255
[174520793ms] [ERROR] WebSocket connection to 'wss://localhost:8081/app/app-key?protocol=7&client=js&version=8.4.0&flash=false' failed: Error in connection establishment: net::ERR_SSL_PROTOCOL_ERROR @ http://[::1]:5173/node_modules/.vite/deps/pusher-js.js?v=78e615f6:3255
[174580790ms] [ERROR] WebSocket connection to 'wss://localhost:8081/app/app-key?protocol=7&client=js&version=8.4.0&flash=false' failed: Error in connection establishment: net::ERR_SSL_PROTOCOL_ERROR @ http://[::1]:5173/node_modules/.vite/deps/pusher-js.js?v=78e615f6:3255
[174640787ms] [ERROR] WebSocket connection to 'wss://localhost:8081/app/app-key?protocol=7&client=js&version=8.4.0&flash=false' failed: Error in connection establishment: net::ERR_SSL_PROTOCOL_ERROR @ http://[::1]:5173/node_modules/.vite/deps/pusher-js.js?v=78e615f6:3255
[174700785ms] [ERROR] WebSocket connection to 'wss://localhost:8081/app/app-key?protocol=7&client=js&version=8.4.0&flash=false' failed: Error in connection establishment: net::ERR_SSL_PROTOCOL_ERROR @ http://[::1]:5173/node_modules/.vite/deps/pusher-js.js?v=78e615f6:3255
[174760791ms] [ERROR] WebSocket connection to 'wss://localhost:8081/app/app-key?protocol=7&client=js&version=8.4.0&flash=false' failed: Error in connection establishment: net::ERR_SSL_PROTOCOL_ERROR @ http://[::1]:5173/node_modules/.vite/deps/pusher-js.js?v=78e615f6:3255
[174820792ms] [ERROR] WebSocket connection to 'wss://localhost:8081/app/app-key?protocol=7&client=js&version=8.4.0&flash=false' failed: Error in connection establishment: net::ERR_SSL_PROTOCOL_ERROR @ http://[::1]:5173/node_modules/.vite/deps/pusher-js.js?v=78e615f6:3255
[174880792ms] [ERROR] WebSocket connection to 'wss://localhost:8081/app/app-key?protocol=7&client=js&version=8.4.0&flash=false' failed: Error in connection establishment: net::ERR_SSL_PROTOCOL_ERROR @ http://[::1]:5173/node_modules/.vite/deps/pusher-js.js?v=78e615f6:3255
[174940788ms] [ERROR] WebSocket connection to 'wss://localhost:8081/app/app-key?protocol=7&client=js&version=8.4.0&flash=false' failed: Error in connection establishment: net::ERR_SSL_PROTOCOL_ERROR @ http://[::1]:5173/node_modules/.vite/deps/pusher-js.js?v=78e615f6:3255
[175000792ms] [ERROR] WebSocket connection to 'wss://localhost:8081/app/app-key?protocol=7&client=js&version=8.4.0&flash=false' failed: Error in connection establishment: net::ERR_SSL_PROTOCOL_ERROR @ http://[::1]:5173/node_modules/.vite/deps/pusher-js.js?v=78e615f6:3255
[175060786ms] [ERROR] WebSocket connection to 'wss://localhost:8081/app/app-key?protocol=7&client=js&version=8.4.0&flash=false' failed: Error in connection establishment: net::ERR_SSL_PROTOCOL_ERROR @ http://[::1]:5173/node_modules/.vite/deps/pusher-js.js?v=78e615f6:3255
[175120791ms] [ERROR] WebSocket connection to 'wss://localhost:8081/app/app-key?protocol=7&client=js&version=8.4.0&flash=false' failed: Error in connection establishment: net::ERR_SSL_PROTOCOL_ERROR @ http://[::1]:5173/node_modules/.vite/deps/pusher-js.js?v=78e615f6:3255
[175180790ms] [ERROR] WebSocket connection to 'wss://localhost:8081/app/app-key?protocol=7&client=js&version=8.4.0&flash=false' failed: Error in connection establishment: net::ERR_SSL_PROTOCOL_ERROR @ http://[::1]:5173/node_modules/.vite/deps/pusher-js.js?v=78e615f6:3255
[175240792ms] [ERROR] WebSocket connection to 'wss://localhost:8081/app/app-key?protocol=7&client=js&version=8.4.0&flash=false' failed: Error in connection establishment: net::ERR_SSL_PROTOCOL_ERROR @ http://[::1]:5173/node_modules/.vite/deps/pusher-js.js?v=78e615f6:3255
[175300803ms] [ERROR] WebSocket connection to 'wss://localhost:8081/app/app-key?protocol=7&client=js&version=8.4.0&flash=false' failed: Error in connection establishment: net::ERR_SSL_PROTOCOL_ERROR @ http://[::1]:5173/node_modules/.vite/deps/pusher-js.js?v=78e615f6:3255
[175360789ms] [ERROR] WebSocket connection to 'wss://localhost:8081/app/app-key?protocol=7&client=js&version=8.4.0&flash=false' failed: Error in connection establishment: net::ERR_SSL_PROTOCOL_ERROR @ http://[::1]:5173/node_modules/.vite/deps/pusher-js.js?v=78e615f6:3255
[175420788ms] [ERROR] WebSocket connection to 'wss://localhost:8081/app/app-key?protocol=7&client=js&version=8.4.0&flash=false' failed: Error in connection establishment: net::ERR_SSL_PROTOCOL_ERROR @ http://[::1]:5173/node_modules/.vite/deps/pusher-js.js?v=78e615f6:3255
[175480789ms] [ERROR] WebSocket connection to 'wss://localhost:8081/app/app-key?protocol=7&client=js&version=8.4.0&flash=false' failed: Error in connection establishment: net::ERR_SSL_PROTOCOL_ERROR @ http://[::1]:5173/node_modules/.vite/deps/pusher-js.js?v=78e615f6:3255
[175540788ms] [ERROR] WebSocket connection to 'wss://localhost:8081/app/app-key?protocol=7&client=js&version=8.4.0&flash=false' failed: Error in connection establishment: net::ERR_SSL_PROTOCOL_ERROR @ http://[::1]:5173/node_modules/.vite/deps/pusher-js.js?v=78e615f6:3255
[175600785ms] [ERROR] WebSocket connection to 'wss://localhost:8081/app/app-key?protocol=7&client=js&version=8.4.0&flash=false' failed: Error in connection establishment: net::ERR_SSL_PROTOCOL_ERROR @ http://[::1]:5173/node_modules/.vite/deps/pusher-js.js?v=78e615f6:3255
[175660784ms] [ERROR] WebSocket connection to 'wss://localhost:8081/app/app-key?protocol=7&client=js&version=8.4.0&flash=false' failed: Error in connection establishment: net::ERR_SSL_PROTOCOL_ERROR @ http://[::1]:5173/node_modules/.vite/deps/pusher-js.js?v=78e615f6:3255
[175720781ms] [ERROR] WebSocket connection to 'wss://localhost:8081/app/app-key?protocol=7&client=js&version=8.4.0&flash=false' failed: Error in connection establishment: net::ERR_SSL_PROTOCOL_ERROR @ http://[::1]:5173/node_modules/.vite/deps/pusher-js.js?v=78e615f6:3255
[175780783ms] [ERROR] WebSocket connection to 'wss://localhost:8081/app/app-key?protocol=7&client=js&version=8.4.0&flash=false' failed: Error in connection establishment: net::ERR_SSL_PROTOCOL_ERROR @ http://[::1]:5173/node_modules/.vite/deps/pusher-js.js?v=78e615f6:3255
[175840784ms] [ERROR] WebSocket connection to 'wss://localhost:8081/app/app-key?protocol=7&client=js&version=8.4.0&flash=false' failed: Error in connection establishment: net::ERR_SSL_PROTOCOL_ERROR @ http://[::1]:5173/node_modules/.vite/deps/pusher-js.js?v=78e615f6:3255
[175900791ms] [ERROR] WebSocket connection to 'wss://localhost:8081/app/app-key?protocol=7&client=js&version=8.4.0&flash=false' failed: Error in connection establishment: net::ERR_SSL_PROTOCOL_ERROR @ http://[::1]:5173/node_modules/.vite/deps/pusher-js.js?v=78e615f6:3255
[175960782ms] [ERROR] WebSocket connection to 'wss://localhost:8081/app/app-key?protocol=7&client=js&version=8.4.0&flash=false' failed: Error in connection establishment: net::ERR_SSL_PROTOCOL_ERROR @ http://[::1]:5173/node_modules/.vite/deps/pusher-js.js?v=78e615f6:3255
[176020938ms] [ERROR] WebSocket connection to 'wss://localhost:8081/app/app-key?protocol=7&client=js&version=8.4.0&flash=false' failed: Error in connection establishment: net::ERR_SSL_PROTOCOL_ERROR @ http://[::1]:5173/node_modules/.vite/deps/pusher-js.js?v=78e615f6:3255
[176080940ms] [ERROR] WebSocket connection to 'wss://localhost:8081/app/app-key?protocol=7&client=js&version=8.4.0&flash=false' failed: Error in connection establishment: net::ERR_SSL_PROTOCOL_ERROR @ http://[::1]:5173/node_modules/.vite/deps/pusher-js.js?v=78e615f6:3255
[176140938ms] [ERROR] WebSocket connection to 'wss://localhost:8081/app/app-key?protocol=7&client=js&version=8.4.0&flash=false' failed: Error in connection establishment: net::ERR_SSL_PROTOCOL_ERROR @ http://[::1]:5173/node_modules/.vite/deps/pusher-js.js?v=78e615f6:3255
[176200941ms] [ERROR] WebSocket connection to 'wss://localhost:8081/app/app-key?protocol=7&client=js&version=8.4.0&flash=false' failed: Error in connection establishment: net::ERR_SSL_PROTOCOL_ERROR @ http://[::1]:5173/node_modules/.vite/deps/pusher-js.js?v=78e615f6:3255
[176260944ms] [ERROR] WebSocket connection to 'wss://localhost:8081/app/app-key?protocol=7&client=js&version=8.4.0&flash=false' failed: Error in connection establishment: net::ERR_SSL_PROTOCOL_ERROR @ http://[::1]:5173/node_modules/.vite/deps/pusher-js.js?v=78e615f6:3255
[176320943ms] [ERROR] WebSocket connection to 'wss://localhost:8081/app/app-key?protocol=7&client=js&version=8.4.0&flash=false' failed: Error in connection establishment: net::ERR_SSL_PROTOCOL_ERROR @ http://[::1]:5173/node_modules/.vite/deps/pusher-js.js?v=78e615f6:3255
[176380942ms] [ERROR] WebSocket connection to 'wss://localhost:8081/app/app-key?protocol=7&client=js&version=8.4.0&flash=false' failed: Error in connection establishment: net::ERR_SSL_PROTOCOL_ERROR @ http://[::1]:5173/node_modules/.vite/deps/pusher-js.js?v=78e615f6:3255
[176440950ms] [ERROR] WebSocket connection to 'wss://localhost:8081/app/app-key?protocol=7&client=js&version=8.4.0&flash=false' failed: Error in connection establishment: net::ERR_SSL_PROTOCOL_ERROR @ http://[::1]:5173/node_modules/.vite/deps/pusher-js.js?v=78e615f6:3255
[176500950ms] [ERROR] WebSocket connection to 'wss://localhost:8081/app/app-key?protocol=7&client=js&version=8.4.0&flash=false' failed: Error in connection establishment: net::ERR_SSL_PROTOCOL_ERROR @ http://[::1]:5173/node_modules/.vite/deps/pusher-js.js?v=78e615f6:3255
[176560954ms] [ERROR] WebSocket connection to 'wss://localhost:8081/app/app-key?protocol=7&client=js&version=8.4.0&flash=false' failed: Error in connection establishment: net::ERR_SSL_PROTOCOL_ERROR @ http://[::1]:5173/node_modules/.vite/deps/pusher-js.js?v=78e615f6:3255
[176620966ms] [ERROR] WebSocket connection to 'wss://localhost:8081/app/app-key?protocol=7&client=js&version=8.4.0&flash=false' failed: Error in connection establishment: net::ERR_SSL_PROTOCOL_ERROR @ http://[::1]:5173/node_modules/.vite/deps/pusher-js.js?v=78e615f6:3255
[176680962ms] [ERROR] WebSocket connection to 'wss://localhost:8081/app/app-key?protocol=7&client=js&version=8.4.0&flash=false' failed: Error in connection establishment: net::ERR_SSL_PROTOCOL_ERROR @ http://[::1]:5173/node_modules/.vite/deps/pusher-js.js?v=78e615f6:3255
[176740962ms] [ERROR] WebSocket connection to 'wss://localhost:8081/app/app-key?protocol=7&client=js&version=8.4.0&flash=false' failed: Error in connection establishment: net::ERR_SSL_PROTOCOL_ERROR @ http://[::1]:5173/node_modules/.vite/deps/pusher-js.js?v=78e615f6:3255
[176800965ms] [ERROR] WebSocket connection to 'wss://localhost:8081/app/app-key?protocol=7&client=js&version=8.4.0&flash=false' failed: Error in connection establishment: net::ERR_SSL_PROTOCOL_ERROR @ http://[::1]:5173/node_modules/.vite/deps/pusher-js.js?v=78e615f6:3255
[176860967ms] [ERROR] WebSocket connection to 'wss://localhost:8081/app/app-key?protocol=7&client=js&version=8.4.0&flash=false' failed: Error in connection establishment: net::ERR_SSL_PROTOCOL_ERROR @ http://[::1]:5173/node_modules/.vite/deps/pusher-js.js?v=78e615f6:3255
[176920968ms] [ERROR] WebSocket connection to 'wss://localhost:8081/app/app-key?protocol=7&client=js&version=8.4.0&flash=false' failed: Error in connection establishment: net::ERR_SSL_PROTOCOL_ERROR @ http://[::1]:5173/node_modules/.vite/deps/pusher-js.js?v=78e615f6:3255
[176980970ms] [ERROR] WebSocket connection to 'wss://localhost:8081/app/app-key?protocol=7&client=js&version=8.4.0&flash=false' failed: Error in connection establishment: net::ERR_SSL_PROTOCOL_ERROR @ http://[::1]:5173/node_modules/.vite/deps/pusher-js.js?v=78e615f6:3255
[177040980ms] [ERROR] WebSocket connection to 'wss://localhost:8081/app/app-key?protocol=7&client=js&version=8.4.0&flash=false' failed: Error in connection establishment: net::ERR_SSL_PROTOCOL_ERROR @ http://[::1]:5173/node_modules/.vite/deps/pusher-js.js?v=78e615f6:3255
[177100974ms] [ERROR] WebSocket connection to 'wss://localhost:8081/app/app-key?protocol=7&client=js&version=8.4.0&flash=false' failed: Error in connection establishment: net::ERR_SSL_PROTOCOL_ERROR @ http://[::1]:5173/node_modules/.vite/deps/pusher-js.js?v=78e615f6:3255
[177160980ms] [ERROR] WebSocket connection to 'wss://localhost:8081/app/app-key?protocol=7&client=js&version=8.4.0&flash=false' failed: Error in connection establishment: net::ERR_SSL_PROTOCOL_ERROR @ http://[::1]:5173/node_modules/.vite/deps/pusher-js.js?v=78e615f6:3255
[177220984ms] [ERROR] WebSocket connection to 'wss://localhost:8081/app/app-key?protocol=7&client=js&version=8.4.0&flash=false' failed: Error in connection establishment: net::ERR_SSL_PROTOCOL_ERROR @ http://[::1]:5173/node_modules/.vite/deps/pusher-js.js?v=78e615f6:3255
[177280993ms] [ERROR] WebSocket connection to 'wss://localhost:8081/app/app-key?protocol=7&client=js&version=8.4.0&flash=false' failed: Error in connection establishment: net::ERR_SSL_PROTOCOL_ERROR @ http://[::1]:5173/node_modules/.vite/deps/pusher-js.js?v=78e615f6:3255
[177340995ms] [ERROR] WebSocket connection to 'wss://localhost:8081/app/app-key?protocol=7&client=js&version=8.4.0&flash=false' failed: Error in connection establishment: net::ERR_SSL_PROTOCOL_ERROR @ http://[::1]:5173/node_modules/.vite/deps/pusher-js.js?v=78e615f6:3255
[177400994ms] [ERROR] WebSocket connection to 'wss://localhost:8081/app/app-key?protocol=7&client=js&version=8.4.0&flash=false' failed: Error in connection establishment: net::ERR_SSL_PROTOCOL_ERROR @ http://[::1]:5173/node_modules/.vite/deps/pusher-js.js?v=78e615f6:3255
[177460990ms] [ERROR] WebSocket connection to 'wss://localhost:8081/app/app-key?protocol=7&client=js&version=8.4.0&flash=false' failed: Error in connection establishment: net::ERR_SSL_PROTOCOL_ERROR @ http://[::1]:5173/node_modules/.vite/deps/pusher-js.js?v=78e615f6:3255
[177520995ms] [ERROR] WebSocket connection to 'wss://localhost:8081/app/app-key?protocol=7&client=js&version=8.4.0&flash=false' failed: Error in connection establishment: net::ERR_SSL_PROTOCOL_ERROR @ http://[::1]:5173/node_modules/.vite/deps/pusher-js.js?v=78e615f6:3255
[177580997ms] [ERROR] WebSocket connection to 'wss://localhost:8081/app/app-key?protocol=7&client=js&version=8.4.0&flash=false' failed: Error in connection establishment: net::ERR_SSL_PROTOCOL_ERROR @ http://[::1]:5173/node_modules/.vite/deps/pusher-js.js?v=78e615f6:3255
[177641000ms] [ERROR] WebSocket connection to 'wss://localhost:8081/app/app-key?protocol=7&client=js&version=8.4.0&flash=false' failed: Error in connection establishment: net::ERR_SSL_PROTOCOL_ERROR @ http://[::1]:5173/node_modules/.vite/deps/pusher-js.js?v=78e615f6:3255
[177701000ms] [ERROR] WebSocket connection to 'wss://localhost:8081/app/app-key?protocol=7&client=js&version=8.4.0&flash=false' failed: Error in connection establishment: net::ERR_SSL_PROTOCOL_ERROR @ http://[::1]:5173/node_modules/.vite/deps/pusher-js.js?v=78e615f6:3255
[177761005ms] [ERROR] WebSocket connection to 'wss://localhost:8081/app/app-key?protocol=7&client=js&version=8.4.0&flash=false' failed: Error in connection establishment: net::ERR_SSL_PROTOCOL_ERROR @ http://[::1]:5173/node_modules/.vite/deps/pusher-js.js?v=78e615f6:3255
[177821005ms] [ERROR] WebSocket connection to 'wss://localhost:8081/app/app-key?protocol=7&client=js&version=8.4.0&flash=false' failed: Error in connection establishment: net::ERR_SSL_PROTOCOL_ERROR @ http://[::1]:5173/node_modules/.vite/deps/pusher-js.js?v=78e615f6:3255
[177881013ms] [ERROR] WebSocket connection to 'wss://localhost:8081/app/app-key?protocol=7&client=js&version=8.4.0&flash=false' failed: Error in connection establishment: net::ERR_SSL_PROTOCOL_ERROR @ http://[::1]:5173/node_modules/.vite/deps/pusher-js.js?v=78e615f6:3255
[177941010ms] [ERROR] WebSocket connection to 'wss://localhost:8081/app/app-key?protocol=7&client=js&version=8.4.0&flash=false' failed: Error in connection establishment: net::ERR_SSL_PROTOCOL_ERROR @ http://[::1]:5173/node_modules/.vite/deps/pusher-js.js?v=78e615f6:3255
[178001022ms] [ERROR] WebSocket connection to 'wss://localhost:8081/app/app-key?protocol=7&client=js&version=8.4.0&flash=false' failed: Error in connection establishment: net::ERR_SSL_PROTOCOL_ERROR @ http://[::1]:5173/node_modules/.vite/deps/pusher-js.js?v=78e615f6:3255
[178061021ms] [ERROR] WebSocket connection to 'wss://localhost:8081/app/app-key?protocol=7&client=js&version=8.4.0&flash=false' failed: Error in connection establishment: net::ERR_SSL_PROTOCOL_ERROR @ http://[::1]:5173/node_modules/.vite/deps/pusher-js.js?v=78e615f6:3255
[178121029ms] [ERROR] WebSocket connection to 'wss://localhost:8081/app/app-key?protocol=7&client=js&version=8.4.0&flash=false' failed: Error in connection establishment: net::ERR_SSL_PROTOCOL_ERROR @ http://[::1]:5173/node_modules/.vite/deps/pusher-js.js?v=78e615f6:3255
[178181031ms] [ERROR] WebSocket connection to 'wss://localhost:8081/app/app-key?protocol=7&client=js&version=8.4.0&flash=false' failed: Error in connection establishment: net::ERR_SSL_PROTOCOL_ERROR @ http://[::1]:5173/node_modules/.vite/deps/pusher-js.js?v=78e615f6:3255
[178241027ms] [ERROR] WebSocket connection to 'wss://localhost:8081/app/app-key?protocol=7&client=js&version=8.4.0&flash=false' failed: Error in connection establishment: net::ERR_SSL_PROTOCOL_ERROR @ http://[::1]:5173/node_modules/.vite/deps/pusher-js.js?v=78e615f6:3255
[178301035ms] [ERROR] WebSocket connection to 'wss://localhost:8081/app/app-key?protocol=7&client=js&version=8.4.0&flash=false' failed: Error in connection establishment: net::ERR_SSL_PROTOCOL_ERROR @ http://[::1]:5173/node_modules/.vite/deps/pusher-js.js?v=78e615f6:3255
[178361035ms] [ERROR] WebSocket connection to 'wss://localhost:8081/app/app-key?protocol=7&client=js&version=8.4.0&flash=false' failed: Error in connection establishment: net::ERR_SSL_PROTOCOL_ERROR @ http://[::1]:5173/node_modules/.vite/deps/pusher-js.js?v=78e615f6:3255
[178421036ms] [ERROR] WebSocket connection to 'wss://localhost:8081/app/app-key?protocol=7&client=js&version=8.4.0&flash=false' failed: Error in connection establishment: net::ERR_SSL_PROTOCOL_ERROR @ http://[::1]:5173/node_modules/.vite/deps/pusher-js.js?v=78e615f6:3255
[178481039ms] [ERROR] WebSocket connection to 'wss://localhost:8081/app/app-key?protocol=7&client=js&version=8.4.0&flash=false' failed: Error in connection establishment: net::ERR_SSL_PROTOCOL_ERROR @ http://[::1]:5173/node_modules/.vite/deps/pusher-js.js?v=78e615f6:3255
[178541044ms] [ERROR] WebSocket connection to 'wss://localhost:8081/app/app-key?protocol=7&client=js&version=8.4.0&flash=false' failed: Error in connection establishment: net::ERR_SSL_PROTOCOL_ERROR @ http://[::1]:5173/node_modules/.vite/deps/pusher-js.js?v=78e615f6:3255
[178601048ms] [ERROR] WebSocket connection to 'wss://localhost:8081/app/app-key?protocol=7&client=js&version=8.4.0&flash=false' failed: Error in connection establishment: net::ERR_SSL_PROTOCOL_ERROR @ http://[::1]:5173/node_modules/.vite/deps/pusher-js.js?v=78e615f6:3255
[178661044ms] [ERROR] WebSocket connection to 'wss://localhost:8081/app/app-key?protocol=7&client=js&version=8.4.0&flash=false' failed: Error in connection establishment: net::ERR_SSL_PROTOCOL_ERROR @ http://[::1]:5173/node_modules/.vite/deps/pusher-js.js?v=78e615f6:3255
[178721046ms] [ERROR] WebSocket connection to 'wss://localhost:8081/app/app-key?protocol=7&client=js&version=8.4.0&flash=false' failed: Error in connection establishment: net::ERR_SSL_PROTOCOL_ERROR @ http://[::1]:5173/node_modules/.vite/deps/pusher-js.js?v=78e615f6:3255
[178781047ms] [ERROR] WebSocket connection to 'wss://localhost:8081/app/app-key?protocol=7&client=js&version=8.4.0&flash=false' failed: Error in connection establishment: net::ERR_SSL_PROTOCOL_ERROR @ http://[::1]:5173/node_modules/.vite/deps/pusher-js.js?v=78e615f6:3255
[178841052ms] [ERROR] WebSocket connection to 'wss://localhost:8081/app/app-key?protocol=7&client=js&version=8.4.0&flash=false' failed: Error in connection establishment: net::ERR_SSL_PROTOCOL_ERROR @ http://[::1]:5173/node_modules/.vite/deps/pusher-js.js?v=78e615f6:3255
[178901054ms] [ERROR] WebSocket connection to 'wss://localhost:8081/app/app-key?protocol=7&client=js&version=8.4.0&flash=false' failed: Error in connection establishment: net::ERR_SSL_PROTOCOL_ERROR @ http://[::1]:5173/node_modules/.vite/deps/pusher-js.js?v=78e615f6:3255
[178961055ms] [ERROR] WebSocket connection to 'wss://localhost:8081/app/app-key?protocol=7&client=js&version=8.4.0&flash=false' failed: Error in connection establishment: net::ERR_SSL_PROTOCOL_ERROR @ http://[::1]:5173/node_modules/.vite/deps/pusher-js.js?v=78e615f6:3255
[179021058ms] [ERROR] WebSocket connection to 'wss://localhost:8081/app/app-key?protocol=7&client=js&version=8.4.0&flash=false' failed: Error in connection establishment: net::ERR_SSL_PROTOCOL_ERROR @ http://[::1]:5173/node_modules/.vite/deps/pusher-js.js?v=78e615f6:3255
[179081060ms] [ERROR] WebSocket connection to 'wss://localhost:8081/app/app-key?protocol=7&client=js&version=8.4.0&flash=false' failed: Error in connection establishment: net::ERR_SSL_PROTOCOL_ERROR @ http://[::1]:5173/node_modules/.vite/deps/pusher-js.js?v=78e615f6:3255
[179141065ms] [ERROR] WebSocket connection to 'wss://localhost:8081/app/app-key?protocol=7&client=js&version=8.4.0&flash=false' failed: Error in connection establishment: net::ERR_SSL_PROTOCOL_ERROR @ http://[::1]:5173/node_modules/.vite/deps/pusher-js.js?v=78e615f6:3255
[179201072ms] [ERROR] WebSocket connection to 'wss://localhost:8081/app/app-key?protocol=7&client=js&version=8.4.0&flash=false' failed: Error in connection establishment: net::ERR_SSL_PROTOCOL_ERROR @ http://[::1]:5173/node_modules/.vite/deps/pusher-js.js?v=78e615f6:3255
[179261067ms] [ERROR] WebSocket connection to 'wss://localhost:8081/app/app-key?protocol=7&client=js&version=8.4.0&flash=false' failed: Error in connection establishment: net::ERR_SSL_PROTOCOL_ERROR @ http://[::1]:5173/node_modules/.vite/deps/pusher-js.js?v=78e615f6:3255
[179321074ms] [ERROR] WebSocket connection to 'wss://localhost:8081/app/app-key?protocol=7&client=js&version=8.4.0&flash=false' failed: Error in connection establishment: net::ERR_SSL_PROTOCOL_ERROR @ http://[::1]:5173/node_modules/.vite/deps/pusher-js.js?v=78e615f6:3255
[179381070ms] [ERROR] WebSocket connection to 'wss://localhost:8081/app/app-key?protocol=7&client=js&version=8.4.0&flash=false' failed: Error in connection establishment: net::ERR_SSL_PROTOCOL_ERROR @ http://[::1]:5173/node_modules/.vite/deps/pusher-js.js?v=78e615f6:3255
[179441073ms] [ERROR] WebSocket connection to 'wss://localhost:8081/app/app-key?protocol=7&client=js&version=8.4.0&flash=false' failed: Error in connection establishment: net::ERR_SSL_PROTOCOL_ERROR @ http://[::1]:5173/node_modules/.vite/deps/pusher-js.js?v=78e615f6:3255
[179501081ms] [ERROR] WebSocket connection to 'wss://localhost:8081/app/app-key?protocol=7&client=js&version=8.4.0&flash=false' failed: Error in connection establishment: net::ERR_SSL_PROTOCOL_ERROR @ http://[::1]:5173/node_modules/.vite/deps/pusher-js.js?v=78e615f6:3255
[179561074ms] [ERROR] WebSocket connection to 'wss://localhost:8081/app/app-key?protocol=7&client=js&version=8.4.0&flash=false' failed: Error in connection establishment: net::ERR_SSL_PROTOCOL_ERROR @ http://[::1]:5173/node_modules/.vite/deps/pusher-js.js?v=78e615f6:3255
[179621092ms] [ERROR] WebSocket connection to 'wss://localhost:8081/app/app-key?protocol=7&client=js&version=8.4.0&flash=false' failed: Error in connection establishment: net::ERR_SSL_PROTOCOL_ERROR @ http://[::1]:5173/node_modules/.vite/deps/pusher-js.js?v=78e615f6:3255
[179681084ms] [ERROR] WebSocket connection to 'wss://localhost:8081/app/app-key?protocol=7&client=js&version=8.4.0&flash=false' failed: Error in connection establishment: net::ERR_SSL_PROTOCOL_ERROR @ http://[::1]:5173/node_modules/.vite/deps/pusher-js.js?v=78e615f6:3255
[179741092ms] [ERROR] WebSocket connection to 'wss://localhost:8081/app/app-key?protocol=7&client=js&version=8.4.0&flash=false' failed: Error in connection establishment: net::ERR_SSL_PROTOCOL_ERROR @ http://[::1]:5173/node_modules/.vite/deps/pusher-js.js?v=78e615f6:3255
[179801090ms] [ERROR] WebSocket connection to 'wss://localhost:8081/app/app-key?protocol=7&client=js&version=8.4.0&flash=false' failed: Error in connection establishment: net::ERR_SSL_PROTOCOL_ERROR @ http://[::1]:5173/node_modules/.vite/deps/pusher-js.js?v=78e615f6:3255
[179861091ms] [ERROR] WebSocket connection to 'wss://localhost:8081/app/app-key?protocol=7&client=js&version=8.4.0&flash=false' failed: Error in connection establishment: net::ERR_SSL_PROTOCOL_ERROR @ http://[::1]:5173/node_modules/.vite/deps/pusher-js.js?v=78e615f6:3255
[179921122ms] [ERROR] WebSocket connection to 'wss://localhost:8081/app/app-key?protocol=7&client=js&version=8.4.0&flash=false' failed: Error in connection establishment: net::ERR_SSL_PROTOCOL_ERROR @ http://[::1]:5173/node_modules/.vite/deps/pusher-js.js?v=78e615f6:3255
[179981126ms] [ERROR] WebSocket connection to 'wss://localhost:8081/app/app-key?protocol=7&client=js&version=8.4.0&flash=false' failed: Error in connection establishment: net::ERR_SSL_PROTOCOL_ERROR @ http://[::1]:5173/node_modules/.vite/deps/pusher-js.js?v=78e615f6:3255
[180041126ms] [ERROR] WebSocket connection to 'wss://localhost:8081/app/app-key?protocol=7&client=js&version=8.4.0&flash=false' failed: Error in connection establishment: net::ERR_SSL_PROTOCOL_ERROR @ http://[::1]:5173/node_modules/.vite/deps/pusher-js.js?v=78e615f6:3255
[180101127ms] [ERROR] WebSocket connection to 'wss://localhost:8081/app/app-key?protocol=7&client=js&version=8.4.0&flash=false' failed: Error in connection establishment: net::ERR_SSL_PROTOCOL_ERROR @ http://[::1]:5173/node_modules/.vite/deps/pusher-js.js?v=78e615f6:3255
[180161129ms] [ERROR] WebSocket connection to 'wss://localhost:8081/app/app-key?protocol=7&client=js&version=8.4.0&flash=false' failed: Error in connection establishment: net::ERR_SSL_PROTOCOL_ERROR @ http://[::1]:5173/node_modules/.vite/deps/pusher-js.js?v=78e615f6:3255
[180221134ms] [ERROR] WebSocket connection to 'wss://localhost:8081/app/app-key?protocol=7&client=js&version=8.4.0&flash=false' failed: Error in connection establishment: net::ERR_SSL_PROTOCOL_ERROR @ http://[::1]:5173/node_modules/.vite/deps/pusher-js.js?v=78e615f6:3255
[180281140ms] [ERROR] WebSocket connection to 'wss://localhost:8081/app/app-key?protocol=7&client=js&version=8.4.0&flash=false' failed: Error in connection establishment: net::ERR_SSL_PROTOCOL_ERROR @ http://[::1]:5173/node_modules/.vite/deps/pusher-js.js?v=78e615f6:3255
[180341140ms] [ERROR] WebSocket connection to 'wss://localhost:8081/app/app-key?protocol=7&client=js&version=8.4.0&flash=false' failed: Error in connection establishment: net::ERR_SSL_PROTOCOL_ERROR @ http://[::1]:5173/node_modules/.vite/deps/pusher-js.js?v=78e615f6:3255
[180401156ms] [ERROR] WebSocket connection to 'wss://localhost:8081/app/app-key?protocol=7&client=js&version=8.4.0&flash=false' failed: Error in connection establishment: net::ERR_SSL_PROTOCOL_ERROR @ http://[::1]:5173/node_modules/.vite/deps/pusher-js.js?v=78e615f6:3255
[180461142ms] [ERROR] WebSocket connection to 'wss://localhost:8081/app/app-key?protocol=7&client=js&version=8.4.0&flash=false' failed: Error in connection establishment: net::ERR_SSL_PROTOCOL_ERROR @ http://[::1]:5173/node_modules/.vite/deps/pusher-js.js?v=78e615f6:3255
[180521148ms] [ERROR] WebSocket connection to 'wss://localhost:8081/app/app-key?protocol=7&client=js&version=8.4.0&flash=false' failed: Error in connection establishment: net::ERR_SSL_PROTOCOL_ERROR @ http://[::1]:5173/node_modules/.vite/deps/pusher-js.js?v=78e615f6:3255
[180581149ms] [ERROR] WebSocket connection to 'wss://localhost:8081/app/app-key?protocol=7&client=js&version=8.4.0&flash=false' failed: Error in connection establishment: net::ERR_SSL_PROTOCOL_ERROR @ http://[::1]:5173/node_modules/.vite/deps/pusher-js.js?v=78e615f6:3255
[180641156ms] [ERROR] WebSocket connection to 'wss://localhost:8081/app/app-key?protocol=7&client=js&version=8.4.0&flash=false' failed: Error in connection establishment: net::ERR_SSL_PROTOCOL_ERROR @ http://[::1]:5173/node_modules/.vite/deps/pusher-js.js?v=78e615f6:3255
[180701156ms] [ERROR] WebSocket connection to 'wss://localhost:8081/app/app-key?protocol=7&client=js&version=8.4.0&flash=false' failed: Error in connection establishment: net::ERR_SSL_PROTOCOL_ERROR @ http://[::1]:5173/node_modules/.vite/deps/pusher-js.js?v=78e615f6:3255
[180761156ms] [ERROR] WebSocket connection to 'wss://localhost:8081/app/app-key?protocol=7&client=js&version=8.4.0&flash=false' failed: Error in connection establishment: net::ERR_SSL_PROTOCOL_ERROR @ http://[::1]:5173/node_modules/.vite/deps/pusher-js.js?v=78e615f6:3255
[180821161ms] [ERROR] WebSocket connection to 'wss://localhost:8081/app/app-key?protocol=7&client=js&version=8.4.0&flash=false' failed: Error in connection establishment: net::ERR_SSL_PROTOCOL_ERROR @ http://[::1]:5173/node_modules/.vite/deps/pusher-js.js?v=78e615f6:3255
[180881164ms] [ERROR] WebSocket connection to 'wss://localhost:8081/app/app-key?protocol=7&client=js&version=8.4.0&flash=false' failed: Error in connection establishment: net::ERR_SSL_PROTOCOL_ERROR @ http://[::1]:5173/node_modules/.vite/deps/pusher-js.js?v=78e615f6:3255
[180941164ms] [ERROR] WebSocket connection to 'wss://localhost:8081/app/app-key?protocol=7&client=js&version=8.4.0&flash=false' failed: Error in connection establishment: net::ERR_SSL_PROTOCOL_ERROR @ http://[::1]:5173/node_modules/.vite/deps/pusher-js.js?v=78e615f6:3255
[181001169ms] [ERROR] WebSocket connection to 'wss://localhost:8081/app/app-key?protocol=7&client=js&version=8.4.0&flash=false' failed: Error in connection establishment: net::ERR_SSL_PROTOCOL_ERROR @ http://[::1]:5173/node_modules/.vite/deps/pusher-js.js?v=78e615f6:3255
[181061172ms] [ERROR] WebSocket connection to 'wss://localhost:8081/app/app-key?protocol=7&client=js&version=8.4.0&flash=false' failed: Error in connection establishment: net::ERR_SSL_PROTOCOL_ERROR @ http://[::1]:5173/node_modules/.vite/deps/pusher-js.js?v=78e615f6:3255
[181121173ms] [ERROR] WebSocket connection to 'wss://localhost:8081/app/app-key?protocol=7&client=js&version=8.4.0&flash=false' failed: Error in connection establishment: net::ERR_SSL_PROTOCOL_ERROR @ http://[::1]:5173/node_modules/.vite/deps/pusher-js.js?v=78e615f6:3255
[181181172ms] [ERROR] WebSocket connection to 'wss://localhost:8081/app/app-key?protocol=7&client=js&version=8.4.0&flash=false' failed: Error in connection establishment: net::ERR_SSL_PROTOCOL_ERROR @ http://[::1]:5173/node_modules/.vite/deps/pusher-js.js?v=78e615f6:3255
[181241182ms] [ERROR] WebSocket connection to 'wss://localhost:8081/app/app-key?protocol=7&client=js&version=8.4.0&flash=false' failed: Error in connection establishment: net::ERR_SSL_PROTOCOL_ERROR @ http://[::1]:5173/node_modules/.vite/deps/pusher-js.js?v=78e615f6:3255
[181301182ms] [ERROR] WebSocket connection to 'wss://localhost:8081/app/app-key?protocol=7&client=js&version=8.4.0&flash=false' failed: Error in connection establishment: net::ERR_SSL_PROTOCOL_ERROR @ http://[::1]:5173/node_modules/.vite/deps/pusher-js.js?v=78e615f6:3255
[181361186ms] [ERROR] WebSocket connection to 'wss://localhost:8081/app/app-key?protocol=7&client=js&version=8.4.0&flash=false' failed: Error in connection establishment: net::ERR_SSL_PROTOCOL_ERROR @ http://[::1]:5173/node_modules/.vite/deps/pusher-js.js?v=78e615f6:3255
[181421194ms] [ERROR] WebSocket connection to 'wss://localhost:8081/app/app-key?protocol=7&client=js&version=8.4.0&flash=false' failed: Error in connection establishment: net::ERR_SSL_PROTOCOL_ERROR @ http://[::1]:5173/node_modules/.vite/deps/pusher-js.js?v=78e615f6:3255
[181481195ms] [ERROR] WebSocket connection to 'wss://localhost:8081/app/app-key?protocol=7&client=js&version=8.4.0&flash=false' failed: Error in connection establishment: net::ERR_SSL_PROTOCOL_ERROR @ http://[::1]:5173/node_modules/.vite/deps/pusher-js.js?v=78e615f6:3255
[181541193ms] [ERROR] WebSocket connection to 'wss://localhost:8081/app/app-key?protocol=7&client=js&version=8.4.0&flash=false' failed: Error in connection establishment: net::ERR_SSL_PROTOCOL_ERROR @ http://[::1]:5173/node_modules/.vite/deps/pusher-js.js?v=78e615f6:3255
[181601197ms] [ERROR] WebSocket connection to 'wss://localhost:8081/app/app-key?protocol=7&client=js&version=8.4.0&flash=false' failed: Error in connection establishment: net::ERR_SSL_PROTOCOL_ERROR @ http://[::1]:5173/node_modules/.vite/deps/pusher-js.js?v=78e615f6:3255
[181661198ms] [ERROR] WebSocket connection to 'wss://localhost:8081/app/app-key?protocol=7&client=js&version=8.4.0&flash=false' failed: Error in connection establishment: net::ERR_SSL_PROTOCOL_ERROR @ http://[::1]:5173/node_modules/.vite/deps/pusher-js.js?v=78e615f6:3255
[181721204ms] [ERROR] WebSocket connection to 'wss://localhost:8081/app/app-key?protocol=7&client=js&version=8.4.0&flash=false' failed: Error in connection establishment: net::ERR_SSL_PROTOCOL_ERROR @ http://[::1]:5173/node_modules/.vite/deps/pusher-js.js?v=78e615f6:3255
[181781204ms] [ERROR] WebSocket connection to 'wss://localhost:8081/app/app-key?protocol=7&client=js&version=8.4.0&flash=false' failed: Error in connection establishment: net::ERR_SSL_PROTOCOL_ERROR @ http://[::1]:5173/node_modules/.vite/deps/pusher-js.js?v=78e615f6:3255
[181841210ms] [ERROR] WebSocket connection to 'wss://localhost:8081/app/app-key?protocol=7&client=js&version=8.4.0&flash=false' failed: Error in connection establishment: net::ERR_SSL_PROTOCOL_ERROR @ http://[::1]:5173/node_modules/.vite/deps/pusher-js.js?v=78e615f6:3255
[181901215ms] [ERROR] WebSocket connection to 'wss://localhost:8081/app/app-key?protocol=7&client=js&version=8.4.0&flash=false' failed: Error in connection establishment: net::ERR_SSL_PROTOCOL_ERROR @ http://[::1]:5173/node_modules/.vite/deps/pusher-js.js?v=78e615f6:3255
[181961190ms] [ERROR] WebSocket connection to 'wss://localhost:8081/app/app-key?protocol=7&client=js&version=8.4.0&flash=false' failed: Error in connection establishment: net::ERR_SSL_PROTOCOL_ERROR @ http://[::1]:5173/node_modules/.vite/deps/pusher-js.js?v=78e615f6:3255
[182021196ms] [ERROR] WebSocket connection to 'wss://localhost:8081/app/app-key?protocol=7&client=js&version=8.4.0&flash=false' failed: Error in connection establishment: net::ERR_SSL_PROTOCOL_ERROR @ http://[::1]:5173/node_modules/.vite/deps/pusher-js.js?v=78e615f6:3255
[182081198ms] [ERROR] WebSocket connection to 'wss://localhost:8081/app/app-key?protocol=7&client=js&version=8.4.0&flash=false' failed: Error in connection establishment: net::ERR_SSL_PROTOCOL_ERROR @ http://[::1]:5173/node_modules/.vite/deps/pusher-js.js?v=78e615f6:3255
[182141196ms] [ERROR] WebSocket connection to 'wss://localhost:8081/app/app-key?protocol=7&client=js&version=8.4.0&flash=false' failed: Error in connection establishment: net::ERR_SSL_PROTOCOL_ERROR @ http://[::1]:5173/node_modules/.vite/deps/pusher-js.js?v=78e615f6:3255
[182201198ms] [ERROR] WebSocket connection to 'wss://localhost:8081/app/app-key?protocol=7&client=js&version=8.4.0&flash=false' failed: Error in connection establishment: net::ERR_SSL_PROTOCOL_ERROR @ http://[::1]:5173/node_modules/.vite/deps/pusher-js.js?v=78e615f6:3255
[182261210ms] [ERROR] WebSocket connection to 'wss://localhost:8081/app/app-key?protocol=7&client=js&version=8.4.0&flash=false' failed: Error in connection establishment: net::ERR_SSL_PROTOCOL_ERROR @ http://[::1]:5173/node_modules/.vite/deps/pusher-js.js?v=78e615f6:3255
[182321203ms] [ERROR] WebSocket connection to 'wss://localhost:8081/app/app-key?protocol=7&client=js&version=8.4.0&flash=false' failed: Error in connection establishment: net::ERR_SSL_PROTOCOL_ERROR @ http://[::1]:5173/node_modules/.vite/deps/pusher-js.js?v=78e615f6:3255
[182381204ms] [ERROR] WebSocket connection to 'wss://localhost:8081/app/app-key?protocol=7&client=js&version=8.4.0&flash=false' failed: Error in connection establishment: net::ERR_SSL_PROTOCOL_ERROR @ http://[::1]:5173/node_modules/.vite/deps/pusher-js.js?v=78e615f6:3255
[182441211ms] [ERROR] WebSocket connection to 'wss://localhost:8081/app/app-key?protocol=7&client=js&version=8.4.0&flash=false' failed: Error in connection establishment: net::ERR_SSL_PROTOCOL_ERROR @ http://[::1]:5173/node_modules/.vite/deps/pusher-js.js?v=78e615f6:3255
[182501209ms] [ERROR] WebSocket connection to 'wss://localhost:8081/app/app-key?protocol=7&client=js&version=8.4.0&flash=false' failed: Error in connection establishment: net::ERR_SSL_PROTOCOL_ERROR @ http://[::1]:5173/node_modules/.vite/deps/pusher-js.js?v=78e615f6:3255
[182561214ms] [ERROR] WebSocket connection to 'wss://localhost:8081/app/app-key?protocol=7&client=js&version=8.4.0&flash=false' failed: Error in connection establishment: net::ERR_SSL_PROTOCOL_ERROR @ http://[::1]:5173/node_modules/.vite/deps/pusher-js.js?v=78e615f6:3255
[182621216ms] [ERROR] WebSocket connection to 'wss://localhost:8081/app/app-key?protocol=7&client=js&version=8.4.0&flash=false' failed: Error in connection establishment: net::ERR_SSL_PROTOCOL_ERROR @ http://[::1]:5173/node_modules/.vite/deps/pusher-js.js?v=78e615f6:3255
[182681219ms] [ERROR] WebSocket connection to 'wss://localhost:8081/app/app-key?protocol=7&client=js&version=8.4.0&flash=false' failed: Error in connection establishment: net::ERR_SSL_PROTOCOL_ERROR @ http://[::1]:5173/node_modules/.vite/deps/pusher-js.js?v=78e615f6:3255
[182741220ms] [ERROR] WebSocket connection to 'wss://localhost:8081/app/app-key?protocol=7&client=js&version=8.4.0&flash=false' failed: Error in connection establishment: net::ERR_SSL_PROTOCOL_ERROR @ http://[::1]:5173/node_modules/.vite/deps/pusher-js.js?v=78e615f6:3255
[182801223ms] [ERROR] WebSocket connection to 'wss://localhost:8081/app/app-key?protocol=7&client=js&version=8.4.0&flash=false' failed: Error in connection establishment: net::ERR_SSL_PROTOCOL_ERROR @ http://[::1]:5173/node_modules/.vite/deps/pusher-js.js?v=78e615f6:3255
[182861225ms] [ERROR] WebSocket connection to 'wss://localhost:8081/app/app-key?protocol=7&client=js&version=8.4.0&flash=false' failed: Error in connection establishment: net::ERR_SSL_PROTOCOL_ERROR @ http://[::1]:5173/node_modules/.vite/deps/pusher-js.js?v=78e615f6:3255
[182921223ms] [ERROR] WebSocket connection to 'wss://localhost:8081/app/app-key?protocol=7&client=js&version=8.4.0&flash=false' failed: Error in connection establishment: net::ERR_SSL_PROTOCOL_ERROR @ http://[::1]:5173/node_modules/.vite/deps/pusher-js.js?v=78e615f6:3255
[182981229ms] [ERROR] WebSocket connection to 'wss://localhost:8081/app/app-key?protocol=7&client=js&version=8.4.0&flash=false' failed: Error in connection establishment: net::ERR_SSL_PROTOCOL_ERROR @ http://[::1]:5173/node_modules/.vite/deps/pusher-js.js?v=78e615f6:3255
[183041233ms] [ERROR] WebSocket connection to 'wss://localhost:8081/app/app-key?protocol=7&client=js&version=8.4.0&flash=false' failed: Error in connection establishment: net::ERR_SSL_PROTOCOL_ERROR @ http://[::1]:5173/node_modules/.vite/deps/pusher-js.js?v=78e615f6:3255
[183101244ms] [ERROR] WebSocket connection to 'wss://localhost:8081/app/app-key?protocol=7&client=js&version=8.4.0&flash=false' failed: Error in connection establishment: net::ERR_SSL_PROTOCOL_ERROR @ http://[::1]:5173/node_modules/.vite/deps/pusher-js.js?v=78e615f6:3255
[183161236ms] [ERROR] WebSocket connection to 'wss://localhost:8081/app/app-key?protocol=7&client=js&version=8.4.0&flash=false' failed: Error in connection establishment: net::ERR_SSL_PROTOCOL_ERROR @ http://[::1]:5173/node_modules/.vite/deps/pusher-js.js?v=78e615f6:3255
[183221244ms] [ERROR] WebSocket connection to 'wss://localhost:8081/app/app-key?protocol=7&client=js&version=8.4.0&flash=false' failed: Error in connection establishment: net::ERR_SSL_PROTOCOL_ERROR @ http://[::1]:5173/node_modules/.vite/deps/pusher-js.js?v=78e615f6:3255
[183281239ms] [ERROR] WebSocket connection to 'wss://localhost:8081/app/app-key?protocol=7&client=js&version=8.4.0&flash=false' failed: Error in connection establishment: net::ERR_SSL_PROTOCOL_ERROR @ http://[::1]:5173/node_modules/.vite/deps/pusher-js.js?v=78e615f6:3255
[183341242ms] [ERROR] WebSocket connection to 'wss://localhost:8081/app/app-key?protocol=7&client=js&version=8.4.0&flash=false' failed: Error in connection establishment: net::ERR_SSL_PROTOCOL_ERROR @ http://[::1]:5173/node_modules/.vite/deps/pusher-js.js?v=78e615f6:3255
[183401248ms] [ERROR] WebSocket connection to 'wss://localhost:8081/app/app-key?protocol=7&client=js&version=8.4.0&flash=false' failed: Error in connection establishment: net::ERR_SSL_PROTOCOL_ERROR @ http://[::1]:5173/node_modules/.vite/deps/pusher-js.js?v=78e615f6:3255
[183461249ms] [ERROR] WebSocket connection to 'wss://localhost:8081/app/app-key?protocol=7&client=js&version=8.4.0&flash=false' failed: Error in connection establishment: net::ERR_SSL_PROTOCOL_ERROR @ http://[::1]:5173/node_modules/.vite/deps/pusher-js.js?v=78e615f6:3255
[183521251ms] [ERROR] WebSocket connection to 'wss://localhost:8081/app/app-key?protocol=7&client=js&version=8.4.0&flash=false' failed: Error in connection establishment: net::ERR_SSL_PROTOCOL_ERROR @ http://[::1]:5173/node_modules/.vite/deps/pusher-js.js?v=78e615f6:3255
[183581252ms] [ERROR] WebSocket connection to 'wss://localhost:8081/app/app-key?protocol=7&client=js&version=8.4.0&flash=false' failed: Error in connection establishment: net::ERR_SSL_PROTOCOL_ERROR @ http://[::1]:5173/node_modules/.vite/deps/pusher-js.js?v=78e615f6:3255
[183641257ms] [ERROR] WebSocket connection to 'wss://localhost:8081/app/app-key?protocol=7&client=js&version=8.4.0&flash=false' failed: Error in connection establishment: net::ERR_SSL_PROTOCOL_ERROR @ http://[::1]:5173/node_modules/.vite/deps/pusher-js.js?v=78e615f6:3255
[183701258ms] [ERROR] WebSocket connection to 'wss://localhost:8081/app/app-key?protocol=7&client=js&version=8.4.0&flash=false' failed: Error in connection establishment: net::ERR_SSL_PROTOCOL_ERROR @ http://[::1]:5173/node_modules/.vite/deps/pusher-js.js?v=78e615f6:3255
[183761264ms] [ERROR] WebSocket connection to 'wss://localhost:8081/app/app-key?protocol=7&client=js&version=8.4.0&flash=false' failed: Error in connection establishment: net::ERR_SSL_PROTOCOL_ERROR @ http://[::1]:5173/node_modules/.vite/deps/pusher-js.js?v=78e615f6:3255
[183821262ms] [ERROR] WebSocket connection to 'wss://localhost:8081/app/app-key?protocol=7&client=js&version=8.4.0&flash=false' failed: Error in connection establishment: net::ERR_SSL_PROTOCOL_ERROR @ http://[::1]:5173/node_modules/.vite/deps/pusher-js.js?v=78e615f6:3255
[183881269ms] [ERROR] WebSocket connection to 'wss://localhost:8081/app/app-key?protocol=7&client=js&version=8.4.0&flash=false' failed: Error in connection establishment: net::ERR_SSL_PROTOCOL_ERROR @ http://[::1]:5173/node_modules/.vite/deps/pusher-js.js?v=78e615f6:3255
[183941252ms] [ERROR] WebSocket connection to 'wss://localhost:8081/app/app-key?protocol=7&client=js&version=8.4.0&flash=false' failed: Error in connection establishment: net::ERR_SSL_PROTOCOL_ERROR @ http://[::1]:5173/node_modules/.vite/deps/pusher-js.js?v=78e615f6:3255
[184001253ms] [ERROR] WebSocket connection to 'wss://localhost:8081/app/app-key?protocol=7&client=js&version=8.4.0&flash=false' failed: Error in connection establishment: net::ERR_SSL_PROTOCOL_ERROR @ http://[::1]:5173/node_modules/.vite/deps/pusher-js.js?v=78e615f6:3255
[184061256ms] [ERROR] WebSocket connection to 'wss://localhost:8081/app/app-key?protocol=7&client=js&version=8.4.0&flash=false' failed: Error in connection establishment: net::ERR_SSL_PROTOCOL_ERROR @ http://[::1]:5173/node_modules/.vite/deps/pusher-js.js?v=78e615f6:3255
[184121253ms] [ERROR] WebSocket connection to 'wss://localhost:8081/app/app-key?protocol=7&client=js&version=8.4.0&flash=false' failed: Error in connection establishment: net::ERR_SSL_PROTOCOL_ERROR @ http://[::1]:5173/node_modules/.vite/deps/pusher-js.js?v=78e615f6:3255
[184181255ms] [ERROR] WebSocket connection to 'wss://localhost:8081/app/app-key?protocol=7&client=js&version=8.4.0&flash=false' failed: Error in connection establishment: net::ERR_SSL_PROTOCOL_ERROR @ http://[::1]:5173/node_modules/.vite/deps/pusher-js.js?v=78e615f6:3255
[184241257ms] [ERROR] WebSocket connection to 'wss://localhost:8081/app/app-key?protocol=7&client=js&version=8.4.0&flash=false' failed: Error in connection establishment: net::ERR_SSL_PROTOCOL_ERROR @ http://[::1]:5173/node_modules/.vite/deps/pusher-js.js?v=78e615f6:3255
[184301265ms] [ERROR] WebSocket connection to 'wss://localhost:8081/app/app-key?protocol=7&client=js&version=8.4.0&flash=false' failed: Error in connection establishment: net::ERR_SSL_PROTOCOL_ERROR @ http://[::1]:5173/node_modules/.vite/deps/pusher-js.js?v=78e615f6:3255
[184361270ms] [ERROR] WebSocket connection to 'wss://localhost:8081/app/app-key?protocol=7&client=js&version=8.4.0&flash=false' failed: Error in connection establishment: net::ERR_SSL_PROTOCOL_ERROR @ http://[::1]:5173/node_modules/.vite/deps/pusher-js.js?v=78e615f6:3255
[184421270ms] [ERROR] WebSocket connection to 'wss://localhost:8081/app/app-key?protocol=7&client=js&version=8.4.0&flash=false' failed: Error in connection establishment: net::ERR_SSL_PROTOCOL_ERROR @ http://[::1]:5173/node_modules/.vite/deps/pusher-js.js?v=78e615f6:3255
[184481271ms] [ERROR] WebSocket connection to 'wss://localhost:8081/app/app-key?protocol=7&client=js&version=8.4.0&flash=false' failed: Error in connection establishment: net::ERR_SSL_PROTOCOL_ERROR @ http://[::1]:5173/node_modules/.vite/deps/pusher-js.js?v=78e615f6:3255
[184541276ms] [ERROR] WebSocket connection to 'wss://localhost:8081/app/app-key?protocol=7&client=js&version=8.4.0&flash=false' failed: Error in connection establishment: net::ERR_SSL_PROTOCOL_ERROR @ http://[::1]:5173/node_modules/.vite/deps/pusher-js.js?v=78e615f6:3255
[184601277ms] [ERROR] WebSocket connection to 'wss://localhost:8081/app/app-key?protocol=7&client=js&version=8.4.0&flash=false' failed: Error in connection establishment: net::ERR_SSL_PROTOCOL_ERROR @ http://[::1]:5173/node_modules/.vite/deps/pusher-js.js?v=78e615f6:3255
[184661275ms] [ERROR] WebSocket connection to 'wss://localhost:8081/app/app-key?protocol=7&client=js&version=8.4.0&flash=false' failed: Error in connection establishment: net::ERR_SSL_PROTOCOL_ERROR @ http://[::1]:5173/node_modules/.vite/deps/pusher-js.js?v=78e615f6:3255
[184721289ms] [ERROR] WebSocket connection to 'wss://localhost:8081/app/app-key?protocol=7&client=js&version=8.4.0&flash=false' failed: Error in connection establishment: net::ERR_SSL_PROTOCOL_ERROR @ http://[::1]:5173/node_modules/.vite/deps/pusher-js.js?v=78e615f6:3255
[184781306ms] [ERROR] WebSocket connection to 'wss://localhost:8081/app/app-key?protocol=7&client=js&version=8.4.0&flash=false' failed: Error in connection establishment: net::ERR_SSL_PROTOCOL_ERROR @ http://[::1]:5173/node_modules/.vite/deps/pusher-js.js?v=78e615f6:3255
[184841287ms] [ERROR] WebSocket connection to 'wss://localhost:8081/app/app-key?protocol=7&client=js&version=8.4.0&flash=false' failed: Error in connection establishment: net::ERR_SSL_PROTOCOL_ERROR @ http://[::1]:5173/node_modules/.vite/deps/pusher-js.js?v=78e615f6:3255
[184901295ms] [ERROR] WebSocket connection to 'wss://localhost:8081/app/app-key?protocol=7&client=js&version=8.4.0&flash=false' failed: Error in connection establishment: net::ERR_SSL_PROTOCOL_ERROR @ http://[::1]:5173/node_modules/.vite/deps/pusher-js.js?v=78e615f6:3255
[184961294ms] [ERROR] WebSocket connection to 'wss://localhost:8081/app/app-key?protocol=7&client=js&version=8.4.0&flash=false' failed: Error in connection establishment: net::ERR_SSL_PROTOCOL_ERROR @ http://[::1]:5173/node_modules/.vite/deps/pusher-js.js?v=78e615f6:3255
[185021293ms] [ERROR] WebSocket connection to 'wss://localhost:8081/app/app-key?protocol=7&client=js&version=8.4.0&flash=false' failed: Error in connection establishment: net::ERR_SSL_PROTOCOL_ERROR @ http://[::1]:5173/node_modules/.vite/deps/pusher-js.js?v=78e615f6:3255
[185081299ms] [ERROR] WebSocket connection to 'wss://localhost:8081/app/app-key?protocol=7&client=js&version=8.4.0&flash=false' failed: Error in connection establishment: net::ERR_SSL_PROTOCOL_ERROR @ http://[::1]:5173/node_modules/.vite/deps/pusher-js.js?v=78e615f6:3255
[185141297ms] [ERROR] WebSocket connection to 'wss://localhost:8081/app/app-key?protocol=7&client=js&version=8.4.0&flash=false' failed: Error in connection establishment: net::ERR_SSL_PROTOCOL_ERROR @ http://[::1]:5173/node_modules/.vite/deps/pusher-js.js?v=78e615f6:3255
[185201311ms] [ERROR] WebSocket connection to 'wss://localhost:8081/app/app-key?protocol=7&client=js&version=8.4.0&flash=false' failed: Error in connection establishment: net::ERR_SSL_PROTOCOL_ERROR @ http://[::1]:5173/node_modules/.vite/deps/pusher-js.js?v=78e615f6:3255
[185261300ms] [ERROR] WebSocket connection to 'wss://localhost:8081/app/app-key?protocol=7&client=js&version=8.4.0&flash=false' failed: Error in connection establishment: net::ERR_SSL_PROTOCOL_ERROR @ http://[::1]:5173/node_modules/.vite/deps/pusher-js.js?v=78e615f6:3255
[185321303ms] [ERROR] WebSocket connection to 'wss://localhost:8081/app/app-key?protocol=7&client=js&version=8.4.0&flash=false' failed: Error in connection establishment: net::ERR_SSL_PROTOCOL_ERROR @ http://[::1]:5173/node_modules/.vite/deps/pusher-js.js?v=78e615f6:3255
[185381304ms] [ERROR] WebSocket connection to 'wss://localhost:8081/app/app-key?protocol=7&client=js&version=8.4.0&flash=false' failed: Error in connection establishment: net::ERR_SSL_PROTOCOL_ERROR @ http://[::1]:5173/node_modules/.vite/deps/pusher-js.js?v=78e615f6:3255
[185441308ms] [ERROR] WebSocket connection to 'wss://localhost:8081/app/app-key?protocol=7&client=js&version=8.4.0&flash=false' failed: Error in connection establishment: net::ERR_SSL_PROTOCOL_ERROR @ http://[::1]:5173/node_modules/.vite/deps/pusher-js.js?v=78e615f6:3255
[185501316ms] [ERROR] WebSocket connection to 'wss://localhost:8081/app/app-key?protocol=7&client=js&version=8.4.0&flash=false' failed: Error in connection establishment: net::ERR_SSL_PROTOCOL_ERROR @ http://[::1]:5173/node_modules/.vite/deps/pusher-js.js?v=78e615f6:3255
[185561315ms] [ERROR] WebSocket connection to 'wss://localhost:8081/app/app-key?protocol=7&client=js&version=8.4.0&flash=false' failed: Error in connection establishment: net::ERR_SSL_PROTOCOL_ERROR @ http://[::1]:5173/node_modules/.vite/deps/pusher-js.js?v=78e615f6:3255
[185621313ms] [ERROR] WebSocket connection to 'wss://localhost:8081/app/app-key?protocol=7&client=js&version=8.4.0&flash=false' failed: Error in connection establishment: net::ERR_SSL_PROTOCOL_ERROR @ http://[::1]:5173/node_modules/.vite/deps/pusher-js.js?v=78e615f6:3255
[185681326ms] [ERROR] WebSocket connection to 'wss://localhost:8081/app/app-key?protocol=7&client=js&version=8.4.0&flash=false' failed: Error in connection establishment: net::ERR_SSL_PROTOCOL_ERROR @ http://[::1]:5173/node_modules/.vite/deps/pusher-js.js?v=78e615f6:3255
[185741319ms] [ERROR] WebSocket connection to 'wss://localhost:8081/app/app-key?protocol=7&client=js&version=8.4.0&flash=false' failed: Error in connection establishment: net::ERR_SSL_PROTOCOL_ERROR @ http://[::1]:5173/node_modules/.vite/deps/pusher-js.js?v=78e615f6:3255
[185801327ms] [ERROR] WebSocket connection to 'wss://localhost:8081/app/app-key?protocol=7&client=js&version=8.4.0&flash=false' failed: Error in connection establishment: net::ERR_SSL_PROTOCOL_ERROR @ http://[::1]:5173/node_modules/.vite/deps/pusher-js.js?v=78e615f6:3255
[185861329ms] [ERROR] WebSocket connection to 'wss://localhost:8081/app/app-key?protocol=7&client=js&version=8.4.0&flash=false' failed: Error in connection establishment: net::ERR_SSL_PROTOCOL_ERROR @ http://[::1]:5173/node_modules/.vite/deps/pusher-js.js?v=78e615f6:3255
[185921327ms] [ERROR] WebSocket connection to 'wss://localhost:8081/app/app-key?protocol=7&client=js&version=8.4.0&flash=false' failed: Error in connection establishment: net::ERR_SSL_PROTOCOL_ERROR @ http://[::1]:5173/node_modules/.vite/deps/pusher-js.js?v=78e615f6:3255
[185981332ms] [ERROR] WebSocket connection to 'wss://localhost:8081/app/app-key?protocol=7&client=js&version=8.4.0&flash=false' failed: Error in connection establishment: net::ERR_SSL_PROTOCOL_ERROR @ http://[::1]:5173/node_modules/.vite/deps/pusher-js.js?v=78e615f6:3255
[186041323ms] [ERROR] WebSocket connection to 'wss://localhost:8081/app/app-key?protocol=7&client=js&version=8.4.0&flash=false' failed: Error in connection establishment: net::ERR_SSL_PROTOCOL_ERROR @ http://[::1]:5173/node_modules/.vite/deps/pusher-js.js?v=78e615f6:3255
[186101330ms] [ERROR] WebSocket connection to 'wss://localhost:8081/app/app-key?protocol=7&client=js&version=8.4.0&flash=false' failed: Error in connection establishment: net::ERR_SSL_PROTOCOL_ERROR @ http://[::1]:5173/node_modules/.vite/deps/pusher-js.js?v=78e615f6:3255
[186161325ms] [ERROR] WebSocket connection to 'wss://localhost:8081/app/app-key?protocol=7&client=js&version=8.4.0&flash=false' failed: Error in connection establishment: net::ERR_SSL_PROTOCOL_ERROR @ http://[::1]:5173/node_modules/.vite/deps/pusher-js.js?v=78e615f6:3255
[186221341ms] [ERROR] WebSocket connection to 'wss://localhost:8081/app/app-key?protocol=7&client=js&version=8.4.0&flash=false' failed: Error in connection establishment: net::ERR_SSL_PROTOCOL_ERROR @ http://[::1]:5173/node_modules/.vite/deps/pusher-js.js?v=78e615f6:3255
[186281334ms] [ERROR] WebSocket connection to 'wss://localhost:8081/app/app-key?protocol=7&client=js&version=8.4.0&flash=false' failed: Error in connection establishment: net::ERR_SSL_PROTOCOL_ERROR @ http://[::1]:5173/node_modules/.vite/deps/pusher-js.js?v=78e615f6:3255
[186341333ms] [ERROR] WebSocket connection to 'wss://localhost:8081/app/app-key?protocol=7&client=js&version=8.4.0&flash=false' failed: Error in connection establishment: net::ERR_SSL_PROTOCOL_ERROR @ http://[::1]:5173/node_modules/.vite/deps/pusher-js.js?v=78e615f6:3255
[186401334ms] [ERROR] WebSocket connection to 'wss://localhost:8081/app/app-key?protocol=7&client=js&version=8.4.0&flash=false' failed: Error in connection establishment: net::ERR_SSL_PROTOCOL_ERROR @ http://[::1]:5173/node_modules/.vite/deps/pusher-js.js?v=78e615f6:3255
[186461339ms] [ERROR] WebSocket connection to 'wss://localhost:8081/app/app-key?protocol=7&client=js&version=8.4.0&flash=false' failed: Error in connection establishment: net::ERR_SSL_PROTOCOL_ERROR @ http://[::1]:5173/node_modules/.vite/deps/pusher-js.js?v=78e615f6:3255
[186521341ms] [ERROR] WebSocket connection to 'wss://localhost:8081/app/app-key?protocol=7&client=js&version=8.4.0&flash=false' failed: Error in connection establishment: net::ERR_SSL_PROTOCOL_ERROR @ http://[::1]:5173/node_modules/.vite/deps/pusher-js.js?v=78e615f6:3255
[186581345ms] [ERROR] WebSocket connection to 'wss://localhost:8081/app/app-key?protocol=7&client=js&version=8.4.0&flash=false' failed: Error in connection establishment: net::ERR_SSL_PROTOCOL_ERROR @ http://[::1]:5173/node_modules/.vite/deps/pusher-js.js?v=78e615f6:3255
[186641343ms] [ERROR] WebSocket connection to 'wss://localhost:8081/app/app-key?protocol=7&client=js&version=8.4.0&flash=false' failed: Error in connection establishment: net::ERR_SSL_PROTOCOL_ERROR @ http://[::1]:5173/node_modules/.vite/deps/pusher-js.js?v=78e615f6:3255
[186701347ms] [ERROR] WebSocket connection to 'wss://localhost:8081/app/app-key?protocol=7&client=js&version=8.4.0&flash=false' failed: Error in connection establishment: net::ERR_SSL_PROTOCOL_ERROR @ http://[::1]:5173/node_modules/.vite/deps/pusher-js.js?v=78e615f6:3255
[186761349ms] [ERROR] WebSocket connection to 'wss://localhost:8081/app/app-key?protocol=7&client=js&version=8.4.0&flash=false' failed: Error in connection establishment: net::ERR_SSL_PROTOCOL_ERROR @ http://[::1]:5173/node_modules/.vite/deps/pusher-js.js?v=78e615f6:3255
[186821351ms] [ERROR] WebSocket connection to 'wss://localhost:8081/app/app-key?protocol=7&client=js&version=8.4.0&flash=false' failed: Error in connection establishment: net::ERR_SSL_PROTOCOL_ERROR @ http://[::1]:5173/node_modules/.vite/deps/pusher-js.js?v=78e615f6:3255
[186881353ms] [ERROR] WebSocket connection to 'wss://localhost:8081/app/app-key?protocol=7&client=js&version=8.4.0&flash=false' failed: Error in connection establishment: net::ERR_SSL_PROTOCOL_ERROR @ http://[::1]:5173/node_modules/.vite/deps/pusher-js.js?v=78e615f6:3255
[186941355ms] [ERROR] WebSocket connection to 'wss://localhost:8081/app/app-key?protocol=7&client=js&version=8.4.0&flash=false' failed: Error in connection establishment: net::ERR_SSL_PROTOCOL_ERROR @ http://[::1]:5173/node_modules/.vite/deps/pusher-js.js?v=78e615f6:3255
[187001352ms] [ERROR] WebSocket connection to 'wss://localhost:8081/app/app-key?protocol=7&client=js&version=8.4.0&flash=false' failed: Error in connection establishment: net::ERR_SSL_PROTOCOL_ERROR @ http://[::1]:5173/node_modules/.vite/deps/pusher-js.js?v=78e615f6:3255
[187061361ms] [ERROR] WebSocket connection to 'wss://localhost:8081/app/app-key?protocol=7&client=js&version=8.4.0&flash=false' failed: Error in connection establishment: net::ERR_SSL_PROTOCOL_ERROR @ http://[::1]:5173/node_modules/.vite/deps/pusher-js.js?v=78e615f6:3255
[187121357ms] [ERROR] WebSocket connection to 'wss://localhost:8081/app/app-key?protocol=7&client=js&version=8.4.0&flash=false' failed: Error in connection establishment: net::ERR_SSL_PROTOCOL_ERROR @ http://[::1]:5173/node_modules/.vite/deps/pusher-js.js?v=78e615f6:3255
[187181360ms] [ERROR] WebSocket connection to 'wss://localhost:8081/app/app-key?protocol=7&client=js&version=8.4.0&flash=false' failed: Error in connection establishment: net::ERR_SSL_PROTOCOL_ERROR @ http://[::1]:5173/node_modules/.vite/deps/pusher-js.js?v=78e615f6:3255
[187241365ms] [ERROR] WebSocket connection to 'wss://localhost:8081/app/app-key?protocol=7&client=js&version=8.4.0&flash=false' failed: Error in connection establishment: net::ERR_SSL_PROTOCOL_ERROR @ http://[::1]:5173/node_modules/.vite/deps/pusher-js.js?v=78e615f6:3255
[187301363ms] [ERROR] WebSocket connection to 'wss://localhost:8081/app/app-key?protocol=7&client=js&version=8.4.0&flash=false' failed: Error in connection establishment: net::ERR_SSL_PROTOCOL_ERROR @ http://[::1]:5173/node_modules/.vite/deps/pusher-js.js?v=78e615f6:3255
[187361368ms] [ERROR] WebSocket connection to 'wss://localhost:8081/app/app-key?protocol=7&client=js&version=8.4.0&flash=false' failed: Error in connection establishment: net::ERR_SSL_PROTOCOL_ERROR @ http://[::1]:5173/node_modules/.vite/deps/pusher-js.js?v=78e615f6:3255
[187421381ms] [ERROR] WebSocket connection to 'wss://localhost:8081/app/app-key?protocol=7&client=js&version=8.4.0&flash=false' failed: Error in connection establishment: net::ERR_SSL_PROTOCOL_ERROR @ http://[::1]:5173/node_modules/.vite/deps/pusher-js.js?v=78e615f6:3255
[187481375ms] [ERROR] WebSocket connection to 'wss://localhost:8081/app/app-key?protocol=7&client=js&version=8.4.0&flash=false' failed: Error in connection establishment: net::ERR_SSL_PROTOCOL_ERROR @ http://[::1]:5173/node_modules/.vite/deps/pusher-js.js?v=78e615f6:3255
[187541373ms] [ERROR] WebSocket connection to 'wss://localhost:8081/app/app-key?protocol=7&client=js&version=8.4.0&flash=false' failed: Error in connection establishment: net::ERR_SSL_PROTOCOL_ERROR @ http://[::1]:5173/node_modules/.vite/deps/pusher-js.js?v=78e615f6:3255
[187601366ms] [ERROR] WebSocket connection to 'wss://localhost:8081/app/app-key?protocol=7&client=js&version=8.4.0&flash=false' failed: Error in connection establishment: net::ERR_SSL_PROTOCOL_ERROR @ http://[::1]:5173/node_modules/.vite/deps/pusher-js.js?v=78e615f6:3255
[187661385ms] [ERROR] WebSocket connection to 'wss://localhost:8081/app/app-key?protocol=7&client=js&version=8.4.0&flash=false' failed: Error in connection establishment: net::ERR_SSL_PROTOCOL_ERROR @ http://[::1]:5173/node_modules/.vite/deps/pusher-js.js?v=78e615f6:3255
[187721382ms] [ERROR] WebSocket connection to 'wss://localhost:8081/app/app-key?protocol=7&client=js&version=8.4.0&flash=false' failed: Error in connection establishment: net::ERR_SSL_PROTOCOL_ERROR @ http://[::1]:5173/node_modules/.vite/deps/pusher-js.js?v=78e615f6:3255
[187781378ms] [ERROR] WebSocket connection to 'wss://localhost:8081/app/app-key?protocol=7&client=js&version=8.4.0&flash=false' failed: Error in connection establishment: net::ERR_SSL_PROTOCOL_ERROR @ http://[::1]:5173/node_modules/.vite/deps/pusher-js.js?v=78e615f6:3255
[187841376ms] [ERROR] WebSocket connection to 'wss://localhost:8081/app/app-key?protocol=7&client=js&version=8.4.0&flash=false' failed: Error in connection establishment: net::ERR_SSL_PROTOCOL_ERROR @ http://[::1]:5173/node_modules/.vite/deps/pusher-js.js?v=78e615f6:3255
[187901404ms] [ERROR] WebSocket connection to 'wss://localhost:8081/app/app-key?protocol=7&client=js&version=8.4.0&flash=false' failed: Error in connection establishment: net::ERR_SSL_PROTOCOL_ERROR @ http://[::1]:5173/node_modules/.vite/deps/pusher-js.js?v=78e615f6:3255
[187961383ms] [ERROR] WebSocket connection to 'wss://localhost:8081/app/app-key?protocol=7&client=js&version=8.4.0&flash=false' failed: Error in connection establishment: net::ERR_SSL_PROTOCOL_ERROR @ http://[::1]:5173/node_modules/.vite/deps/pusher-js.js?v=78e615f6:3255
[188021371ms] [ERROR] WebSocket connection to 'wss://localhost:8081/app/app-key?protocol=7&client=js&version=8.4.0&flash=false' failed: Error in connection establishment: net::ERR_SSL_PROTOCOL_ERROR @ http://[::1]:5173/node_modules/.vite/deps/pusher-js.js?v=78e615f6:3255
[188081372ms] [ERROR] WebSocket connection to 'wss://localhost:8081/app/app-key?protocol=7&client=js&version=8.4.0&flash=false' failed: Error in connection establishment: net::ERR_SSL_PROTOCOL_ERROR @ http://[::1]:5173/node_modules/.vite/deps/pusher-js.js?v=78e615f6:3255
[188141374ms] [ERROR] WebSocket connection to 'wss://localhost:8081/app/app-key?protocol=7&client=js&version=8.4.0&flash=false' failed: Error in connection establishment: net::ERR_SSL_PROTOCOL_ERROR @ http://[::1]:5173/node_modules/.vite/deps/pusher-js.js?v=78e615f6:3255
[188201373ms] [ERROR] WebSocket connection to 'wss://localhost:8081/app/app-key?protocol=7&client=js&version=8.4.0&flash=false' failed: Error in connection establishment: net::ERR_SSL_PROTOCOL_ERROR @ http://[::1]:5173/node_modules/.vite/deps/pusher-js.js?v=78e615f6:3255
[188261375ms] [ERROR] WebSocket connection to 'wss://localhost:8081/app/app-key?protocol=7&client=js&version=8.4.0&flash=false' failed: Error in connection establishment: net::ERR_SSL_PROTOCOL_ERROR @ http://[::1]:5173/node_modules/.vite/deps/pusher-js.js?v=78e615f6:3255
[188321383ms] [ERROR] WebSocket connection to 'wss://localhost:8081/app/app-key?protocol=7&client=js&version=8.4.0&flash=false' failed: Error in connection establishment: net::ERR_SSL_PROTOCOL_ERROR @ http://[::1]:5173/node_modules/.vite/deps/pusher-js.js?v=78e615f6:3255
[188381378ms] [ERROR] WebSocket connection to 'wss://localhost:8081/app/app-key?protocol=7&client=js&version=8.4.0&flash=false' failed: Error in connection establishment: net::ERR_SSL_PROTOCOL_ERROR @ http://[::1]:5173/node_modules/.vite/deps/pusher-js.js?v=78e615f6:3255
[188441383ms] [ERROR] WebSocket connection to 'wss://localhost:8081/app/app-key?protocol=7&client=js&version=8.4.0&flash=false' failed: Error in connection establishment: net::ERR_SSL_PROTOCOL_ERROR @ http://[::1]:5173/node_modules/.vite/deps/pusher-js.js?v=78e615f6:3255
[188501381ms] [ERROR] WebSocket connection to 'wss://localhost:8081/app/app-key?protocol=7&client=js&version=8.4.0&flash=false' failed: Error in connection establishment: net::ERR_SSL_PROTOCOL_ERROR @ http://[::1]:5173/node_modules/.vite/deps/pusher-js.js?v=78e615f6:3255
[188561394ms] [ERROR] WebSocket connection to 'wss://localhost:8081/app/app-key?protocol=7&client=js&version=8.4.0&flash=false' failed: Error in connection establishment: net::ERR_SSL_PROTOCOL_ERROR @ http://[::1]:5173/node_modules/.vite/deps/pusher-js.js?v=78e615f6:3255
[188621381ms] [ERROR] WebSocket connection to 'wss://localhost:8081/app/app-key?protocol=7&client=js&version=8.4.0&flash=false' failed: Error in connection establishment: net::ERR_SSL_PROTOCOL_ERROR @ http://[::1]:5173/node_modules/.vite/deps/pusher-js.js?v=78e615f6:3255
[188681385ms] [ERROR] WebSocket connection to 'wss://localhost:8081/app/app-key?protocol=7&client=js&version=8.4.0&flash=false' failed: Error in connection establishment: net::ERR_SSL_PROTOCOL_ERROR @ http://[::1]:5173/node_modules/.vite/deps/pusher-js.js?v=78e615f6:3255
[188741386ms] [ERROR] WebSocket connection to 'wss://localhost:8081/app/app-key?protocol=7&client=js&version=8.4.0&flash=false' failed: Error in connection establishment: net::ERR_SSL_PROTOCOL_ERROR @ http://[::1]:5173/node_modules/.vite/deps/pusher-js.js?v=78e615f6:3255
[188801399ms] [ERROR] WebSocket connection to 'wss://localhost:8081/app/app-key?protocol=7&client=js&version=8.4.0&flash=false' failed: Error in connection establishment: net::ERR_SSL_PROTOCOL_ERROR @ http://[::1]:5173/node_modules/.vite/deps/pusher-js.js?v=78e615f6:3255
[188861393ms] [ERROR] WebSocket connection to 'wss://localhost:8081/app/app-key?protocol=7&client=js&version=8.4.0&flash=false' failed: Error in connection establishment: net::ERR_SSL_PROTOCOL_ERROR @ http://[::1]:5173/node_modules/.vite/deps/pusher-js.js?v=78e615f6:3255
[188921403ms] [ERROR] WebSocket connection to 'wss://localhost:8081/app/app-key?protocol=7&client=js&version=8.4.0&flash=false' failed: Error in connection establishment: net::ERR_SSL_PROTOCOL_ERROR @ http://[::1]:5173/node_modules/.vite/deps/pusher-js.js?v=78e615f6:3255
[188981394ms] [ERROR] WebSocket connection to 'wss://localhost:8081/app/app-key?protocol=7&client=js&version=8.4.0&flash=false' failed: Error in connection establishment: net::ERR_SSL_PROTOCOL_ERROR @ http://[::1]:5173/node_modules/.vite/deps/pusher-js.js?v=78e615f6:3255
[189041399ms] [ERROR] WebSocket connection to 'wss://localhost:8081/app/app-key?protocol=7&client=js&version=8.4.0&flash=false' failed: Error in connection establishment: net::ERR_SSL_PROTOCOL_ERROR @ http://[::1]:5173/node_modules/.vite/deps/pusher-js.js?v=78e615f6:3255
[189101397ms] [ERROR] WebSocket connection to 'wss://localhost:8081/app/app-key?protocol=7&client=js&version=8.4.0&flash=false' failed: Error in connection establishment: net::ERR_SSL_PROTOCOL_ERROR @ http://[::1]:5173/node_modules/.vite/deps/pusher-js.js?v=78e615f6:3255
[189161407ms] [ERROR] WebSocket connection to 'wss://localhost:8081/app/app-key?protocol=7&client=js&version=8.4.0&flash=false' failed: Error in connection establishment: net::ERR_SSL_PROTOCOL_ERROR @ http://[::1]:5173/node_modules/.vite/deps/pusher-js.js?v=78e615f6:3255
[189221411ms] [ERROR] WebSocket connection to 'wss://localhost:8081/app/app-key?protocol=7&client=js&version=8.4.0&flash=false' failed: Error in connection establishment: net::ERR_SSL_PROTOCOL_ERROR @ http://[::1]:5173/node_modules/.vite/deps/pusher-js.js?v=78e615f6:3255
[189281403ms] [ERROR] WebSocket connection to 'wss://localhost:8081/app/app-key?protocol=7&client=js&version=8.4.0&flash=false' failed: Error in connection establishment: net::ERR_SSL_PROTOCOL_ERROR @ http://[::1]:5173/node_modules/.vite/deps/pusher-js.js?v=78e615f6:3255
[189341403ms] [ERROR] WebSocket connection to 'wss://localhost:8081/app/app-key?protocol=7&client=js&version=8.4.0&flash=false' failed: Error in connection establishment: net::ERR_SSL_PROTOCOL_ERROR @ http://[::1]:5173/node_modules/.vite/deps/pusher-js.js?v=78e615f6:3255
[189401407ms] [ERROR] WebSocket connection to 'wss://localhost:8081/app/app-key?protocol=7&client=js&version=8.4.0&flash=false' failed: Error in connection establishment: net::ERR_SSL_PROTOCOL_ERROR @ http://[::1]:5173/node_modules/.vite/deps/pusher-js.js?v=78e615f6:3255
[189461415ms] [ERROR] WebSocket connection to 'wss://localhost:8081/app/app-key?protocol=7&client=js&version=8.4.0&flash=false' failed: Error in connection establishment: net::ERR_SSL_PROTOCOL_ERROR @ http://[::1]:5173/node_modules/.vite/deps/pusher-js.js?v=78e615f6:3255
[189521410ms] [ERROR] WebSocket connection to 'wss://localhost:8081/app/app-key?protocol=7&client=js&version=8.4.0&flash=false' failed: Error in connection establishment: net::ERR_SSL_PROTOCOL_ERROR @ http://[::1]:5173/node_modules/.vite/deps/pusher-js.js?v=78e615f6:3255
[189581406ms] [ERROR] WebSocket connection to 'wss://localhost:8081/app/app-key?protocol=7&client=js&version=8.4.0&flash=false' failed: Error in connection establishment: net::ERR_SSL_PROTOCOL_ERROR @ http://[::1]:5173/node_modules/.vite/deps/pusher-js.js?v=78e615f6:3255
[189641411ms] [ERROR] WebSocket connection to 'wss://localhost:8081/app/app-key?protocol=7&client=js&version=8.4.0&flash=false' failed: Error in connection establishment: net::ERR_SSL_PROTOCOL_ERROR @ http://[::1]:5173/node_modules/.vite/deps/pusher-js.js?v=78e615f6:3255
[189701413ms] [ERROR] WebSocket connection to 'wss://localhost:8081/app/app-key?protocol=7&client=js&version=8.4.0&flash=false' failed: Error in connection establishment: net::ERR_SSL_PROTOCOL_ERROR @ http://[::1]:5173/node_modules/.vite/deps/pusher-js.js?v=78e615f6:3255
[189761416ms] [ERROR] WebSocket connection to 'wss://localhost:8081/app/app-key?protocol=7&client=js&version=8.4.0&flash=false' failed: Error in connection establishment: net::ERR_SSL_PROTOCOL_ERROR @ http://[::1]:5173/node_modules/.vite/deps/pusher-js.js?v=78e615f6:3255
[189821418ms] [ERROR] WebSocket connection to 'wss://localhost:8081/app/app-key?protocol=7&client=js&version=8.4.0&flash=false' failed: Error in connection establishment: net::ERR_SSL_PROTOCOL_ERROR @ http://[::1]:5173/node_modules/.vite/deps/pusher-js.js?v=78e615f6:3255
[189881415ms] [ERROR] WebSocket connection to 'wss://localhost:8081/app/app-key?protocol=7&client=js&version=8.4.0&flash=false' failed: Error in connection establishment: net::ERR_SSL_PROTOCOL_ERROR @ http://[::1]:5173/node_modules/.vite/deps/pusher-js.js?v=78e615f6:3255
[189941419ms] [ERROR] WebSocket connection to 'wss://localhost:8081/app/app-key?protocol=7&client=js&version=8.4.0&flash=false' failed: Error in connection establishment: net::ERR_SSL_PROTOCOL_ERROR @ http://[::1]:5173/node_modules/.vite/deps/pusher-js.js?v=78e615f6:3255
[190001433ms] [ERROR] WebSocket connection to 'wss://localhost:8081/app/app-key?protocol=7&client=js&version=8.4.0&flash=false' failed: Error in connection establishment: net::ERR_SSL_PROTOCOL_ERROR @ http://[::1]:5173/node_modules/.vite/deps/pusher-js.js?v=78e615f6:3255
[190061439ms] [ERROR] WebSocket connection to 'wss://localhost:8081/app/app-key?protocol=7&client=js&version=8.4.0&flash=false' failed: Error in connection establishment: net::ERR_SSL_PROTOCOL_ERROR @ http://[::1]:5173/node_modules/.vite/deps/pusher-js.js?v=78e615f6:3255
[190121440ms] [ERROR] WebSocket connection to 'wss://localhost:8081/app/app-key?protocol=7&client=js&version=8.4.0&flash=false' failed: Error in connection establishment: net::ERR_SSL_PROTOCOL_ERROR @ http://[::1]:5173/node_modules/.vite/deps/pusher-js.js?v=78e615f6:3255
[190181438ms] [ERROR] WebSocket connection to 'wss://localhost:8081/app/app-key?protocol=7&client=js&version=8.4.0&flash=false' failed: Error in connection establishment: net::ERR_SSL_PROTOCOL_ERROR @ http://[::1]:5173/node_modules/.vite/deps/pusher-js.js?v=78e615f6:3255
[190241445ms] [ERROR] WebSocket connection to 'wss://localhost:8081/app/app-key?protocol=7&client=js&version=8.4.0&flash=false' failed: Error in connection establishment: net::ERR_SSL_PROTOCOL_ERROR @ http://[::1]:5173/node_modules/.vite/deps/pusher-js.js?v=78e615f6:3255
[190301452ms] [ERROR] WebSocket connection to 'wss://localhost:8081/app/app-key?protocol=7&client=js&version=8.4.0&flash=false' failed: Error in connection establishment: net::ERR_SSL_PROTOCOL_ERROR @ http://[::1]:5173/node_modules/.vite/deps/pusher-js.js?v=78e615f6:3255
[190361459ms] [ERROR] WebSocket connection to 'wss://localhost:8081/app/app-key?protocol=7&client=js&version=8.4.0&flash=false' failed: Error in connection establishment: net::ERR_SSL_PROTOCOL_ERROR @ http://[::1]:5173/node_modules/.vite/deps/pusher-js.js?v=78e615f6:3255
[190421455ms] [ERROR] WebSocket connection to 'wss://localhost:8081/app/app-key?protocol=7&client=js&version=8.4.0&flash=false' failed: Error in connection establishment: net::ERR_SSL_PROTOCOL_ERROR @ http://[::1]:5173/node_modules/.vite/deps/pusher-js.js?v=78e615f6:3255
[190481463ms] [ERROR] WebSocket connection to 'wss://localhost:8081/app/app-key?protocol=7&client=js&version=8.4.0&flash=false' failed: Error in connection establishment: net::ERR_SSL_PROTOCOL_ERROR @ http://[::1]:5173/node_modules/.vite/deps/pusher-js.js?v=78e615f6:3255
[190541460ms] [ERROR] WebSocket connection to 'wss://localhost:8081/app/app-key?protocol=7&client=js&version=8.4.0&flash=false' failed: Error in connection establishment: net::ERR_SSL_PROTOCOL_ERROR @ http://[::1]:5173/node_modules/.vite/deps/pusher-js.js?v=78e615f6:3255
[190601466ms] [ERROR] WebSocket connection to 'wss://localhost:8081/app/app-key?protocol=7&client=js&version=8.4.0&flash=false' failed: Error in connection establishment: net::ERR_SSL_PROTOCOL_ERROR @ http://[::1]:5173/node_modules/.vite/deps/pusher-js.js?v=78e615f6:3255
[190661462ms] [ERROR] WebSocket connection to 'wss://localhost:8081/app/app-key?protocol=7&client=js&version=8.4.0&flash=false' failed: Error in connection establishment: net::ERR_SSL_PROTOCOL_ERROR @ http://[::1]:5173/node_modules/.vite/deps/pusher-js.js?v=78e615f6:3255
[190721467ms] [ERROR] WebSocket connection to 'wss://localhost:8081/app/app-key?protocol=7&client=js&version=8.4.0&flash=false' failed: Error in connection establishment: net::ERR_SSL_PROTOCOL_ERROR @ http://[::1]:5173/node_modules/.vite/deps/pusher-js.js?v=78e615f6:3255
[190781472ms] [ERROR] WebSocket connection to 'wss://localhost:8081/app/app-key?protocol=7&client=js&version=8.4.0&flash=false' failed: Error in connection establishment: net::ERR_SSL_PROTOCOL_ERROR @ http://[::1]:5173/node_modules/.vite/deps/pusher-js.js?v=78e615f6:3255
[190841469ms] [ERROR] WebSocket connection to 'wss://localhost:8081/app/app-key?protocol=7&client=js&version=8.4.0&flash=false' failed: Error in connection establishment: net::ERR_SSL_PROTOCOL_ERROR @ http://[::1]:5173/node_modules/.vite/deps/pusher-js.js?v=78e615f6:3255
[190901473ms] [ERROR] WebSocket connection to 'wss://localhost:8081/app/app-key?protocol=7&client=js&version=8.4.0&flash=false' failed: Error in connection establishment: net::ERR_SSL_PROTOCOL_ERROR @ http://[::1]:5173/node_modules/.vite/deps/pusher-js.js?v=78e615f6:3255
[190961473ms] [ERROR] WebSocket connection to 'wss://localhost:8081/app/app-key?protocol=7&client=js&version=8.4.0&flash=false' failed: Error in connection establishment: net::ERR_SSL_PROTOCOL_ERROR @ http://[::1]:5173/node_modules/.vite/deps/pusher-js.js?v=78e615f6:3255
[191021478ms] [ERROR] WebSocket connection to 'wss://localhost:8081/app/app-key?protocol=7&client=js&version=8.4.0&flash=false' failed: Error in connection establishment: net::ERR_SSL_PROTOCOL_ERROR @ http://[::1]:5173/node_modules/.vite/deps/pusher-js.js?v=78e615f6:3255
[191081479ms] [ERROR] WebSocket connection to 'wss://localhost:8081/app/app-key?protocol=7&client=js&version=8.4.0&flash=false' failed: Error in connection establishment: net::ERR_SSL_PROTOCOL_ERROR @ http://[::1]:5173/node_modules/.vite/deps/pusher-js.js?v=78e615f6:3255
[191141474ms] [ERROR] WebSocket connection to 'wss://localhost:8081/app/app-key?protocol=7&client=js&version=8.4.0&flash=false' failed: Error in connection establishment: net::ERR_SSL_PROTOCOL_ERROR @ http://[::1]:5173/node_modules/.vite/deps/pusher-js.js?v=78e615f6:3255
[191201478ms] [ERROR] WebSocket connection to 'wss://localhost:8081/app/app-key?protocol=7&client=js&version=8.4.0&flash=false' failed: Error in connection establishment: net::ERR_SSL_PROTOCOL_ERROR @ http://[::1]:5173/node_modules/.vite/deps/pusher-js.js?v=78e615f6:3255
[191261489ms] [ERROR] WebSocket connection to 'wss://localhost:8081/app/app-key?protocol=7&client=js&version=8.4.0&flash=false' failed: Error in connection establishment: net::ERR_SSL_PROTOCOL_ERROR @ http://[::1]:5173/node_modules/.vite/deps/pusher-js.js?v=78e615f6:3255
[191321488ms] [ERROR] WebSocket connection to 'wss://localhost:8081/app/app-key?protocol=7&client=js&version=8.4.0&flash=false' failed: Error in connection establishment: net::ERR_SSL_PROTOCOL_ERROR @ http://[::1]:5173/node_modules/.vite/deps/pusher-js.js?v=78e615f6:3255
[191381487ms] [ERROR] WebSocket connection to 'wss://localhost:8081/app/app-key?protocol=7&client=js&version=8.4.0&flash=false' failed: Error in connection establishment: net::ERR_SSL_PROTOCOL_ERROR @ http://[::1]:5173/node_modules/.vite/deps/pusher-js.js?v=78e615f6:3255
[191441490ms] [ERROR] WebSocket connection to 'wss://localhost:8081/app/app-key?protocol=7&client=js&version=8.4.0&flash=false' failed: Error in connection establishment: net::ERR_SSL_PROTOCOL_ERROR @ http://[::1]:5173/node_modules/.vite/deps/pusher-js.js?v=78e615f6:3255
[191501489ms] [ERROR] WebSocket connection to 'wss://localhost:8081/app/app-key?protocol=7&client=js&version=8.4.0&flash=false' failed: Error in connection establishment: net::ERR_SSL_PROTOCOL_ERROR @ http://[::1]:5173/node_modules/.vite/deps/pusher-js.js?v=78e615f6:3255
[191561492ms] [ERROR] WebSocket connection to 'wss://localhost:8081/app/app-key?protocol=7&client=js&version=8.4.0&flash=false' failed: Error in connection establishment: net::ERR_SSL_PROTOCOL_ERROR @ http://[::1]:5173/node_modules/.vite/deps/pusher-js.js?v=78e615f6:3255
[191621493ms] [ERROR] WebSocket connection to 'wss://localhost:8081/app/app-key?protocol=7&client=js&version=8.4.0&flash=false' failed: Error in connection establishment: net::ERR_SSL_PROTOCOL_ERROR @ http://[::1]:5173/node_modules/.vite/deps/pusher-js.js?v=78e615f6:3255
[191681493ms] [ERROR] WebSocket connection to 'wss://localhost:8081/app/app-key?protocol=7&client=js&version=8.4.0&flash=false' failed: Error in connection establishment: net::ERR_SSL_PROTOCOL_ERROR @ http://[::1]:5173/node_modules/.vite/deps/pusher-js.js?v=78e615f6:3255
[191741493ms] [ERROR] WebSocket connection to 'wss://localhost:8081/app/app-key?protocol=7&client=js&version=8.4.0&flash=false' failed: Error in connection establishment: net::ERR_SSL_PROTOCOL_ERROR @ http://[::1]:5173/node_modules/.vite/deps/pusher-js.js?v=78e615f6:3255
[191801495ms] [ERROR] WebSocket connection to 'wss://localhost:8081/app/app-key?protocol=7&client=js&version=8.4.0&flash=false' failed: Error in connection establishment: net::ERR_SSL_PROTOCOL_ERROR @ http://[::1]:5173/node_modules/.vite/deps/pusher-js.js?v=78e615f6:3255
[191861498ms] [ERROR] WebSocket connection to 'wss://localhost:8081/app/app-key?protocol=7&client=js&version=8.4.0&flash=false' failed: Error in connection establishment: net::ERR_SSL_PROTOCOL_ERROR @ http://[::1]:5173/node_modules/.vite/deps/pusher-js.js?v=78e615f6:3255
[191921500ms] [ERROR] WebSocket connection to 'wss://localhost:8081/app/app-key?protocol=7&client=js&version=8.4.0&flash=false' failed: Error in connection establishment: net::ERR_SSL_PROTOCOL_ERROR @ http://[::1]:5173/node_modules/.vite/deps/pusher-js.js?v=78e615f6:3255
[191981508ms] [ERROR] WebSocket connection to 'wss://localhost:8081/app/app-key?protocol=7&client=js&version=8.4.0&flash=false' failed: Error in connection establishment: net::ERR_SSL_PROTOCOL_ERROR @ http://[::1]:5173/node_modules/.vite/deps/pusher-js.js?v=78e615f6:3255
[192041509ms] [ERROR] WebSocket connection to 'wss://localhost:8081/app/app-key?protocol=7&client=js&version=8.4.0&flash=false' failed: Error in connection establishment: net::ERR_SSL_PROTOCOL_ERROR @ http://[::1]:5173/node_modules/.vite/deps/pusher-js.js?v=78e615f6:3255
[192101509ms] [ERROR] WebSocket connection to 'wss://localhost:8081/app/app-key?protocol=7&client=js&version=8.4.0&flash=false' failed: Error in connection establishment: net::ERR_SSL_PROTOCOL_ERROR @ http://[::1]:5173/node_modules/.vite/deps/pusher-js.js?v=78e615f6:3255
[192161509ms] [ERROR] WebSocket connection to 'wss://localhost:8081/app/app-key?protocol=7&client=js&version=8.4.0&flash=false' failed: Error in connection establishment: net::ERR_SSL_PROTOCOL_ERROR @ http://[::1]:5173/node_modules/.vite/deps/pusher-js.js?v=78e615f6:3255
[192221514ms] [ERROR] WebSocket connection to 'wss://localhost:8081/app/app-key?protocol=7&client=js&version=8.4.0&flash=false' failed: Error in connection establishment: net::ERR_SSL_PROTOCOL_ERROR @ http://[::1]:5173/node_modules/.vite/deps/pusher-js.js?v=78e615f6:3255
[192281515ms] [ERROR] WebSocket connection to 'wss://localhost:8081/app/app-key?protocol=7&client=js&version=8.4.0&flash=false' failed: Error in connection establishment: net::ERR_SSL_PROTOCOL_ERROR @ http://[::1]:5173/node_modules/.vite/deps/pusher-js.js?v=78e615f6:3255
[192341514ms] [ERROR] WebSocket connection to 'wss://localhost:8081/app/app-key?protocol=7&client=js&version=8.4.0&flash=false' failed: Error in connection establishment: net::ERR_SSL_PROTOCOL_ERROR @ http://[::1]:5173/node_modules/.vite/deps/pusher-js.js?v=78e615f6:3255
[192401521ms] [ERROR] WebSocket connection to 'wss://localhost:8081/app/app-key?protocol=7&client=js&version=8.4.0&flash=false' failed: Error in connection establishment: net::ERR_SSL_PROTOCOL_ERROR @ http://[::1]:5173/node_modules/.vite/deps/pusher-js.js?v=78e615f6:3255
[192461521ms] [ERROR] WebSocket connection to 'wss://localhost:8081/app/app-key?protocol=7&client=js&version=8.4.0&flash=false' failed: Error in connection establishment: net::ERR_SSL_PROTOCOL_ERROR @ http://[::1]:5173/node_modules/.vite/deps/pusher-js.js?v=78e615f6:3255
[192521520ms] [ERROR] WebSocket connection to 'wss://localhost:8081/app/app-key?protocol=7&client=js&version=8.4.0&flash=false' failed: Error in connection establishment: net::ERR_SSL_PROTOCOL_ERROR @ http://[::1]:5173/node_modules/.vite/deps/pusher-js.js?v=78e615f6:3255
[192581518ms] [ERROR] WebSocket connection to 'wss://localhost:8081/app/app-key?protocol=7&client=js&version=8.4.0&flash=false' failed: Error in connection establishment: net::ERR_SSL_PROTOCOL_ERROR @ http://[::1]:5173/node_modules/.vite/deps/pusher-js.js?v=78e615f6:3255
[192641526ms] [ERROR] WebSocket connection to 'wss://localhost:8081/app/app-key?protocol=7&client=js&version=8.4.0&flash=false' failed: Error in connection establishment: net::ERR_SSL_PROTOCOL_ERROR @ http://[::1]:5173/node_modules/.vite/deps/pusher-js.js?v=78e615f6:3255
[192701524ms] [ERROR] WebSocket connection to 'wss://localhost:8081/app/app-key?protocol=7&client=js&version=8.4.0&flash=false' failed: Error in connection establishment: net::ERR_SSL_PROTOCOL_ERROR @ http://[::1]:5173/node_modules/.vite/deps/pusher-js.js?v=78e615f6:3255
[192761525ms] [ERROR] WebSocket connection to 'wss://localhost:8081/app/app-key?protocol=7&client=js&version=8.4.0&flash=false' failed: Error in connection establishment: net::ERR_SSL_PROTOCOL_ERROR @ http://[::1]:5173/node_modules/.vite/deps/pusher-js.js?v=78e615f6:3255
[192821529ms] [ERROR] WebSocket connection to 'wss://localhost:8081/app/app-key?protocol=7&client=js&version=8.4.0&flash=false' failed: Error in connection establishment: net::ERR_SSL_PROTOCOL_ERROR @ http://[::1]:5173/node_modules/.vite/deps/pusher-js.js?v=78e615f6:3255
[192881536ms] [ERROR] WebSocket connection to 'wss://localhost:8081/app/app-key?protocol=7&client=js&version=8.4.0&flash=false' failed: Error in connection establishment: net::ERR_SSL_PROTOCOL_ERROR @ http://[::1]:5173/node_modules/.vite/deps/pusher-js.js?v=78e615f6:3255
[192941529ms] [ERROR] WebSocket connection to 'wss://localhost:8081/app/app-key?protocol=7&client=js&version=8.4.0&flash=false' failed: Error in connection establishment: net::ERR_SSL_PROTOCOL_ERROR @ http://[::1]:5173/node_modules/.vite/deps/pusher-js.js?v=78e615f6:3255
[193001530ms] [ERROR] WebSocket connection to 'wss://localhost:8081/app/app-key?protocol=7&client=js&version=8.4.0&flash=false' failed: Error in connection establishment: net::ERR_SSL_PROTOCOL_ERROR @ http://[::1]:5173/node_modules/.vite/deps/pusher-js.js?v=78e615f6:3255
[193061534ms] [ERROR] WebSocket connection to 'wss://localhost:8081/app/app-key?protocol=7&client=js&version=8.4.0&flash=false' failed: Error in connection establishment: net::ERR_SSL_PROTOCOL_ERROR @ http://[::1]:5173/node_modules/.vite/deps/pusher-js.js?v=78e615f6:3255
[193121535ms] [ERROR] WebSocket connection to 'wss://localhost:8081/app/app-key?protocol=7&client=js&version=8.4.0&flash=false' failed: Error in connection establishment: net::ERR_SSL_PROTOCOL_ERROR @ http://[::1]:5173/node_modules/.vite/deps/pusher-js.js?v=78e615f6:3255
[193181541ms] [ERROR] WebSocket connection to 'wss://localhost:8081/app/app-key?protocol=7&client=js&version=8.4.0&flash=false' failed: Error in connection establishment: net::ERR_SSL_PROTOCOL_ERROR @ http://[::1]:5173/node_modules/.vite/deps/pusher-js.js?v=78e615f6:3255
[193241542ms] [ERROR] WebSocket connection to 'wss://localhost:8081/app/app-key?protocol=7&client=js&version=8.4.0&flash=false' failed: Error in connection establishment: net::ERR_SSL_PROTOCOL_ERROR @ http://[::1]:5173/node_modules/.vite/deps/pusher-js.js?v=78e615f6:3255
[193301544ms] [ERROR] WebSocket connection to 'wss://localhost:8081/app/app-key?protocol=7&client=js&version=8.4.0&flash=false' failed: Error in connection establishment: net::ERR_SSL_PROTOCOL_ERROR @ http://[::1]:5173/node_modules/.vite/deps/pusher-js.js?v=78e615f6:3255
[193361550ms] [ERROR] WebSocket connection to 'wss://localhost:8081/app/app-key?protocol=7&client=js&version=8.4.0&flash=false' failed: Error in connection establishment: net::ERR_SSL_PROTOCOL_ERROR @ http://[::1]:5173/node_modules/.vite/deps/pusher-js.js?v=78e615f6:3255
[193421547ms] [ERROR] WebSocket connection to 'wss://localhost:8081/app/app-key?protocol=7&client=js&version=8.4.0&flash=false' failed: Error in connection establishment: net::ERR_SSL_PROTOCOL_ERROR @ http://[::1]:5173/node_modules/.vite/deps/pusher-js.js?v=78e615f6:3255
[193481549ms] [ERROR] WebSocket connection to 'wss://localhost:8081/app/app-key?protocol=7&client=js&version=8.4.0&flash=false' failed: Error in connection establishment: net::ERR_SSL_PROTOCOL_ERROR @ http://[::1]:5173/node_modules/.vite/deps/pusher-js.js?v=78e615f6:3255
[193541548ms] [ERROR] WebSocket connection to 'wss://localhost:8081/app/app-key?protocol=7&client=js&version=8.4.0&flash=false' failed: Error in connection establishment: net::ERR_SSL_PROTOCOL_ERROR @ http://[::1]:5173/node_modules/.vite/deps/pusher-js.js?v=78e615f6:3255
[193601551ms] [ERROR] WebSocket connection to 'wss://localhost:8081/app/app-key?protocol=7&client=js&version=8.4.0&flash=false' failed: Error in connection establishment: net::ERR_SSL_PROTOCOL_ERROR @ http://[::1]:5173/node_modules/.vite/deps/pusher-js.js?v=78e615f6:3255
[193661549ms] [ERROR] WebSocket connection to 'wss://localhost:8081/app/app-key?protocol=7&client=js&version=8.4.0&flash=false' failed: Error in connection establishment: net::ERR_SSL_PROTOCOL_ERROR @ http://[::1]:5173/node_modules/.vite/deps/pusher-js.js?v=78e615f6:3255
[193721553ms] [ERROR] WebSocket connection to 'wss://localhost:8081/app/app-key?protocol=7&client=js&version=8.4.0&flash=false' failed: Error in connection establishment: net::ERR_SSL_PROTOCOL_ERROR @ http://[::1]:5173/node_modules/.vite/deps/pusher-js.js?v=78e615f6:3255
[193781554ms] [ERROR] WebSocket connection to 'wss://localhost:8081/app/app-key?protocol=7&client=js&version=8.4.0&flash=false' failed: Error in connection establishment: net::ERR_SSL_PROTOCOL_ERROR @ http://[::1]:5173/node_modules/.vite/deps/pusher-js.js?v=78e615f6:3255
[193841559ms] [ERROR] WebSocket connection to 'wss://localhost:8081/app/app-key?protocol=7&client=js&version=8.4.0&flash=false' failed: Error in connection establishment: net::ERR_SSL_PROTOCOL_ERROR @ http://[::1]:5173/node_modules/.vite/deps/pusher-js.js?v=78e615f6:3255
[193901561ms] [ERROR] WebSocket connection to 'wss://localhost:8081/app/app-key?protocol=7&client=js&version=8.4.0&flash=false' failed: Error in connection establishment: net::ERR_SSL_PROTOCOL_ERROR @ http://[::1]:5173/node_modules/.vite/deps/pusher-js.js?v=78e615f6:3255
[193961561ms] [ERROR] WebSocket connection to 'wss://localhost:8081/app/app-key?protocol=7&client=js&version=8.4.0&flash=false' failed: Error in connection establishment: net::ERR_SSL_PROTOCOL_ERROR @ http://[::1]:5173/node_modules/.vite/deps/pusher-js.js?v=78e615f6:3255
[194021561ms] [ERROR] WebSocket connection to 'wss://localhost:8081/app/app-key?protocol=7&client=js&version=8.4.0&flash=false' failed: Error in connection establishment: net::ERR_SSL_PROTOCOL_ERROR @ http://[::1]:5173/node_modules/.vite/deps/pusher-js.js?v=78e615f6:3255
[194081562ms] [ERROR] WebSocket connection to 'wss://localhost:8081/app/app-key?protocol=7&client=js&version=8.4.0&flash=false' failed: Error in connection establishment: net::ERR_SSL_PROTOCOL_ERROR @ http://[::1]:5173/node_modules/.vite/deps/pusher-js.js?v=78e615f6:3255
[194141563ms] [ERROR] WebSocket connection to 'wss://localhost:8081/app/app-key?protocol=7&client=js&version=8.4.0&flash=false' failed: Error in connection establishment: net::ERR_SSL_PROTOCOL_ERROR @ http://[::1]:5173/node_modules/.vite/deps/pusher-js.js?v=78e615f6:3255
[194201569ms] [ERROR] WebSocket connection to 'wss://localhost:8081/app/app-key?protocol=7&client=js&version=8.4.0&flash=false' failed: Error in connection establishment: net::ERR_SSL_PROTOCOL_ERROR @ http://[::1]:5173/node_modules/.vite/deps/pusher-js.js?v=78e615f6:3255
[194261565ms] [ERROR] WebSocket connection to 'wss://localhost:8081/app/app-key?protocol=7&client=js&version=8.4.0&flash=false' failed: Error in connection establishment: net::ERR_SSL_PROTOCOL_ERROR @ http://[::1]:5173/node_modules/.vite/deps/pusher-js.js?v=78e615f6:3255
[194321574ms] [ERROR] WebSocket connection to 'wss://localhost:8081/app/app-key?protocol=7&client=js&version=8.4.0&flash=false' failed: Error in connection establishment: net::ERR_SSL_PROTOCOL_ERROR @ http://[::1]:5173/node_modules/.vite/deps/pusher-js.js?v=78e615f6:3255
[194381575ms] [ERROR] WebSocket connection to 'wss://localhost:8081/app/app-key?protocol=7&client=js&version=8.4.0&flash=false' failed: Error in connection establishment: net::ERR_SSL_PROTOCOL_ERROR @ http://[::1]:5173/node_modules/.vite/deps/pusher-js.js?v=78e615f6:3255
[194441573ms] [ERROR] WebSocket connection to 'wss://localhost:8081/app/app-key?protocol=7&client=js&version=8.4.0&flash=false' failed: Error in connection establishment: net::ERR_SSL_PROTOCOL_ERROR @ http://[::1]:5173/node_modules/.vite/deps/pusher-js.js?v=78e615f6:3255
[194501575ms] [ERROR] WebSocket connection to 'wss://localhost:8081/app/app-key?protocol=7&client=js&version=8.4.0&flash=false' failed: Error in connection establishment: net::ERR_SSL_PROTOCOL_ERROR @ http://[::1]:5173/node_modules/.vite/deps/pusher-js.js?v=78e615f6:3255
[194561587ms] [ERROR] WebSocket connection to 'wss://localhost:8081/app/app-key?protocol=7&client=js&version=8.4.0&flash=false' failed: Error in connection establishment: net::ERR_SSL_PROTOCOL_ERROR @ http://[::1]:5173/node_modules/.vite/deps/pusher-js.js?v=78e615f6:3255
[194621593ms] [ERROR] WebSocket connection to 'wss://localhost:8081/app/app-key?protocol=7&client=js&version=8.4.0&flash=false' failed: Error in connection establishment: net::ERR_SSL_PROTOCOL_ERROR @ http://[::1]:5173/node_modules/.vite/deps/pusher-js.js?v=78e615f6:3255
[194681583ms] [ERROR] WebSocket connection to 'wss://localhost:8081/app/app-key?protocol=7&client=js&version=8.4.0&flash=false' failed: Error in connection establishment: net::ERR_SSL_PROTOCOL_ERROR @ http://[::1]:5173/node_modules/.vite/deps/pusher-js.js?v=78e615f6:3255
[194741587ms] [ERROR] WebSocket connection to 'wss://localhost:8081/app/app-key?protocol=7&client=js&version=8.4.0&flash=false' failed: Error in connection establishment: net::ERR_SSL_PROTOCOL_ERROR @ http://[::1]:5173/node_modules/.vite/deps/pusher-js.js?v=78e615f6:3255
[194801581ms] [ERROR] WebSocket connection to 'wss://localhost:8081/app/app-key?protocol=7&client=js&version=8.4.0&flash=false' failed: Error in connection establishment: net::ERR_SSL_PROTOCOL_ERROR @ http://[::1]:5173/node_modules/.vite/deps/pusher-js.js?v=78e615f6:3255
[194861586ms] [ERROR] WebSocket connection to 'wss://localhost:8081/app/app-key?protocol=7&client=js&version=8.4.0&flash=false' failed: Error in connection establishment: net::ERR_SSL_PROTOCOL_ERROR @ http://[::1]:5173/node_modules/.vite/deps/pusher-js.js?v=78e615f6:3255
[194921584ms] [ERROR] WebSocket connection to 'wss://localhost:8081/app/app-key?protocol=7&client=js&version=8.4.0&flash=false' failed: Error in connection establishment: net::ERR_SSL_PROTOCOL_ERROR @ http://[::1]:5173/node_modules/.vite/deps/pusher-js.js?v=78e615f6:3255
[194981584ms] [ERROR] WebSocket connection to 'wss://localhost:8081/app/app-key?protocol=7&client=js&version=8.4.0&flash=false' failed: Error in connection establishment: net::ERR_SSL_PROTOCOL_ERROR @ http://[::1]:5173/node_modules/.vite/deps/pusher-js.js?v=78e615f6:3255
[195041593ms] [ERROR] WebSocket connection to 'wss://localhost:8081/app/app-key?protocol=7&client=js&version=8.4.0&flash=false' failed: Error in connection establishment: net::ERR_SSL_PROTOCOL_ERROR @ http://[::1]:5173/node_modules/.vite/deps/pusher-js.js?v=78e615f6:3255
[195101588ms] [ERROR] WebSocket connection to 'wss://localhost:8081/app/app-key?protocol=7&client=js&version=8.4.0&flash=false' failed: Error in connection establishment: net::ERR_SSL_PROTOCOL_ERROR @ http://[::1]:5173/node_modules/.vite/deps/pusher-js.js?v=78e615f6:3255
[195161594ms] [ERROR] WebSocket connection to 'wss://localhost:8081/app/app-key?protocol=7&client=js&version=8.4.0&flash=false' failed: Error in connection establishment: net::ERR_SSL_PROTOCOL_ERROR @ http://[::1]:5173/node_modules/.vite/deps/pusher-js.js?v=78e615f6:3255
[195221593ms] [ERROR] WebSocket connection to 'wss://localhost:8081/app/app-key?protocol=7&client=js&version=8.4.0&flash=false' failed: Error in connection establishment: net::ERR_SSL_PROTOCOL_ERROR @ http://[::1]:5173/node_modules/.vite/deps/pusher-js.js?v=78e615f6:3255
[195281592ms] [ERROR] WebSocket connection to 'wss://localhost:8081/app/app-key?protocol=7&client=js&version=8.4.0&flash=false' failed: Error in connection establishment: net::ERR_SSL_PROTOCOL_ERROR @ http://[::1]:5173/node_modules/.vite/deps/pusher-js.js?v=78e615f6:3255
[195341593ms] [ERROR] WebSocket connection to 'wss://localhost:8081/app/app-key?protocol=7&client=js&version=8.4.0&flash=false' failed: Error in connection establishment: net::ERR_SSL_PROTOCOL_ERROR @ http://[::1]:5173/node_modules/.vite/deps/pusher-js.js?v=78e615f6:3255
[195401598ms] [ERROR] WebSocket connection to 'wss://localhost:8081/app/app-key?protocol=7&client=js&version=8.4.0&flash=false' failed: Error in connection establishment: net::ERR_SSL_PROTOCOL_ERROR @ http://[::1]:5173/node_modules/.vite/deps/pusher-js.js?v=78e615f6:3255
[195461599ms] [ERROR] WebSocket connection to 'wss://localhost:8081/app/app-key?protocol=7&client=js&version=8.4.0&flash=false' failed: Error in connection establishment: net::ERR_SSL_PROTOCOL_ERROR @ http://[::1]:5173/node_modules/.vite/deps/pusher-js.js?v=78e615f6:3255
[195521598ms] [ERROR] WebSocket connection to 'wss://localhost:8081/app/app-key?protocol=7&client=js&version=8.4.0&flash=false' failed: Error in connection establishment: net::ERR_SSL_PROTOCOL_ERROR @ http://[::1]:5173/node_modules/.vite/deps/pusher-js.js?v=78e615f6:3255
[195581605ms] [ERROR] WebSocket connection to 'wss://localhost:8081/app/app-key?protocol=7&client=js&version=8.4.0&flash=false' failed: Error in connection establishment: net::ERR_SSL_PROTOCOL_ERROR @ http://[::1]:5173/node_modules/.vite/deps/pusher-js.js?v=78e615f6:3255
[195641606ms] [ERROR] WebSocket connection to 'wss://localhost:8081/app/app-key?protocol=7&client=js&version=8.4.0&flash=false' failed: Error in connection establishment: net::ERR_SSL_PROTOCOL_ERROR @ http://[::1]:5173/node_modules/.vite/deps/pusher-js.js?v=78e615f6:3255
[195701605ms] [ERROR] WebSocket connection to 'wss://localhost:8081/app/app-key?protocol=7&client=js&version=8.4.0&flash=false' failed: Error in connection establishment: net::ERR_SSL_PROTOCOL_ERROR @ http://[::1]:5173/node_modules/.vite/deps/pusher-js.js?v=78e615f6:3255
[195761608ms] [ERROR] WebSocket connection to 'wss://localhost:8081/app/app-key?protocol=7&client=js&version=8.4.0&flash=false' failed: Error in connection establishment: net::ERR_SSL_PROTOCOL_ERROR @ http://[::1]:5173/node_modules/.vite/deps/pusher-js.js?v=78e615f6:3255
[195821611ms] [ERROR] WebSocket connection to 'wss://localhost:8081/app/app-key?protocol=7&client=js&version=8.4.0&flash=false' failed: Error in connection establishment: net::ERR_SSL_PROTOCOL_ERROR @ http://[::1]:5173/node_modules/.vite/deps/pusher-js.js?v=78e615f6:3255
[195881608ms] [ERROR] WebSocket connection to 'wss://localhost:8081/app/app-key?protocol=7&client=js&version=8.4.0&flash=false' failed: Error in connection establishment: net::ERR_SSL_PROTOCOL_ERROR @ http://[::1]:5173/node_modules/.vite/deps/pusher-js.js?v=78e615f6:3255
[195941609ms] [ERROR] WebSocket connection to 'wss://localhost:8081/app/app-key?protocol=7&client=js&version=8.4.0&flash=false' failed: Error in connection establishment: net::ERR_SSL_PROTOCOL_ERROR @ http://[::1]:5173/node_modules/.vite/deps/pusher-js.js?v=78e615f6:3255
[196001574ms] [ERROR] WebSocket connection to 'wss://localhost:8081/app/app-key?protocol=7&client=js&version=8.4.0&flash=false' failed: Error in connection establishment: net::ERR_SSL_PROTOCOL_ERROR @ http://[::1]:5173/node_modules/.vite/deps/pusher-js.js?v=78e615f6:3255
[196061574ms] [ERROR] WebSocket connection to 'wss://localhost:8081/app/app-key?protocol=7&client=js&version=8.4.0&flash=false' failed: Error in connection establishment: net::ERR_SSL_PROTOCOL_ERROR @ http://[::1]:5173/node_modules/.vite/deps/pusher-js.js?v=78e615f6:3255
[196121581ms] [ERROR] WebSocket connection to 'wss://localhost:8081/app/app-key?protocol=7&client=js&version=8.4.0&flash=false' failed: Error in connection establishment: net::ERR_SSL_PROTOCOL_ERROR @ http://[::1]:5173/node_modules/.vite/deps/pusher-js.js?v=78e615f6:3255
[196181580ms] [ERROR] WebSocket connection to 'wss://localhost:8081/app/app-key?protocol=7&client=js&version=8.4.0&flash=false' failed: Error in connection establishment: net::ERR_SSL_PROTOCOL_ERROR @ http://[::1]:5173/node_modules/.vite/deps/pusher-js.js?v=78e615f6:3255
[196241578ms] [ERROR] WebSocket connection to 'wss://localhost:8081/app/app-key?protocol=7&client=js&version=8.4.0&flash=false' failed: Error in connection establishment: net::ERR_SSL_PROTOCOL_ERROR @ http://[::1]:5173/node_modules/.vite/deps/pusher-js.js?v=78e615f6:3255
[196301578ms] [ERROR] WebSocket connection to 'wss://localhost:8081/app/app-key?protocol=7&client=js&version=8.4.0&flash=false' failed: Error in connection establishment: net::ERR_SSL_PROTOCOL_ERROR @ http://[::1]:5173/node_modules/.vite/deps/pusher-js.js?v=78e615f6:3255
[196361582ms] [ERROR] WebSocket connection to 'wss://localhost:8081/app/app-key?protocol=7&client=js&version=8.4.0&flash=false' failed: Error in connection establishment: net::ERR_SSL_PROTOCOL_ERROR @ http://[::1]:5173/node_modules/.vite/deps/pusher-js.js?v=78e615f6:3255
[196421579ms] [ERROR] WebSocket connection to 'wss://localhost:8081/app/app-key?protocol=7&client=js&version=8.4.0&flash=false' failed: Error in connection establishment: net::ERR_SSL_PROTOCOL_ERROR @ http://[::1]:5173/node_modules/.vite/deps/pusher-js.js?v=78e615f6:3255
[196481580ms] [ERROR] WebSocket connection to 'wss://localhost:8081/app/app-key?protocol=7&client=js&version=8.4.0&flash=false' failed: Error in connection establishment: net::ERR_SSL_PROTOCOL_ERROR @ http://[::1]:5173/node_modules/.vite/deps/pusher-js.js?v=78e615f6:3255
[196541579ms] [ERROR] WebSocket connection to 'wss://localhost:8081/app/app-key?protocol=7&client=js&version=8.4.0&flash=false' failed: Error in connection establishment: net::ERR_SSL_PROTOCOL_ERROR @ http://[::1]:5173/node_modules/.vite/deps/pusher-js.js?v=78e615f6:3255
[196601588ms] [ERROR] WebSocket connection to 'wss://localhost:8081/app/app-key?protocol=7&client=js&version=8.4.0&flash=false' failed: Error in connection establishment: net::ERR_SSL_PROTOCOL_ERROR @ http://[::1]:5173/node_modules/.vite/deps/pusher-js.js?v=78e615f6:3255
[196661592ms] [ERROR] WebSocket connection to 'wss://localhost:8081/app/app-key?protocol=7&client=js&version=8.4.0&flash=false' failed: Error in connection establishment: net::ERR_SSL_PROTOCOL_ERROR @ http://[::1]:5173/node_modules/.vite/deps/pusher-js.js?v=78e615f6:3255
[196721580ms] [ERROR] WebSocket connection to 'wss://localhost:8081/app/app-key?protocol=7&client=js&version=8.4.0&flash=false' failed: Error in connection establishment: net::ERR_SSL_PROTOCOL_ERROR @ http://[::1]:5173/node_modules/.vite/deps/pusher-js.js?v=78e615f6:3255
[196781585ms] [ERROR] WebSocket connection to 'wss://localhost:8081/app/app-key?protocol=7&client=js&version=8.4.0&flash=false' failed: Error in connection establishment: net::ERR_SSL_PROTOCOL_ERROR @ http://[::1]:5173/node_modules/.vite/deps/pusher-js.js?v=78e615f6:3255
[196841588ms] [ERROR] WebSocket connection to 'wss://localhost:8081/app/app-key?protocol=7&client=js&version=8.4.0&flash=false' failed: Error in connection establishment: net::ERR_SSL_PROTOCOL_ERROR @ http://[::1]:5173/node_modules/.vite/deps/pusher-js.js?v=78e615f6:3255
[196901585ms] [ERROR] WebSocket connection to 'wss://localhost:8081/app/app-key?protocol=7&client=js&version=8.4.0&flash=false' failed: Error in connection establishment: net::ERR_SSL_PROTOCOL_ERROR @ http://[::1]:5173/node_modules/.vite/deps/pusher-js.js?v=78e615f6:3255
[196961597ms] [ERROR] WebSocket connection to 'wss://localhost:8081/app/app-key?protocol=7&client=js&version=8.4.0&flash=false' failed: Error in connection establishment: net::ERR_SSL_PROTOCOL_ERROR @ http://[::1]:5173/node_modules/.vite/deps/pusher-js.js?v=78e615f6:3255
[197021587ms] [ERROR] WebSocket connection to 'wss://localhost:8081/app/app-key?protocol=7&client=js&version=8.4.0&flash=false' failed: Error in connection establishment: net::ERR_SSL_PROTOCOL_ERROR @ http://[::1]:5173/node_modules/.vite/deps/pusher-js.js?v=78e615f6:3255
[197081593ms] [ERROR] WebSocket connection to 'wss://localhost:8081/app/app-key?protocol=7&client=js&version=8.4.0&flash=false' failed: Error in connection establishment: net::ERR_SSL_PROTOCOL_ERROR @ http://[::1]:5173/node_modules/.vite/deps/pusher-js.js?v=78e615f6:3255
[197141603ms] [ERROR] WebSocket connection to 'wss://localhost:8081/app/app-key?protocol=7&client=js&version=8.4.0&flash=false' failed: Error in connection establishment: net::ERR_SSL_PROTOCOL_ERROR @ http://[::1]:5173/node_modules/.vite/deps/pusher-js.js?v=78e615f6:3255
[197201596ms] [ERROR] WebSocket connection to 'wss://localhost:8081/app/app-key?protocol=7&client=js&version=8.4.0&flash=false' failed: Error in connection establishment: net::ERR_SSL_PROTOCOL_ERROR @ http://[::1]:5173/node_modules/.vite/deps/pusher-js.js?v=78e615f6:3255
[197261594ms] [ERROR] WebSocket connection to 'wss://localhost:8081/app/app-key?protocol=7&client=js&version=8.4.0&flash=false' failed: Error in connection establishment: net::ERR_SSL_PROTOCOL_ERROR @ http://[::1]:5173/node_modules/.vite/deps/pusher-js.js?v=78e615f6:3255
[197321594ms] [ERROR] WebSocket connection to 'wss://localhost:8081/app/app-key?protocol=7&client=js&version=8.4.0&flash=false' failed: Error in connection establishment: net::ERR_SSL_PROTOCOL_ERROR @ http://[::1]:5173/node_modules/.vite/deps/pusher-js.js?v=78e615f6:3255
[197381595ms] [ERROR] WebSocket connection to 'wss://localhost:8081/app/app-key?protocol=7&client=js&version=8.4.0&flash=false' failed: Error in connection establishment: net::ERR_SSL_PROTOCOL_ERROR @ http://[::1]:5173/node_modules/.vite/deps/pusher-js.js?v=78e615f6:3255
[197441596ms] [ERROR] WebSocket connection to 'wss://localhost:8081/app/app-key?protocol=7&client=js&version=8.4.0&flash=false' failed: Error in connection establishment: net::ERR_SSL_PROTOCOL_ERROR @ http://[::1]:5173/node_modules/.vite/deps/pusher-js.js?v=78e615f6:3255
[197501596ms] [ERROR] WebSocket connection to 'wss://localhost:8081/app/app-key?protocol=7&client=js&version=8.4.0&flash=false' failed: Error in connection establishment: net::ERR_SSL_PROTOCOL_ERROR @ http://[::1]:5173/node_modules/.vite/deps/pusher-js.js?v=78e615f6:3255
[197561607ms] [ERROR] WebSocket connection to 'wss://localhost:8081/app/app-key?protocol=7&client=js&version=8.4.0&flash=false' failed: Error in connection establishment: net::ERR_SSL_PROTOCOL_ERROR @ http://[::1]:5173/node_modules/.vite/deps/pusher-js.js?v=78e615f6:3255
[197621601ms] [ERROR] WebSocket connection to 'wss://localhost:8081/app/app-key?protocol=7&client=js&version=8.4.0&flash=false' failed: Error in connection establishment: net::ERR_SSL_PROTOCOL_ERROR @ http://[::1]:5173/node_modules/.vite/deps/pusher-js.js?v=78e615f6:3255
[197681602ms] [ERROR] WebSocket connection to 'wss://localhost:8081/app/app-key?protocol=7&client=js&version=8.4.0&flash=false' failed: Error in connection establishment: net::ERR_SSL_PROTOCOL_ERROR @ http://[::1]:5173/node_modules/.vite/deps/pusher-js.js?v=78e615f6:3255
[197741602ms] [ERROR] WebSocket connection to 'wss://localhost:8081/app/app-key?protocol=7&client=js&version=8.4.0&flash=false' failed: Error in connection establishment: net::ERR_SSL_PROTOCOL_ERROR @ http://[::1]:5173/node_modules/.vite/deps/pusher-js.js?v=78e615f6:3255
[197801603ms] [ERROR] WebSocket connection to 'wss://localhost:8081/app/app-key?protocol=7&client=js&version=8.4.0&flash=false' failed: Error in connection establishment: net::ERR_SSL_PROTOCOL_ERROR @ http://[::1]:5173/node_modules/.vite/deps/pusher-js.js?v=78e615f6:3255
[197861602ms] [ERROR] WebSocket connection to 'wss://localhost:8081/app/app-key?protocol=7&client=js&version=8.4.0&flash=false' failed: Error in connection establishment: net::ERR_SSL_PROTOCOL_ERROR @ http://[::1]:5173/node_modules/.vite/deps/pusher-js.js?v=78e615f6:3255
[197921615ms] [ERROR] WebSocket connection to 'wss://localhost:8081/app/app-key?protocol=7&client=js&version=8.4.0&flash=false' failed: Error in connection establishment: net::ERR_SSL_PROTOCOL_ERROR @ http://[::1]:5173/node_modules/.vite/deps/pusher-js.js?v=78e615f6:3255
[197981614ms] [ERROR] WebSocket connection to 'wss://localhost:8081/app/app-key?protocol=7&client=js&version=8.4.0&flash=false' failed: Error in connection establishment: net::ERR_SSL_PROTOCOL_ERROR @ http://[::1]:5173/node_modules/.vite/deps/pusher-js.js?v=78e615f6:3255
[198041621ms] [ERROR] WebSocket connection to 'wss://localhost:8081/app/app-key?protocol=7&client=js&version=8.4.0&flash=false' failed: Error in connection establishment: net::ERR_SSL_PROTOCOL_ERROR @ http://[::1]:5173/node_modules/.vite/deps/pusher-js.js?v=78e615f6:3255
[198101615ms] [ERROR] WebSocket connection to 'wss://localhost:8081/app/app-key?protocol=7&client=js&version=8.4.0&flash=false' failed: Error in connection establishment: net::ERR_SSL_PROTOCOL_ERROR @ http://[::1]:5173/node_modules/.vite/deps/pusher-js.js?v=78e615f6:3255
[198161619ms] [ERROR] WebSocket connection to 'wss://localhost:8081/app/app-key?protocol=7&client=js&version=8.4.0&flash=false' failed: Error in connection establishment: net::ERR_SSL_PROTOCOL_ERROR @ http://[::1]:5173/node_modules/.vite/deps/pusher-js.js?v=78e615f6:3255
[198221616ms] [ERROR] WebSocket connection to 'wss://localhost:8081/app/app-key?protocol=7&client=js&version=8.4.0&flash=false' failed: Error in connection establishment: net::ERR_SSL_PROTOCOL_ERROR @ http://[::1]:5173/node_modules/.vite/deps/pusher-js.js?v=78e615f6:3255
[198281623ms] [ERROR] WebSocket connection to 'wss://localhost:8081/app/app-key?protocol=7&client=js&version=8.4.0&flash=false' failed: Error in connection establishment: net::ERR_SSL_PROTOCOL_ERROR @ http://[::1]:5173/node_modules/.vite/deps/pusher-js.js?v=78e615f6:3255
[198341623ms] [ERROR] WebSocket connection to 'wss://localhost:8081/app/app-key?protocol=7&client=js&version=8.4.0&flash=false' failed: Error in connection establishment: net::ERR_SSL_PROTOCOL_ERROR @ http://[::1]:5173/node_modules/.vite/deps/pusher-js.js?v=78e615f6:3255
[198401619ms] [ERROR] WebSocket connection to 'wss://localhost:8081/app/app-key?protocol=7&client=js&version=8.4.0&flash=false' failed: Error in connection establishment: net::ERR_SSL_PROTOCOL_ERROR @ http://[::1]:5173/node_modules/.vite/deps/pusher-js.js?v=78e615f6:3255
[198461625ms] [ERROR] WebSocket connection to 'wss://localhost:8081/app/app-key?protocol=7&client=js&version=8.4.0&flash=false' failed: Error in connection establishment: net::ERR_SSL_PROTOCOL_ERROR @ http://[::1]:5173/node_modules/.vite/deps/pusher-js.js?v=78e615f6:3255
[198521629ms] [ERROR] WebSocket connection to 'wss://localhost:8081/app/app-key?protocol=7&client=js&version=8.4.0&flash=false' failed: Error in connection establishment: net::ERR_SSL_PROTOCOL_ERROR @ http://[::1]:5173/node_modules/.vite/deps/pusher-js.js?v=78e615f6:3255
[198581627ms] [ERROR] WebSocket connection to 'wss://localhost:8081/app/app-key?protocol=7&client=js&version=8.4.0&flash=false' failed: Error in connection establishment: net::ERR_SSL_PROTOCOL_ERROR @ http://[::1]:5173/node_modules/.vite/deps/pusher-js.js?v=78e615f6:3255
[198641619ms] [ERROR] WebSocket connection to 'wss://localhost:8081/app/app-key?protocol=7&client=js&version=8.4.0&flash=false' failed: Error in connection establishment: net::ERR_SSL_PROTOCOL_ERROR @ http://[::1]:5173/node_modules/.vite/deps/pusher-js.js?v=78e615f6:3255
[198701627ms] [ERROR] WebSocket connection to 'wss://localhost:8081/app/app-key?protocol=7&client=js&version=8.4.0&flash=false' failed: Error in connection establishment: net::ERR_SSL_PROTOCOL_ERROR @ http://[::1]:5173/node_modules/.vite/deps/pusher-js.js?v=78e615f6:3255
[198761631ms] [ERROR] WebSocket connection to 'wss://localhost:8081/app/app-key?protocol=7&client=js&version=8.4.0&flash=false' failed: Error in connection establishment: net::ERR_SSL_PROTOCOL_ERROR @ http://[::1]:5173/node_modules/.vite/deps/pusher-js.js?v=78e615f6:3255
[198821630ms] [ERROR] WebSocket connection to 'wss://localhost:8081/app/app-key?protocol=7&client=js&version=8.4.0&flash=false' failed: Error in connection establishment: net::ERR_SSL_PROTOCOL_ERROR @ http://[::1]:5173/node_modules/.vite/deps/pusher-js.js?v=78e615f6:3255
[198881633ms] [ERROR] WebSocket connection to 'wss://localhost:8081/app/app-key?protocol=7&client=js&version=8.4.0&flash=false' failed: Error in connection establishment: net::ERR_SSL_PROTOCOL_ERROR @ http://[::1]:5173/node_modules/.vite/deps/pusher-js.js?v=78e615f6:3255
[198941629ms] [ERROR] WebSocket connection to 'wss://localhost:8081/app/app-key?protocol=7&client=js&version=8.4.0&flash=false' failed: Error in connection establishment: net::ERR_SSL_PROTOCOL_ERROR @ http://[::1]:5173/node_modules/.vite/deps/pusher-js.js?v=78e615f6:3255
[199001631ms] [ERROR] WebSocket connection to 'wss://localhost:8081/app/app-key?protocol=7&client=js&version=8.4.0&flash=false' failed: Error in connection establishment: net::ERR_SSL_PROTOCOL_ERROR @ http://[::1]:5173/node_modules/.vite/deps/pusher-js.js?v=78e615f6:3255
[199061633ms] [ERROR] WebSocket connection to 'wss://localhost:8081/app/app-key?protocol=7&client=js&version=8.4.0&flash=false' failed: Error in connection establishment: net::ERR_SSL_PROTOCOL_ERROR @ http://[::1]:5173/node_modules/.vite/deps/pusher-js.js?v=78e615f6:3255
[199121638ms] [ERROR] WebSocket connection to 'wss://localhost:8081/app/app-key?protocol=7&client=js&version=8.4.0&flash=false' failed: Error in connection establishment: net::ERR_SSL_PROTOCOL_ERROR @ http://[::1]:5173/node_modules/.vite/deps/pusher-js.js?v=78e615f6:3255
[199181636ms] [ERROR] WebSocket connection to 'wss://localhost:8081/app/app-key?protocol=7&client=js&version=8.4.0&flash=false' failed: Error in connection establishment: net::ERR_SSL_PROTOCOL_ERROR @ http://[::1]:5173/node_modules/.vite/deps/pusher-js.js?v=78e615f6:3255
[199241641ms] [ERROR] WebSocket connection to 'wss://localhost:8081/app/app-key?protocol=7&client=js&version=8.4.0&flash=false' failed: Error in connection establishment: net::ERR_SSL_PROTOCOL_ERROR @ http://[::1]:5173/node_modules/.vite/deps/pusher-js.js?v=78e615f6:3255
[199301641ms] [ERROR] WebSocket connection to 'wss://localhost:8081/app/app-key?protocol=7&client=js&version=8.4.0&flash=false' failed: Error in connection establishment: net::ERR_SSL_PROTOCOL_ERROR @ http://[::1]:5173/node_modules/.vite/deps/pusher-js.js?v=78e615f6:3255
[199361635ms] [ERROR] WebSocket connection to 'wss://localhost:8081/app/app-key?protocol=7&client=js&version=8.4.0&flash=false' failed: Error in connection establishment: net::ERR_SSL_PROTOCOL_ERROR @ http://[::1]:5173/node_modules/.vite/deps/pusher-js.js?v=78e615f6:3255
[199421640ms] [ERROR] WebSocket connection to 'wss://localhost:8081/app/app-key?protocol=7&client=js&version=8.4.0&flash=false' failed: Error in connection establishment: net::ERR_SSL_PROTOCOL_ERROR @ http://[::1]:5173/node_modules/.vite/deps/pusher-js.js?v=78e615f6:3255
[199481640ms] [ERROR] WebSocket connection to 'wss://localhost:8081/app/app-key?protocol=7&client=js&version=8.4.0&flash=false' failed: Error in connection establishment: net::ERR_SSL_PROTOCOL_ERROR @ http://[::1]:5173/node_modules/.vite/deps/pusher-js.js?v=78e615f6:3255
[199541642ms] [ERROR] WebSocket connection to 'wss://localhost:8081/app/app-key?protocol=7&client=js&version=8.4.0&flash=false' failed: Error in connection establishment: net::ERR_SSL_PROTOCOL_ERROR @ http://[::1]:5173/node_modules/.vite/deps/pusher-js.js?v=78e615f6:3255
[199601651ms] [ERROR] WebSocket connection to 'wss://localhost:8081/app/app-key?protocol=7&client=js&version=8.4.0&flash=false' failed: Error in connection establishment: net::ERR_SSL_PROTOCOL_ERROR @ http://[::1]:5173/node_modules/.vite/deps/pusher-js.js?v=78e615f6:3255
[199661648ms] [ERROR] WebSocket connection to 'wss://localhost:8081/app/app-key?protocol=7&client=js&version=8.4.0&flash=false' failed: Error in connection establishment: net::ERR_SSL_PROTOCOL_ERROR @ http://[::1]:5173/node_modules/.vite/deps/pusher-js.js?v=78e615f6:3255
[199721661ms] [ERROR] WebSocket connection to 'wss://localhost:8081/app/app-key?protocol=7&client=js&version=8.4.0&flash=false' failed: Error in connection establishment: net::ERR_SSL_PROTOCOL_ERROR @ http://[::1]:5173/node_modules/.vite/deps/pusher-js.js?v=78e615f6:3255
[199781646ms] [ERROR] WebSocket connection to 'wss://localhost:8081/app/app-key?protocol=7&client=js&version=8.4.0&flash=false' failed: Error in connection establishment: net::ERR_SSL_PROTOCOL_ERROR @ http://[::1]:5173/node_modules/.vite/deps/pusher-js.js?v=78e615f6:3255
[199841660ms] [ERROR] WebSocket connection to 'wss://localhost:8081/app/app-key?protocol=7&client=js&version=8.4.0&flash=false' failed: Error in connection establishment: net::ERR_SSL_PROTOCOL_ERROR @ http://[::1]:5173/node_modules/.vite/deps/pusher-js.js?v=78e615f6:3255
[199901675ms] [ERROR] WebSocket connection to 'wss://localhost:8081/app/app-key?protocol=7&client=js&version=8.4.0&flash=false' failed: Error in connection establishment: net::ERR_SSL_PROTOCOL_ERROR @ http://[::1]:5173/node_modules/.vite/deps/pusher-js.js?v=78e615f6:3255
[199961671ms] [ERROR] WebSocket connection to 'wss://localhost:8081/app/app-key?protocol=7&client=js&version=8.4.0&flash=false' failed: Error in connection establishment: net::ERR_SSL_PROTOCOL_ERROR @ http://[::1]:5173/node_modules/.vite/deps/pusher-js.js?v=78e615f6:3255
[200021682ms] [ERROR] WebSocket connection to 'wss://localhost:8081/app/app-key?protocol=7&client=js&version=8.4.0&flash=false' failed: Error in connection establishment: net::ERR_SSL_PROTOCOL_ERROR @ http://[::1]:5173/node_modules/.vite/deps/pusher-js.js?v=78e615f6:3255
[200081680ms] [ERROR] WebSocket connection to 'wss://localhost:8081/app/app-key?protocol=7&client=js&version=8.4.0&flash=false' failed: Error in connection establishment: net::ERR_SSL_PROTOCOL_ERROR @ http://[::1]:5173/node_modules/.vite/deps/pusher-js.js?v=78e615f6:3255
[200141679ms] [ERROR] WebSocket connection to 'wss://localhost:8081/app/app-key?protocol=7&client=js&version=8.4.0&flash=false' failed: Error in connection establishment: net::ERR_SSL_PROTOCOL_ERROR @ http://[::1]:5173/node_modules/.vite/deps/pusher-js.js?v=78e615f6:3255
[200201679ms] [ERROR] WebSocket connection to 'wss://localhost:8081/app/app-key?protocol=7&client=js&version=8.4.0&flash=false' failed: Error in connection establishment: net::ERR_SSL_PROTOCOL_ERROR @ http://[::1]:5173/node_modules/.vite/deps/pusher-js.js?v=78e615f6:3255
[200261687ms] [ERROR] WebSocket connection to 'wss://localhost:8081/app/app-key?protocol=7&client=js&version=8.4.0&flash=false' failed: Error in connection establishment: net::ERR_SSL_PROTOCOL_ERROR @ http://[::1]:5173/node_modules/.vite/deps/pusher-js.js?v=78e615f6:3255
[200321680ms] [ERROR] WebSocket connection to 'wss://localhost:8081/app/app-key?protocol=7&client=js&version=8.4.0&flash=false' failed: Error in connection establishment: net::ERR_SSL_PROTOCOL_ERROR @ http://[::1]:5173/node_modules/.vite/deps/pusher-js.js?v=78e615f6:3255
[200381682ms] [ERROR] WebSocket connection to 'wss://localhost:8081/app/app-key?protocol=7&client=js&version=8.4.0&flash=false' failed: Error in connection establishment: net::ERR_SSL_PROTOCOL_ERROR @ http://[::1]:5173/node_modules/.vite/deps/pusher-js.js?v=78e615f6:3255
[200441684ms] [ERROR] WebSocket connection to 'wss://localhost:8081/app/app-key?protocol=7&client=js&version=8.4.0&flash=false' failed: Error in connection establishment: net::ERR_SSL_PROTOCOL_ERROR @ http://[::1]:5173/node_modules/.vite/deps/pusher-js.js?v=78e615f6:3255
[200501683ms] [ERROR] WebSocket connection to 'wss://localhost:8081/app/app-key?protocol=7&client=js&version=8.4.0&flash=false' failed: Error in connection establishment: net::ERR_SSL_PROTOCOL_ERROR @ http://[::1]:5173/node_modules/.vite/deps/pusher-js.js?v=78e615f6:3255
[200561688ms] [ERROR] WebSocket connection to 'wss://localhost:8081/app/app-key?protocol=7&client=js&version=8.4.0&flash=false' failed: Error in connection establishment: net::ERR_SSL_PROTOCOL_ERROR @ http://[::1]:5173/node_modules/.vite/deps/pusher-js.js?v=78e615f6:3255
[200621693ms] [ERROR] WebSocket connection to 'wss://localhost:8081/app/app-key?protocol=7&client=js&version=8.4.0&flash=false' failed: Error in connection establishment: net::ERR_SSL_PROTOCOL_ERROR @ http://[::1]:5173/node_modules/.vite/deps/pusher-js.js?v=78e615f6:3255
[200681691ms] [ERROR] WebSocket connection to 'wss://localhost:8081/app/app-key?protocol=7&client=js&version=8.4.0&flash=false' failed: Error in connection establishment: net::ERR_SSL_PROTOCOL_ERROR @ http://[::1]:5173/node_modules/.vite/deps/pusher-js.js?v=78e615f6:3255
[200741691ms] [ERROR] WebSocket connection to 'wss://localhost:8081/app/app-key?protocol=7&client=js&version=8.4.0&flash=false' failed: Error in connection establishment: net::ERR_SSL_PROTOCOL_ERROR @ http://[::1]:5173/node_modules/.vite/deps/pusher-js.js?v=78e615f6:3255
[200801691ms] [ERROR] WebSocket connection to 'wss://localhost:8081/app/app-key?protocol=7&client=js&version=8.4.0&flash=false' failed: Error in connection establishment: net::ERR_SSL_PROTOCOL_ERROR @ http://[::1]:5173/node_modules/.vite/deps/pusher-js.js?v=78e615f6:3255
[200861691ms] [ERROR] WebSocket connection to 'wss://localhost:8081/app/app-key?protocol=7&client=js&version=8.4.0&flash=false' failed: Error in connection establishment: net::ERR_SSL_PROTOCOL_ERROR @ http://[::1]:5173/node_modules/.vite/deps/pusher-js.js?v=78e615f6:3255
[200921696ms] [ERROR] WebSocket connection to 'wss://localhost:8081/app/app-key?protocol=7&client=js&version=8.4.0&flash=false' failed: Error in connection establishment: net::ERR_SSL_PROTOCOL_ERROR @ http://[::1]:5173/node_modules/.vite/deps/pusher-js.js?v=78e615f6:3255
[200981703ms] [ERROR] WebSocket connection to 'wss://localhost:8081/app/app-key?protocol=7&client=js&version=8.4.0&flash=false' failed: Error in connection establishment: net::ERR_SSL_PROTOCOL_ERROR @ http://[::1]:5173/node_modules/.vite/deps/pusher-js.js?v=78e615f6:3255
[201041705ms] [ERROR] WebSocket connection to 'wss://localhost:8081/app/app-key?protocol=7&client=js&version=8.4.0&flash=false' failed: Error in connection establishment: net::ERR_SSL_PROTOCOL_ERROR @ http://[::1]:5173/node_modules/.vite/deps/pusher-js.js?v=78e615f6:3255
[201101696ms] [ERROR] WebSocket connection to 'wss://localhost:8081/app/app-key?protocol=7&client=js&version=8.4.0&flash=false' failed: Error in connection establishment: net::ERR_SSL_PROTOCOL_ERROR @ http://[::1]:5173/node_modules/.vite/deps/pusher-js.js?v=78e615f6:3255
[201161706ms] [ERROR] WebSocket connection to 'wss://localhost:8081/app/app-key?protocol=7&client=js&version=8.4.0&flash=false' failed: Error in connection establishment: net::ERR_SSL_PROTOCOL_ERROR @ http://[::1]:5173/node_modules/.vite/deps/pusher-js.js?v=78e615f6:3255
[201221704ms] [ERROR] WebSocket connection to 'wss://localhost:8081/app/app-key?protocol=7&client=js&version=8.4.0&flash=false' failed: Error in connection establishment: net::ERR_SSL_PROTOCOL_ERROR @ http://[::1]:5173/node_modules/.vite/deps/pusher-js.js?v=78e615f6:3255
[201281710ms] [ERROR] WebSocket connection to 'wss://localhost:8081/app/app-key?protocol=7&client=js&version=8.4.0&flash=false' failed: Error in connection establishment: net::ERR_SSL_PROTOCOL_ERROR @ http://[::1]:5173/node_modules/.vite/deps/pusher-js.js?v=78e615f6:3255
[201341702ms] [ERROR] WebSocket connection to 'wss://localhost:8081/app/app-key?protocol=7&client=js&version=8.4.0&flash=false' failed: Error in connection establishment: net::ERR_SSL_PROTOCOL_ERROR @ http://[::1]:5173/node_modules/.vite/deps/pusher-js.js?v=78e615f6:3255
[201401709ms] [ERROR] WebSocket connection to 'wss://localhost:8081/app/app-key?protocol=7&client=js&version=8.4.0&flash=false' failed: Error in connection establishment: net::ERR_SSL_PROTOCOL_ERROR @ http://[::1]:5173/node_modules/.vite/deps/pusher-js.js?v=78e615f6:3255
[201461713ms] [ERROR] WebSocket connection to 'wss://localhost:8081/app/app-key?protocol=7&client=js&version=8.4.0&flash=false' failed: Error in connection establishment: net::ERR_SSL_PROTOCOL_ERROR @ http://[::1]:5173/node_modules/.vite/deps/pusher-js.js?v=78e615f6:3255
[201521713ms] [ERROR] WebSocket connection to 'wss://localhost:8081/app/app-key?protocol=7&client=js&version=8.4.0&flash=false' failed: Error in connection establishment: net::ERR_SSL_PROTOCOL_ERROR @ http://[::1]:5173/node_modules/.vite/deps/pusher-js.js?v=78e615f6:3255
[201581714ms] [ERROR] WebSocket connection to 'wss://localhost:8081/app/app-key?protocol=7&client=js&version=8.4.0&flash=false' failed: Error in connection establishment: net::ERR_SSL_PROTOCOL_ERROR @ http://[::1]:5173/node_modules/.vite/deps/pusher-js.js?v=78e615f6:3255
[201641712ms] [ERROR] WebSocket connection to 'wss://localhost:8081/app/app-key?protocol=7&client=js&version=8.4.0&flash=false' failed: Error in connection establishment: net::ERR_SSL_PROTOCOL_ERROR @ http://[::1]:5173/node_modules/.vite/deps/pusher-js.js?v=78e615f6:3255
[201701716ms] [ERROR] WebSocket connection to 'wss://localhost:8081/app/app-key?protocol=7&client=js&version=8.4.0&flash=false' failed: Error in connection establishment: net::ERR_SSL_PROTOCOL_ERROR @ http://[::1]:5173/node_modules/.vite/deps/pusher-js.js?v=78e615f6:3255
[201761718ms] [ERROR] WebSocket connection to 'wss://localhost:8081/app/app-key?protocol=7&client=js&version=8.4.0&flash=false' failed: Error in connection establishment: net::ERR_SSL_PROTOCOL_ERROR @ http://[::1]:5173/node_modules/.vite/deps/pusher-js.js?v=78e615f6:3255
[201821719ms] [ERROR] WebSocket connection to 'wss://localhost:8081/app/app-key?protocol=7&client=js&version=8.4.0&flash=false' failed: Error in connection establishment: net::ERR_SSL_PROTOCOL_ERROR @ http://[::1]:5173/node_modules/.vite/deps/pusher-js.js?v=78e615f6:3255
[201881653ms] [ERROR] WebSocket connection to 'wss://localhost:8081/app/app-key?protocol=7&client=js&version=8.4.0&flash=false' failed: Error in connection establishment: net::ERR_SSL_PROTOCOL_ERROR @ http://[::1]:5173/node_modules/.vite/deps/pusher-js.js?v=78e615f6:3255
[201941653ms] [ERROR] WebSocket connection to 'wss://localhost:8081/app/app-key?protocol=7&client=js&version=8.4.0&flash=false' failed: Error in connection establishment: net::ERR_SSL_PROTOCOL_ERROR @ http://[::1]:5173/node_modules/.vite/deps/pusher-js.js?v=78e615f6:3255
[202001655ms] [ERROR] WebSocket connection to 'wss://localhost:8081/app/app-key?protocol=7&client=js&version=8.4.0&flash=false' failed: Error in connection establishment: net::ERR_SSL_PROTOCOL_ERROR @ http://[::1]:5173/node_modules/.vite/deps/pusher-js.js?v=78e615f6:3255
[202061662ms] [ERROR] WebSocket connection to 'wss://localhost:8081/app/app-key?protocol=7&client=js&version=8.4.0&flash=false' failed: Error in connection establishment: net::ERR_SSL_PROTOCOL_ERROR @ http://[::1]:5173/node_modules/.vite/deps/pusher-js.js?v=78e615f6:3255
[202121657ms] [ERROR] WebSocket connection to 'wss://localhost:8081/app/app-key?protocol=7&client=js&version=8.4.0&flash=false' failed: Error in connection establishment: net::ERR_SSL_PROTOCOL_ERROR @ http://[::1]:5173/node_modules/.vite/deps/pusher-js.js?v=78e615f6:3255
[202181652ms] [ERROR] WebSocket connection to 'wss://localhost:8081/app/app-key?protocol=7&client=js&version=8.4.0&flash=false' failed: Error in connection establishment: net::ERR_SSL_PROTOCOL_ERROR @ http://[::1]:5173/node_modules/.vite/deps/pusher-js.js?v=78e615f6:3255
[202241655ms] [ERROR] WebSocket connection to 'wss://localhost:8081/app/app-key?protocol=7&client=js&version=8.4.0&flash=false' failed: Error in connection establishment: net::ERR_SSL_PROTOCOL_ERROR @ http://[::1]:5173/node_modules/.vite/deps/pusher-js.js?v=78e615f6:3255
[202301660ms] [ERROR] WebSocket connection to 'wss://localhost:8081/app/app-key?protocol=7&client=js&version=8.4.0&flash=false' failed: Error in connection establishment: net::ERR_SSL_PROTOCOL_ERROR @ http://[::1]:5173/node_modules/.vite/deps/pusher-js.js?v=78e615f6:3255
[202361664ms] [ERROR] WebSocket connection to 'wss://localhost:8081/app/app-key?protocol=7&client=js&version=8.4.0&flash=false' failed: Error in connection establishment: net::ERR_SSL_PROTOCOL_ERROR @ http://[::1]:5173/node_modules/.vite/deps/pusher-js.js?v=78e615f6:3255
[202421651ms] [ERROR] WebSocket connection to 'wss://localhost:8081/app/app-key?protocol=7&client=js&version=8.4.0&flash=false' failed: Error in connection establishment: net::ERR_SSL_PROTOCOL_ERROR @ http://[::1]:5173/node_modules/.vite/deps/pusher-js.js?v=78e615f6:3255
[202481659ms] [ERROR] WebSocket connection to 'wss://localhost:8081/app/app-key?protocol=7&client=js&version=8.4.0&flash=false' failed: Error in connection establishment: net::ERR_SSL_PROTOCOL_ERROR @ http://[::1]:5173/node_modules/.vite/deps/pusher-js.js?v=78e615f6:3255
[202541659ms] [ERROR] WebSocket connection to 'wss://localhost:8081/app/app-key?protocol=7&client=js&version=8.4.0&flash=false' failed: Error in connection establishment: net::ERR_SSL_PROTOCOL_ERROR @ http://[::1]:5173/node_modules/.vite/deps/pusher-js.js?v=78e615f6:3255
[202601661ms] [ERROR] WebSocket connection to 'wss://localhost:8081/app/app-key?protocol=7&client=js&version=8.4.0&flash=false' failed: Error in connection establishment: net::ERR_SSL_PROTOCOL_ERROR @ http://[::1]:5173/node_modules/.vite/deps/pusher-js.js?v=78e615f6:3255
[202661653ms] [ERROR] WebSocket connection to 'wss://localhost:8081/app/app-key?protocol=7&client=js&version=8.4.0&flash=false' failed: Error in connection establishment: net::ERR_SSL_PROTOCOL_ERROR @ http://[::1]:5173/node_modules/.vite/deps/pusher-js.js?v=78e615f6:3255
[202721658ms] [ERROR] WebSocket connection to 'wss://localhost:8081/app/app-key?protocol=7&client=js&version=8.4.0&flash=false' failed: Error in connection establishment: net::ERR_SSL_PROTOCOL_ERROR @ http://[::1]:5173/node_modules/.vite/deps/pusher-js.js?v=78e615f6:3255
[202781662ms] [ERROR] WebSocket connection to 'wss://localhost:8081/app/app-key?protocol=7&client=js&version=8.4.0&flash=false' failed: Error in connection establishment: net::ERR_SSL_PROTOCOL_ERROR @ http://[::1]:5173/node_modules/.vite/deps/pusher-js.js?v=78e615f6:3255
[202841661ms] [ERROR] WebSocket connection to 'wss://localhost:8081/app/app-key?protocol=7&client=js&version=8.4.0&flash=false' failed: Error in connection establishment: net::ERR_SSL_PROTOCOL_ERROR @ http://[::1]:5173/node_modules/.vite/deps/pusher-js.js?v=78e615f6:3255
[202901658ms] [ERROR] WebSocket connection to 'wss://localhost:8081/app/app-key?protocol=7&client=js&version=8.4.0&flash=false' failed: Error in connection establishment: net::ERR_SSL_PROTOCOL_ERROR @ http://[::1]:5173/node_modules/.vite/deps/pusher-js.js?v=78e615f6:3255
[202961670ms] [ERROR] WebSocket connection to 'wss://localhost:8081/app/app-key?protocol=7&client=js&version=8.4.0&flash=false' failed: Error in connection establishment: net::ERR_SSL_PROTOCOL_ERROR @ http://[::1]:5173/node_modules/.vite/deps/pusher-js.js?v=78e615f6:3255
[203021660ms] [ERROR] WebSocket connection to 'wss://localhost:8081/app/app-key?protocol=7&client=js&version=8.4.0&flash=false' failed: Error in connection establishment: net::ERR_SSL_PROTOCOL_ERROR @ http://[::1]:5173/node_modules/.vite/deps/pusher-js.js?v=78e615f6:3255
[203081661ms] [ERROR] WebSocket connection to 'wss://localhost:8081/app/app-key?protocol=7&client=js&version=8.4.0&flash=false' failed: Error in connection establishment: net::ERR_SSL_PROTOCOL_ERROR @ http://[::1]:5173/node_modules/.vite/deps/pusher-js.js?v=78e615f6:3255
[203141665ms] [ERROR] WebSocket connection to 'wss://localhost:8081/app/app-key?protocol=7&client=js&version=8.4.0&flash=false' failed: Error in connection establishment: net::ERR_SSL_PROTOCOL_ERROR @ http://[::1]:5173/node_modules/.vite/deps/pusher-js.js?v=78e615f6:3255
[203201661ms] [ERROR] WebSocket connection to 'wss://localhost:8081/app/app-key?protocol=7&client=js&version=8.4.0&flash=false' failed: Error in connection establishment: net::ERR_SSL_PROTOCOL_ERROR @ http://[::1]:5173/node_modules/.vite/deps/pusher-js.js?v=78e615f6:3255
[203261668ms] [ERROR] WebSocket connection to 'wss://localhost:8081/app/app-key?protocol=7&client=js&version=8.4.0&flash=false' failed: Error in connection establishment: net::ERR_SSL_PROTOCOL_ERROR @ http://[::1]:5173/node_modules/.vite/deps/pusher-js.js?v=78e615f6:3255
[203321657ms] [ERROR] WebSocket connection to 'wss://localhost:8081/app/app-key?protocol=7&client=js&version=8.4.0&flash=false' failed: Error in connection establishment: net::ERR_SSL_PROTOCOL_ERROR @ http://[::1]:5173/node_modules/.vite/deps/pusher-js.js?v=78e615f6:3255
[203381661ms] [ERROR] WebSocket connection to 'wss://localhost:8081/app/app-key?protocol=7&client=js&version=8.4.0&flash=false' failed: Error in connection establishment: net::ERR_SSL_PROTOCOL_ERROR @ http://[::1]:5173/node_modules/.vite/deps/pusher-js.js?v=78e615f6:3255
[203441676ms] [ERROR] WebSocket connection to 'wss://localhost:8081/app/app-key?protocol=7&client=js&version=8.4.0&flash=false' failed: Error in connection establishment: net::ERR_SSL_PROTOCOL_ERROR @ http://[::1]:5173/node_modules/.vite/deps/pusher-js.js?v=78e615f6:3255
[203501663ms] [ERROR] WebSocket connection to 'wss://localhost:8081/app/app-key?protocol=7&client=js&version=8.4.0&flash=false' failed: Error in connection establishment: net::ERR_SSL_PROTOCOL_ERROR @ http://[::1]:5173/node_modules/.vite/deps/pusher-js.js?v=78e615f6:3255
[203561663ms] [ERROR] WebSocket connection to 'wss://localhost:8081/app/app-key?protocol=7&client=js&version=8.4.0&flash=false' failed: Error in connection establishment: net::ERR_SSL_PROTOCOL_ERROR @ http://[::1]:5173/node_modules/.vite/deps/pusher-js.js?v=78e615f6:3255
[203621672ms] [ERROR] WebSocket connection to 'wss://localhost:8081/app/app-key?protocol=7&client=js&version=8.4.0&flash=false' failed: Error in connection establishment: net::ERR_SSL_PROTOCOL_ERROR @ http://[::1]:5173/node_modules/.vite/deps/pusher-js.js?v=78e615f6:3255
[203681665ms] [ERROR] WebSocket connection to 'wss://localhost:8081/app/app-key?protocol=7&client=js&version=8.4.0&flash=false' failed: Error in connection establishment: net::ERR_SSL_PROTOCOL_ERROR @ http://[::1]:5173/node_modules/.vite/deps/pusher-js.js?v=78e615f6:3255
[203741659ms] [ERROR] WebSocket connection to 'wss://localhost:8081/app/app-key?protocol=7&client=js&version=8.4.0&flash=false' failed: Error in connection establishment: net::ERR_SSL_PROTOCOL_ERROR @ http://[::1]:5173/node_modules/.vite/deps/pusher-js.js?v=78e615f6:3255
[203801664ms] [ERROR] WebSocket connection to 'wss://localhost:8081/app/app-key?protocol=7&client=js&version=8.4.0&flash=false' failed: Error in connection establishment: net::ERR_SSL_PROTOCOL_ERROR @ http://[::1]:5173/node_modules/.vite/deps/pusher-js.js?v=78e615f6:3255
[203861673ms] [ERROR] WebSocket connection to 'wss://localhost:8081/app/app-key?protocol=7&client=js&version=8.4.0&flash=false' failed: Error in connection establishment: net::ERR_SSL_PROTOCOL_ERROR @ http://[::1]:5173/node_modules/.vite/deps/pusher-js.js?v=78e615f6:3255
[203921664ms] [ERROR] WebSocket connection to 'wss://localhost:8081/app/app-key?protocol=7&client=js&version=8.4.0&flash=false' failed: Error in connection establishment: net::ERR_SSL_PROTOCOL_ERROR @ http://[::1]:5173/node_modules/.vite/deps/pusher-js.js?v=78e615f6:3255
[203981659ms] [ERROR] WebSocket connection to 'wss://localhost:8081/app/app-key?protocol=7&client=js&version=8.4.0&flash=false' failed: Error in connection establishment: net::ERR_SSL_PROTOCOL_ERROR @ http://[::1]:5173/node_modules/.vite/deps/pusher-js.js?v=78e615f6:3255
[204041666ms] [ERROR] WebSocket connection to 'wss://localhost:8081/app/app-key?protocol=7&client=js&version=8.4.0&flash=false' failed: Error in connection establishment: net::ERR_SSL_PROTOCOL_ERROR @ http://[::1]:5173/node_modules/.vite/deps/pusher-js.js?v=78e615f6:3255
[204101662ms] [ERROR] WebSocket connection to 'wss://localhost:8081/app/app-key?protocol=7&client=js&version=8.4.0&flash=false' failed: Error in connection establishment: net::ERR_SSL_PROTOCOL_ERROR @ http://[::1]:5173/node_modules/.vite/deps/pusher-js.js?v=78e615f6:3255
[204161667ms] [ERROR] WebSocket connection to 'wss://localhost:8081/app/app-key?protocol=7&client=js&version=8.4.0&flash=false' failed: Error in connection establishment: net::ERR_SSL_PROTOCOL_ERROR @ http://[::1]:5173/node_modules/.vite/deps/pusher-js.js?v=78e615f6:3255
[204221664ms] [ERROR] WebSocket connection to 'wss://localhost:8081/app/app-key?protocol=7&client=js&version=8.4.0&flash=false' failed: Error in connection establishment: net::ERR_SSL_PROTOCOL_ERROR @ http://[::1]:5173/node_modules/.vite/deps/pusher-js.js?v=78e615f6:3255
[204281667ms] [ERROR] WebSocket connection to 'wss://localhost:8081/app/app-key?protocol=7&client=js&version=8.4.0&flash=false' failed: Error in connection establishment: net::ERR_SSL_PROTOCOL_ERROR @ http://[::1]:5173/node_modules/.vite/deps/pusher-js.js?v=78e615f6:3255
[204341666ms] [ERROR] WebSocket connection to 'wss://localhost:8081/app/app-key?protocol=7&client=js&version=8.4.0&flash=false' failed: Error in connection establishment: net::ERR_SSL_PROTOCOL_ERROR @ http://[::1]:5173/node_modules/.vite/deps/pusher-js.js?v=78e615f6:3255
[204401667ms] [ERROR] WebSocket connection to 'wss://localhost:8081/app/app-key?protocol=7&client=js&version=8.4.0&flash=false' failed: Error in connection establishment: net::ERR_SSL_PROTOCOL_ERROR @ http://[::1]:5173/node_modules/.vite/deps/pusher-js.js?v=78e615f6:3255
[204461676ms] [ERROR] WebSocket connection to 'wss://localhost:8081/app/app-key?protocol=7&client=js&version=8.4.0&flash=false' failed: Error in connection establishment: net::ERR_SSL_PROTOCOL_ERROR @ http://[::1]:5173/node_modules/.vite/deps/pusher-js.js?v=78e615f6:3255
[204521665ms] [ERROR] WebSocket connection to 'wss://localhost:8081/app/app-key?protocol=7&client=js&version=8.4.0&flash=false' failed: Error in connection establishment: net::ERR_SSL_PROTOCOL_ERROR @ http://[::1]:5173/node_modules/.vite/deps/pusher-js.js?v=78e615f6:3255
[204581663ms] [ERROR] WebSocket connection to 'wss://localhost:8081/app/app-key?protocol=7&client=js&version=8.4.0&flash=false' failed: Error in connection establishment: net::ERR_SSL_PROTOCOL_ERROR @ http://[::1]:5173/node_modules/.vite/deps/pusher-js.js?v=78e615f6:3255
[204641671ms] [ERROR] WebSocket connection to 'wss://localhost:8081/app/app-key?protocol=7&client=js&version=8.4.0&flash=false' failed: Error in connection establishment: net::ERR_SSL_PROTOCOL_ERROR @ http://[::1]:5173/node_modules/.vite/deps/pusher-js.js?v=78e615f6:3255
[204701672ms] [ERROR] WebSocket connection to 'wss://localhost:8081/app/app-key?protocol=7&client=js&version=8.4.0&flash=false' failed: Error in connection establishment: net::ERR_SSL_PROTOCOL_ERROR @ http://[::1]:5173/node_modules/.vite/deps/pusher-js.js?v=78e615f6:3255
[204761671ms] [ERROR] WebSocket connection to 'wss://localhost:8081/app/app-key?protocol=7&client=js&version=8.4.0&flash=false' failed: Error in connection establishment: net::ERR_SSL_PROTOCOL_ERROR @ http://[::1]:5173/node_modules/.vite/deps/pusher-js.js?v=78e615f6:3255
[204821670ms] [ERROR] WebSocket connection to 'wss://localhost:8081/app/app-key?protocol=7&client=js&version=8.4.0&flash=false' failed: Error in connection establishment: net::ERR_SSL_PROTOCOL_ERROR @ http://[::1]:5173/node_modules/.vite/deps/pusher-js.js?v=78e615f6:3255
[204881673ms] [ERROR] WebSocket connection to 'wss://localhost:8081/app/app-key?protocol=7&client=js&version=8.4.0&flash=false' failed: Error in connection establishment: net::ERR_SSL_PROTOCOL_ERROR @ http://[::1]:5173/node_modules/.vite/deps/pusher-js.js?v=78e615f6:3255
[204941674ms] [ERROR] WebSocket connection to 'wss://localhost:8081/app/app-key?protocol=7&client=js&version=8.4.0&flash=false' failed: Error in connection establishment: net::ERR_SSL_PROTOCOL_ERROR @ http://[::1]:5173/node_modules/.vite/deps/pusher-js.js?v=78e615f6:3255
[205001668ms] [ERROR] WebSocket connection to 'wss://localhost:8081/app/app-key?protocol=7&client=js&version=8.4.0&flash=false' failed: Error in connection establishment: net::ERR_SSL_PROTOCOL_ERROR @ http://[::1]:5173/node_modules/.vite/deps/pusher-js.js?v=78e615f6:3255
[205061667ms] [ERROR] WebSocket connection to 'wss://localhost:8081/app/app-key?protocol=7&client=js&version=8.4.0&flash=false' failed: Error in connection establishment: net::ERR_SSL_PROTOCOL_ERROR @ http://[::1]:5173/node_modules/.vite/deps/pusher-js.js?v=78e615f6:3255
[205121671ms] [ERROR] WebSocket connection to 'wss://localhost:8081/app/app-key?protocol=7&client=js&version=8.4.0&flash=false' failed: Error in connection establishment: net::ERR_SSL_PROTOCOL_ERROR @ http://[::1]:5173/node_modules/.vite/deps/pusher-js.js?v=78e615f6:3255
[205181676ms] [ERROR] WebSocket connection to 'wss://localhost:8081/app/app-key?protocol=7&client=js&version=8.4.0&flash=false' failed: Error in connection establishment: net::ERR_SSL_PROTOCOL_ERROR @ http://[::1]:5173/node_modules/.vite/deps/pusher-js.js?v=78e615f6:3255
[205241673ms] [ERROR] WebSocket connection to 'wss://localhost:8081/app/app-key?protocol=7&client=js&version=8.4.0&flash=false' failed: Error in connection establishment: net::ERR_SSL_PROTOCOL_ERROR @ http://[::1]:5173/node_modules/.vite/deps/pusher-js.js?v=78e615f6:3255
[205301671ms] [ERROR] WebSocket connection to 'wss://localhost:8081/app/app-key?protocol=7&client=js&version=8.4.0&flash=false' failed: Error in connection establishment: net::ERR_SSL_PROTOCOL_ERROR @ http://[::1]:5173/node_modules/.vite/deps/pusher-js.js?v=78e615f6:3255
[205361685ms] [ERROR] WebSocket connection to 'wss://localhost:8081/app/app-key?protocol=7&client=js&version=8.4.0&flash=false' failed: Error in connection establishment: net::ERR_SSL_PROTOCOL_ERROR @ http://[::1]:5173/node_modules/.vite/deps/pusher-js.js?v=78e615f6:3255
[205421677ms] [ERROR] WebSocket connection to 'wss://localhost:8081/app/app-key?protocol=7&client=js&version=8.4.0&flash=false' failed: Error in connection establishment: net::ERR_SSL_PROTOCOL_ERROR @ http://[::1]:5173/node_modules/.vite/deps/pusher-js.js?v=78e615f6:3255
[205481665ms] [ERROR] WebSocket connection to 'wss://localhost:8081/app/app-key?protocol=7&client=js&version=8.4.0&flash=false' failed: Error in connection establishment: net::ERR_SSL_PROTOCOL_ERROR @ http://[::1]:5173/node_modules/.vite/deps/pusher-js.js?v=78e615f6:3255
[205541672ms] [ERROR] WebSocket connection to 'wss://localhost:8081/app/app-key?protocol=7&client=js&version=8.4.0&flash=false' failed: Error in connection establishment: net::ERR_SSL_PROTOCOL_ERROR @ http://[::1]:5173/node_modules/.vite/deps/pusher-js.js?v=78e615f6:3255
[205601669ms] [ERROR] WebSocket connection to 'wss://localhost:8081/app/app-key?protocol=7&client=js&version=8.4.0&flash=false' failed: Error in connection establishment: net::ERR_SSL_PROTOCOL_ERROR @ http://[::1]:5173/node_modules/.vite/deps/pusher-js.js?v=78e615f6:3255
[205661673ms] [ERROR] WebSocket connection to 'wss://localhost:8081/app/app-key?protocol=7&client=js&version=8.4.0&flash=false' failed: Error in connection establishment: net::ERR_SSL_PROTOCOL_ERROR @ http://[::1]:5173/node_modules/.vite/deps/pusher-js.js?v=78e615f6:3255
[205721885ms] [ERROR] WebSocket connection to 'wss://localhost:8081/app/app-key?protocol=7&client=js&version=8.4.0&flash=false' failed: Error in connection establishment: net::ERR_SSL_PROTOCOL_ERROR @ http://[::1]:5173/node_modules/.vite/deps/pusher-js.js?v=78e615f6:3255
[205781880ms] [ERROR] WebSocket connection to 'wss://localhost:8081/app/app-key?protocol=7&client=js&version=8.4.0&flash=false' failed: Error in connection establishment: net::ERR_SSL_PROTOCOL_ERROR @ http://[::1]:5173/node_modules/.vite/deps/pusher-js.js?v=78e615f6:3255
[205841887ms] [ERROR] WebSocket connection to 'wss://localhost:8081/app/app-key?protocol=7&client=js&version=8.4.0&flash=false' failed: Error in connection establishment: net::ERR_SSL_PROTOCOL_ERROR @ http://[::1]:5173/node_modules/.vite/deps/pusher-js.js?v=78e615f6:3255
[205901888ms] [ERROR] WebSocket connection to 'wss://localhost:8081/app/app-key?protocol=7&client=js&version=8.4.0&flash=false' failed: Error in connection establishment: net::ERR_SSL_PROTOCOL_ERROR @ http://[::1]:5173/node_modules/.vite/deps/pusher-js.js?v=78e615f6:3255
[205961890ms] [ERROR] WebSocket connection to 'wss://localhost:8081/app/app-key?protocol=7&client=js&version=8.4.0&flash=false' failed: Error in connection establishment: net::ERR_SSL_PROTOCOL_ERROR @ http://[::1]:5173/node_modules/.vite/deps/pusher-js.js?v=78e615f6:3255
[206021895ms] [ERROR] WebSocket connection to 'wss://localhost:8081/app/app-key?protocol=7&client=js&version=8.4.0&flash=false' failed: Error in connection establishment: net::ERR_SSL_PROTOCOL_ERROR @ http://[::1]:5173/node_modules/.vite/deps/pusher-js.js?v=78e615f6:3255
[206081897ms] [ERROR] WebSocket connection to 'wss://localhost:8081/app/app-key?protocol=7&client=js&version=8.4.0&flash=false' failed: Error in connection establishment: net::ERR_SSL_PROTOCOL_ERROR @ http://[::1]:5173/node_modules/.vite/deps/pusher-js.js?v=78e615f6:3255
[206141907ms] [ERROR] WebSocket connection to 'wss://localhost:8081/app/app-key?protocol=7&client=js&version=8.4.0&flash=false' failed: Error in connection establishment: net::ERR_SSL_PROTOCOL_ERROR @ http://[::1]:5173/node_modules/.vite/deps/pusher-js.js?v=78e615f6:3255
[206201907ms] [ERROR] WebSocket connection to 'wss://localhost:8081/app/app-key?protocol=7&client=js&version=8.4.0&flash=false' failed: Error in connection establishment: net::ERR_SSL_PROTOCOL_ERROR @ http://[::1]:5173/node_modules/.vite/deps/pusher-js.js?v=78e615f6:3255
[206261910ms] [ERROR] WebSocket connection to 'wss://localhost:8081/app/app-key?protocol=7&client=js&version=8.4.0&flash=false' failed: Error in connection establishment: net::ERR_SSL_PROTOCOL_ERROR @ http://[::1]:5173/node_modules/.vite/deps/pusher-js.js?v=78e615f6:3255
[206321915ms] [ERROR] WebSocket connection to 'wss://localhost:8081/app/app-key?protocol=7&client=js&version=8.4.0&flash=false' failed: Error in connection establishment: net::ERR_SSL_PROTOCOL_ERROR @ http://[::1]:5173/node_modules/.vite/deps/pusher-js.js?v=78e615f6:3255
[206381916ms] [ERROR] WebSocket connection to 'wss://localhost:8081/app/app-key?protocol=7&client=js&version=8.4.0&flash=false' failed: Error in connection establishment: net::ERR_SSL_PROTOCOL_ERROR @ http://[::1]:5173/node_modules/.vite/deps/pusher-js.js?v=78e615f6:3255
[206441923ms] [ERROR] WebSocket connection to 'wss://localhost:8081/app/app-key?protocol=7&client=js&version=8.4.0&flash=false' failed: Error in connection establishment: net::ERR_SSL_PROTOCOL_ERROR @ http://[::1]:5173/node_modules/.vite/deps/pusher-js.js?v=78e615f6:3255
[206501917ms] [ERROR] WebSocket connection to 'wss://localhost:8081/app/app-key?protocol=7&client=js&version=8.4.0&flash=false' failed: Error in connection establishment: net::ERR_SSL_PROTOCOL_ERROR @ http://[::1]:5173/node_modules/.vite/deps/pusher-js.js?v=78e615f6:3255
[206561926ms] [ERROR] WebSocket connection to 'wss://localhost:8081/app/app-key?protocol=7&client=js&version=8.4.0&flash=false' failed: Error in connection establishment: net::ERR_SSL_PROTOCOL_ERROR @ http://[::1]:5173/node_modules/.vite/deps/pusher-js.js?v=78e615f6:3255
[206621930ms] [ERROR] WebSocket connection to 'wss://localhost:8081/app/app-key?protocol=7&client=js&version=8.4.0&flash=false' failed: Error in connection establishment: net::ERR_SSL_PROTOCOL_ERROR @ http://[::1]:5173/node_modules/.vite/deps/pusher-js.js?v=78e615f6:3255
[206681930ms] [ERROR] WebSocket connection to 'wss://localhost:8081/app/app-key?protocol=7&client=js&version=8.4.0&flash=false' failed: Error in connection establishment: net::ERR_SSL_PROTOCOL_ERROR @ http://[::1]:5173/node_modules/.vite/deps/pusher-js.js?v=78e615f6:3255
[206741932ms] [ERROR] WebSocket connection to 'wss://localhost:8081/app/app-key?protocol=7&client=js&version=8.4.0&flash=false' failed: Error in connection establishment: net::ERR_SSL_PROTOCOL_ERROR @ http://[::1]:5173/node_modules/.vite/deps/pusher-js.js?v=78e615f6:3255
[206801932ms] [ERROR] WebSocket connection to 'wss://localhost:8081/app/app-key?protocol=7&client=js&version=8.4.0&flash=false' failed: Error in connection establishment: net::ERR_SSL_PROTOCOL_ERROR @ http://[::1]:5173/node_modules/.vite/deps/pusher-js.js?v=78e615f6:3255
[206861938ms] [ERROR] WebSocket connection to 'wss://localhost:8081/app/app-key?protocol=7&client=js&version=8.4.0&flash=false' failed: Error in connection establishment: net::ERR_SSL_PROTOCOL_ERROR @ http://[::1]:5173/node_modules/.vite/deps/pusher-js.js?v=78e615f6:3255
[206921936ms] [ERROR] WebSocket connection to 'wss://localhost:8081/app/app-key?protocol=7&client=js&version=8.4.0&flash=false' failed: Error in connection establishment: net::ERR_SSL_PROTOCOL_ERROR @ http://[::1]:5173/node_modules/.vite/deps/pusher-js.js?v=78e615f6:3255
[206981958ms] [ERROR] WebSocket connection to 'wss://localhost:8081/app/app-key?protocol=7&client=js&version=8.4.0&flash=false' failed: Error in connection establishment: net::ERR_SSL_PROTOCOL_ERROR @ http://[::1]:5173/node_modules/.vite/deps/pusher-js.js?v=78e615f6:3255
[207041949ms] [ERROR] WebSocket connection to 'wss://localhost:8081/app/app-key?protocol=7&client=js&version=8.4.0&flash=false' failed: Error in connection establishment: net::ERR_SSL_PROTOCOL_ERROR @ http://[::1]:5173/node_modules/.vite/deps/pusher-js.js?v=78e615f6:3255
[207101953ms] [ERROR] WebSocket connection to 'wss://localhost:8081/app/app-key?protocol=7&client=js&version=8.4.0&flash=false' failed: Error in connection establishment: net::ERR_SSL_PROTOCOL_ERROR @ http://[::1]:5173/node_modules/.vite/deps/pusher-js.js?v=78e615f6:3255
[207161960ms] [ERROR] WebSocket connection to 'wss://localhost:8081/app/app-key?protocol=7&client=js&version=8.4.0&flash=false' failed: Error in connection establishment: net::ERR_SSL_PROTOCOL_ERROR @ http://[::1]:5173/node_modules/.vite/deps/pusher-js.js?v=78e615f6:3255
[207221961ms] [ERROR] WebSocket connection to 'wss://localhost:8081/app/app-key?protocol=7&client=js&version=8.4.0&flash=false' failed: Error in connection establishment: net::ERR_SSL_PROTOCOL_ERROR @ http://[::1]:5173/node_modules/.vite/deps/pusher-js.js?v=78e615f6:3255
[207281966ms] [ERROR] WebSocket connection to 'wss://localhost:8081/app/app-key?protocol=7&client=js&version=8.4.0&flash=false' failed: Error in connection establishment: net::ERR_SSL_PROTOCOL_ERROR @ http://[::1]:5173/node_modules/.vite/deps/pusher-js.js?v=78e615f6:3255
[207341968ms] [ERROR] WebSocket connection to 'wss://localhost:8081/app/app-key?protocol=7&client=js&version=8.4.0&flash=false' failed: Error in connection establishment: net::ERR_SSL_PROTOCOL_ERROR @ http://[::1]:5173/node_modules/.vite/deps/pusher-js.js?v=78e615f6:3255
[207401972ms] [ERROR] WebSocket connection to 'wss://localhost:8081/app/app-key?protocol=7&client=js&version=8.4.0&flash=false' failed: Error in connection establishment: net::ERR_SSL_PROTOCOL_ERROR @ http://[::1]:5173/node_modules/.vite/deps/pusher-js.js?v=78e615f6:3255
[207461975ms] [ERROR] WebSocket connection to 'wss://localhost:8081/app/app-key?protocol=7&client=js&version=8.4.0&flash=false' failed: Error in connection establishment: net::ERR_SSL_PROTOCOL_ERROR @ http://[::1]:5173/node_modules/.vite/deps/pusher-js.js?v=78e615f6:3255
[207521982ms] [ERROR] WebSocket connection to 'wss://localhost:8081/app/app-key?protocol=7&client=js&version=8.4.0&flash=false' failed: Error in connection establishment: net::ERR_SSL_PROTOCOL_ERROR @ http://[::1]:5173/node_modules/.vite/deps/pusher-js.js?v=78e615f6:3255
[207581983ms] [ERROR] WebSocket connection to 'wss://localhost:8081/app/app-key?protocol=7&client=js&version=8.4.0&flash=false' failed: Error in connection establishment: net::ERR_SSL_PROTOCOL_ERROR @ http://[::1]:5173/node_modules/.vite/deps/pusher-js.js?v=78e615f6:3255
[207641984ms] [ERROR] WebSocket connection to 'wss://localhost:8081/app/app-key?protocol=7&client=js&version=8.4.0&flash=false' failed: Error in connection establishment: net::ERR_SSL_PROTOCOL_ERROR @ http://[::1]:5173/node_modules/.vite/deps/pusher-js.js?v=78e615f6:3255
[207701987ms] [ERROR] WebSocket connection to 'wss://localhost:8081/app/app-key?protocol=7&client=js&version=8.4.0&flash=false' failed: Error in connection establishment: net::ERR_SSL_PROTOCOL_ERROR @ http://[::1]:5173/node_modules/.vite/deps/pusher-js.js?v=78e615f6:3255
[207761959ms] [ERROR] WebSocket connection to 'wss://localhost:8081/app/app-key?protocol=7&client=js&version=8.4.0&flash=false' failed: Error in connection establishment: net::ERR_SSL_PROTOCOL_ERROR @ http://[::1]:5173/node_modules/.vite/deps/pusher-js.js?v=78e615f6:3255
[207821962ms] [ERROR] WebSocket connection to 'wss://localhost:8081/app/app-key?protocol=7&client=js&version=8.4.0&flash=false' failed: Error in connection establishment: net::ERR_SSL_PROTOCOL_ERROR @ http://[::1]:5173/node_modules/.vite/deps/pusher-js.js?v=78e615f6:3255
[207881972ms] [ERROR] WebSocket connection to 'wss://localhost:8081/app/app-key?protocol=7&client=js&version=8.4.0&flash=false' failed: Error in connection establishment: net::ERR_SSL_PROTOCOL_ERROR @ http://[::1]:5173/node_modules/.vite/deps/pusher-js.js?v=78e615f6:3255
[207941966ms] [ERROR] WebSocket connection to 'wss://localhost:8081/app/app-key?protocol=7&client=js&version=8.4.0&flash=false' failed: Error in connection establishment: net::ERR_SSL_PROTOCOL_ERROR @ http://[::1]:5173/node_modules/.vite/deps/pusher-js.js?v=78e615f6:3255
[208001968ms] [ERROR] WebSocket connection to 'wss://localhost:8081/app/app-key?protocol=7&client=js&version=8.4.0&flash=false' failed: Error in connection establishment: net::ERR_SSL_PROTOCOL_ERROR @ http://[::1]:5173/node_modules/.vite/deps/pusher-js.js?v=78e615f6:3255
[208061968ms] [ERROR] WebSocket connection to 'wss://localhost:8081/app/app-key?protocol=7&client=js&version=8.4.0&flash=false' failed: Error in connection establishment: net::ERR_SSL_PROTOCOL_ERROR @ http://[::1]:5173/node_modules/.vite/deps/pusher-js.js?v=78e615f6:3255
[208121976ms] [ERROR] WebSocket connection to 'wss://localhost:8081/app/app-key?protocol=7&client=js&version=8.4.0&flash=false' failed: Error in connection establishment: net::ERR_SSL_PROTOCOL_ERROR @ http://[::1]:5173/node_modules/.vite/deps/pusher-js.js?v=78e615f6:3255
[208181981ms] [ERROR] WebSocket connection to 'wss://localhost:8081/app/app-key?protocol=7&client=js&version=8.4.0&flash=false' failed: Error in connection establishment: net::ERR_SSL_PROTOCOL_ERROR @ http://[::1]:5173/node_modules/.vite/deps/pusher-js.js?v=78e615f6:3255
[208241981ms] [ERROR] WebSocket connection to 'wss://localhost:8081/app/app-key?protocol=7&client=js&version=8.4.0&flash=false' failed: Error in connection establishment: net::ERR_SSL_PROTOCOL_ERROR @ http://[::1]:5173/node_modules/.vite/deps/pusher-js.js?v=78e615f6:3255
[208301978ms] [ERROR] WebSocket connection to 'wss://localhost:8081/app/app-key?protocol=7&client=js&version=8.4.0&flash=false' failed: Error in connection establishment: net::ERR_SSL_PROTOCOL_ERROR @ http://[::1]:5173/node_modules/.vite/deps/pusher-js.js?v=78e615f6:3255
[208361988ms] [ERROR] WebSocket connection to 'wss://localhost:8081/app/app-key?protocol=7&client=js&version=8.4.0&flash=false' failed: Error in connection establishment: net::ERR_SSL_PROTOCOL_ERROR @ http://[::1]:5173/node_modules/.vite/deps/pusher-js.js?v=78e615f6:3255
[208421992ms] [ERROR] WebSocket connection to 'wss://localhost:8081/app/app-key?protocol=7&client=js&version=8.4.0&flash=false' failed: Error in connection establishment: net::ERR_SSL_PROTOCOL_ERROR @ http://[::1]:5173/node_modules/.vite/deps/pusher-js.js?v=78e615f6:3255
[208481991ms] [ERROR] WebSocket connection to 'wss://localhost:8081/app/app-key?protocol=7&client=js&version=8.4.0&flash=false' failed: Error in connection establishment: net::ERR_SSL_PROTOCOL_ERROR @ http://[::1]:5173/node_modules/.vite/deps/pusher-js.js?v=78e615f6:3255
[208541991ms] [ERROR] WebSocket connection to 'wss://localhost:8081/app/app-key?protocol=7&client=js&version=8.4.0&flash=false' failed: Error in connection establishment: net::ERR_SSL_PROTOCOL_ERROR @ http://[::1]:5173/node_modules/.vite/deps/pusher-js.js?v=78e615f6:3255
[208602003ms] [ERROR] WebSocket connection to 'wss://localhost:8081/app/app-key?protocol=7&client=js&version=8.4.0&flash=false' failed: Error in connection establishment: net::ERR_SSL_PROTOCOL_ERROR @ http://[::1]:5173/node_modules/.vite/deps/pusher-js.js?v=78e615f6:3255
[208661996ms] [ERROR] WebSocket connection to 'wss://localhost:8081/app/app-key?protocol=7&client=js&version=8.4.0&flash=false' failed: Error in connection establishment: net::ERR_SSL_PROTOCOL_ERROR @ http://[::1]:5173/node_modules/.vite/deps/pusher-js.js?v=78e615f6:3255
[208722004ms] [ERROR] WebSocket connection to 'wss://localhost:8081/app/app-key?protocol=7&client=js&version=8.4.0&flash=false' failed: Error in connection establishment: net::ERR_SSL_PROTOCOL_ERROR @ http://[::1]:5173/node_modules/.vite/deps/pusher-js.js?v=78e615f6:3255
[208782007ms] [ERROR] WebSocket connection to 'wss://localhost:8081/app/app-key?protocol=7&client=js&version=8.4.0&flash=false' failed: Error in connection establishment: net::ERR_SSL_PROTOCOL_ERROR @ http://[::1]:5173/node_modules/.vite/deps/pusher-js.js?v=78e615f6:3255
[208842004ms] [ERROR] WebSocket connection to 'wss://localhost:8081/app/app-key?protocol=7&client=js&version=8.4.0&flash=false' failed: Error in connection establishment: net::ERR_SSL_PROTOCOL_ERROR @ http://[::1]:5173/node_modules/.vite/deps/pusher-js.js?v=78e615f6:3255
[208902010ms] [ERROR] WebSocket connection to 'wss://localhost:8081/app/app-key?protocol=7&client=js&version=8.4.0&flash=false' failed: Error in connection establishment: net::ERR_SSL_PROTOCOL_ERROR @ http://[::1]:5173/node_modules/.vite/deps/pusher-js.js?v=78e615f6:3255
[208962015ms] [ERROR] WebSocket connection to 'wss://localhost:8081/app/app-key?protocol=7&client=js&version=8.4.0&flash=false' failed: Error in connection establishment: net::ERR_SSL_PROTOCOL_ERROR @ http://[::1]:5173/node_modules/.vite/deps/pusher-js.js?v=78e615f6:3255
[209022012ms] [ERROR] WebSocket connection to 'wss://localhost:8081/app/app-key?protocol=7&client=js&version=8.4.0&flash=false' failed: Error in connection establishment: net::ERR_SSL_PROTOCOL_ERROR @ http://[::1]:5173/node_modules/.vite/deps/pusher-js.js?v=78e615f6:3255
[209082010ms] [ERROR] WebSocket connection to 'wss://localhost:8081/app/app-key?protocol=7&client=js&version=8.4.0&flash=false' failed: Error in connection establishment: net::ERR_SSL_PROTOCOL_ERROR @ http://[::1]:5173/node_modules/.vite/deps/pusher-js.js?v=78e615f6:3255
[209142018ms] [ERROR] WebSocket connection to 'wss://localhost:8081/app/app-key?protocol=7&client=js&version=8.4.0&flash=false' failed: Error in connection establishment: net::ERR_SSL_PROTOCOL_ERROR @ http://[::1]:5173/node_modules/.vite/deps/pusher-js.js?v=78e615f6:3255
[209202019ms] [ERROR] WebSocket connection to 'wss://localhost:8081/app/app-key?protocol=7&client=js&version=8.4.0&flash=false' failed: Error in connection establishment: net::ERR_SSL_PROTOCOL_ERROR @ http://[::1]:5173/node_modules/.vite/deps/pusher-js.js?v=78e615f6:3255
[209262024ms] [ERROR] WebSocket connection to 'wss://localhost:8081/app/app-key?protocol=7&client=js&version=8.4.0&flash=false' failed: Error in connection establishment: net::ERR_SSL_PROTOCOL_ERROR @ http://[::1]:5173/node_modules/.vite/deps/pusher-js.js?v=78e615f6:3255
[209322017ms] [ERROR] WebSocket connection to 'wss://localhost:8081/app/app-key?protocol=7&client=js&version=8.4.0&flash=false' failed: Error in connection establishment: net::ERR_SSL_PROTOCOL_ERROR @ http://[::1]:5173/node_modules/.vite/deps/pusher-js.js?v=78e615f6:3255
[209382028ms] [ERROR] WebSocket connection to 'wss://localhost:8081/app/app-key?protocol=7&client=js&version=8.4.0&flash=false' failed: Error in connection establishment: net::ERR_SSL_PROTOCOL_ERROR @ http://[::1]:5173/node_modules/.vite/deps/pusher-js.js?v=78e615f6:3255
[209442027ms] [ERROR] WebSocket connection to 'wss://localhost:8081/app/app-key?protocol=7&client=js&version=8.4.0&flash=false' failed: Error in connection establishment: net::ERR_SSL_PROTOCOL_ERROR @ http://[::1]:5173/node_modules/.vite/deps/pusher-js.js?v=78e615f6:3255
[209502028ms] [ERROR] WebSocket connection to 'wss://localhost:8081/app/app-key?protocol=7&client=js&version=8.4.0&flash=false' failed: Error in connection establishment: net::ERR_SSL_PROTOCOL_ERROR @ http://[::1]:5173/node_modules/.vite/deps/pusher-js.js?v=78e615f6:3255
[209562034ms] [ERROR] WebSocket connection to 'wss://localhost:8081/app/app-key?protocol=7&client=js&version=8.4.0&flash=false' failed: Error in connection establishment: net::ERR_SSL_PROTOCOL_ERROR @ http://[::1]:5173/node_modules/.vite/deps/pusher-js.js?v=78e615f6:3255
[209622034ms] [ERROR] WebSocket connection to 'wss://localhost:8081/app/app-key?protocol=7&client=js&version=8.4.0&flash=false' failed: Error in connection establishment: net::ERR_SSL_PROTOCOL_ERROR @ http://[::1]:5173/node_modules/.vite/deps/pusher-js.js?v=78e615f6:3255
[209682034ms] [ERROR] WebSocket connection to 'wss://localhost:8081/app/app-key?protocol=7&client=js&version=8.4.0&flash=false' failed: Error in connection establishment: net::ERR_SSL_PROTOCOL_ERROR @ http://[::1]:5173/node_modules/.vite/deps/pusher-js.js?v=78e615f6:3255
[209742019ms] [ERROR] WebSocket connection to 'wss://localhost:8081/app/app-key?protocol=7&client=js&version=8.4.0&flash=false' failed: Error in connection establishment: net::ERR_SSL_PROTOCOL_ERROR @ http://[::1]:5173/node_modules/.vite/deps/pusher-js.js?v=78e615f6:3255
[209802013ms] [ERROR] WebSocket connection to 'wss://localhost:8081/app/app-key?protocol=7&client=js&version=8.4.0&flash=false' failed: Error in connection establishment: net::ERR_SSL_PROTOCOL_ERROR @ http://[::1]:5173/node_modules/.vite/deps/pusher-js.js?v=78e615f6:3255
[209862010ms] [ERROR] WebSocket connection to 'wss://localhost:8081/app/app-key?protocol=7&client=js&version=8.4.0&flash=false' failed: Error in connection establishment: net::ERR_SSL_PROTOCOL_ERROR @ http://[::1]:5173/node_modules/.vite/deps/pusher-js.js?v=78e615f6:3255
[209922014ms] [ERROR] WebSocket connection to 'wss://localhost:8081/app/app-key?protocol=7&client=js&version=8.4.0&flash=false' failed: Error in connection establishment: net::ERR_SSL_PROTOCOL_ERROR @ http://[::1]:5173/node_modules/.vite/deps/pusher-js.js?v=78e615f6:3255
[209982013ms] [ERROR] WebSocket connection to 'wss://localhost:8081/app/app-key?protocol=7&client=js&version=8.4.0&flash=false' failed: Error in connection establishment: net::ERR_SSL_PROTOCOL_ERROR @ http://[::1]:5173/node_modules/.vite/deps/pusher-js.js?v=78e615f6:3255
[210042013ms] [ERROR] WebSocket connection to 'wss://localhost:8081/app/app-key?protocol=7&client=js&version=8.4.0&flash=false' failed: Error in connection establishment: net::ERR_SSL_PROTOCOL_ERROR @ http://[::1]:5173/node_modules/.vite/deps/pusher-js.js?v=78e615f6:3255
[210102018ms] [ERROR] WebSocket connection to 'wss://localhost:8081/app/app-key?protocol=7&client=js&version=8.4.0&flash=false' failed: Error in connection establishment: net::ERR_SSL_PROTOCOL_ERROR @ http://[::1]:5173/node_modules/.vite/deps/pusher-js.js?v=78e615f6:3255
[210162020ms] [ERROR] WebSocket connection to 'wss://localhost:8081/app/app-key?protocol=7&client=js&version=8.4.0&flash=false' failed: Error in connection establishment: net::ERR_SSL_PROTOCOL_ERROR @ http://[::1]:5173/node_modules/.vite/deps/pusher-js.js?v=78e615f6:3255
[210222025ms] [ERROR] WebSocket connection to 'wss://localhost:8081/app/app-key?protocol=7&client=js&version=8.4.0&flash=false' failed: Error in connection establishment: net::ERR_SSL_PROTOCOL_ERROR @ http://[::1]:5173/node_modules/.vite/deps/pusher-js.js?v=78e615f6:3255
[210282027ms] [ERROR] WebSocket connection to 'wss://localhost:8081/app/app-key?protocol=7&client=js&version=8.4.0&flash=false' failed: Error in connection establishment: net::ERR_SSL_PROTOCOL_ERROR @ http://[::1]:5173/node_modules/.vite/deps/pusher-js.js?v=78e615f6:3255
[210342024ms] [ERROR] WebSocket connection to 'wss://localhost:8081/app/app-key?protocol=7&client=js&version=8.4.0&flash=false' failed: Error in connection establishment: net::ERR_SSL_PROTOCOL_ERROR @ http://[::1]:5173/node_modules/.vite/deps/pusher-js.js?v=78e615f6:3255
[210402029ms] [ERROR] WebSocket connection to 'wss://localhost:8081/app/app-key?protocol=7&client=js&version=8.4.0&flash=false' failed: Error in connection establishment: net::ERR_SSL_PROTOCOL_ERROR @ http://[::1]:5173/node_modules/.vite/deps/pusher-js.js?v=78e615f6:3255
[210462030ms] [ERROR] WebSocket connection to 'wss://localhost:8081/app/app-key?protocol=7&client=js&version=8.4.0&flash=false' failed: Error in connection establishment: net::ERR_SSL_PROTOCOL_ERROR @ http://[::1]:5173/node_modules/.vite/deps/pusher-js.js?v=78e615f6:3255
[210522041ms] [ERROR] WebSocket connection to 'wss://localhost:8081/app/app-key?protocol=7&client=js&version=8.4.0&flash=false' failed: Error in connection establishment: net::ERR_SSL_PROTOCOL_ERROR @ http://[::1]:5173/node_modules/.vite/deps/pusher-js.js?v=78e615f6:3255
[210582028ms] [ERROR] WebSocket connection to 'wss://localhost:8081/app/app-key?protocol=7&client=js&version=8.4.0&flash=false' failed: Error in connection establishment: net::ERR_SSL_PROTOCOL_ERROR @ http://[::1]:5173/node_modules/.vite/deps/pusher-js.js?v=78e615f6:3255
[210642036ms] [ERROR] WebSocket connection to 'wss://localhost:8081/app/app-key?protocol=7&client=js&version=8.4.0&flash=false' failed: Error in connection establishment: net::ERR_SSL_PROTOCOL_ERROR @ http://[::1]:5173/node_modules/.vite/deps/pusher-js.js?v=78e615f6:3255
[210702037ms] [ERROR] WebSocket connection to 'wss://localhost:8081/app/app-key?protocol=7&client=js&version=8.4.0&flash=false' failed: Error in connection establishment: net::ERR_SSL_PROTOCOL_ERROR @ http://[::1]:5173/node_modules/.vite/deps/pusher-js.js?v=78e615f6:3255
[210762039ms] [ERROR] WebSocket connection to 'wss://localhost:8081/app/app-key?protocol=7&client=js&version=8.4.0&flash=false' failed: Error in connection establishment: net::ERR_SSL_PROTOCOL_ERROR @ http://[::1]:5173/node_modules/.vite/deps/pusher-js.js?v=78e615f6:3255
[210822045ms] [ERROR] WebSocket connection to 'wss://localhost:8081/app/app-key?protocol=7&client=js&version=8.4.0&flash=false' failed: Error in connection establishment: net::ERR_SSL_PROTOCOL_ERROR @ http://[::1]:5173/node_modules/.vite/deps/pusher-js.js?v=78e615f6:3255
[210882042ms] [ERROR] WebSocket connection to 'wss://localhost:8081/app/app-key?protocol=7&client=js&version=8.4.0&flash=false' failed: Error in connection establishment: net::ERR_SSL_PROTOCOL_ERROR @ http://[::1]:5173/node_modules/.vite/deps/pusher-js.js?v=78e615f6:3255
[210942042ms] [ERROR] WebSocket connection to 'wss://localhost:8081/app/app-key?protocol=7&client=js&version=8.4.0&flash=false' failed: Error in connection establishment: net::ERR_SSL_PROTOCOL_ERROR @ http://[::1]:5173/node_modules/.vite/deps/pusher-js.js?v=78e615f6:3255
[211002055ms] [ERROR] WebSocket connection to 'wss://localhost:8081/app/app-key?protocol=7&client=js&version=8.4.0&flash=false' failed: Error in connection establishment: net::ERR_SSL_PROTOCOL_ERROR @ http://[::1]:5173/node_modules/.vite/deps/pusher-js.js?v=78e615f6:3255
[211062047ms] [ERROR] WebSocket connection to 'wss://localhost:8081/app/app-key?protocol=7&client=js&version=8.4.0&flash=false' failed: Error in connection establishment: net::ERR_SSL_PROTOCOL_ERROR @ http://[::1]:5173/node_modules/.vite/deps/pusher-js.js?v=78e615f6:3255
[211122053ms] [ERROR] WebSocket connection to 'wss://localhost:8081/app/app-key?protocol=7&client=js&version=8.4.0&flash=false' failed: Error in connection establishment: net::ERR_SSL_PROTOCOL_ERROR @ http://[::1]:5173/node_modules/.vite/deps/pusher-js.js?v=78e615f6:3255
[211182058ms] [ERROR] WebSocket connection to 'wss://localhost:8081/app/app-key?protocol=7&client=js&version=8.4.0&flash=false' failed: Error in connection establishment: net::ERR_SSL_PROTOCOL_ERROR @ http://[::1]:5173/node_modules/.vite/deps/pusher-js.js?v=78e615f6:3255
[211242060ms] [ERROR] WebSocket connection to 'wss://localhost:8081/app/app-key?protocol=7&client=js&version=8.4.0&flash=false' failed: Error in connection establishment: net::ERR_SSL_PROTOCOL_ERROR @ http://[::1]:5173/node_modules/.vite/deps/pusher-js.js?v=78e615f6:3255
[211302057ms] [ERROR] WebSocket connection to 'wss://localhost:8081/app/app-key?protocol=7&client=js&version=8.4.0&flash=false' failed: Error in connection establishment: net::ERR_SSL_PROTOCOL_ERROR @ http://[::1]:5173/node_modules/.vite/deps/pusher-js.js?v=78e615f6:3255
[211362060ms] [ERROR] WebSocket connection to 'wss://localhost:8081/app/app-key?protocol=7&client=js&version=8.4.0&flash=false' failed: Error in connection establishment: net::ERR_SSL_PROTOCOL_ERROR @ http://[::1]:5173/node_modules/.vite/deps/pusher-js.js?v=78e615f6:3255
[211422061ms] [ERROR] WebSocket connection to 'wss://localhost:8081/app/app-key?protocol=7&client=js&version=8.4.0&flash=false' failed: Error in connection establishment: net::ERR_SSL_PROTOCOL_ERROR @ http://[::1]:5173/node_modules/.vite/deps/pusher-js.js?v=78e615f6:3255
[211482064ms] [ERROR] WebSocket connection to 'wss://localhost:8081/app/app-key?protocol=7&client=js&version=8.4.0&flash=false' failed: Error in connection establishment: net::ERR_SSL_PROTOCOL_ERROR @ http://[::1]:5173/node_modules/.vite/deps/pusher-js.js?v=78e615f6:3255
[211542061ms] [ERROR] WebSocket connection to 'wss://localhost:8081/app/app-key?protocol=7&client=js&version=8.4.0&flash=false' failed: Error in connection establishment: net::ERR_SSL_PROTOCOL_ERROR @ http://[::1]:5173/node_modules/.vite/deps/pusher-js.js?v=78e615f6:3255
[211602071ms] [ERROR] WebSocket connection to 'wss://localhost:8081/app/app-key?protocol=7&client=js&version=8.4.0&flash=false' failed: Error in connection establishment: net::ERR_SSL_PROTOCOL_ERROR @ http://[::1]:5173/node_modules/.vite/deps/pusher-js.js?v=78e615f6:3255
[211662069ms] [ERROR] WebSocket connection to 'wss://localhost:8081/app/app-key?protocol=7&client=js&version=8.4.0&flash=false' failed: Error in connection establishment: net::ERR_SSL_PROTOCOL_ERROR @ http://[::1]:5173/node_modules/.vite/deps/pusher-js.js?v=78e615f6:3255
[211722064ms] [ERROR] WebSocket connection to 'wss://localhost:8081/app/app-key?protocol=7&client=js&version=8.4.0&flash=false' failed: Error in connection establishment: net::ERR_SSL_PROTOCOL_ERROR @ http://[::1]:5173/node_modules/.vite/deps/pusher-js.js?v=78e615f6:3255
[211782063ms] [ERROR] WebSocket connection to 'wss://localhost:8081/app/app-key?protocol=7&client=js&version=8.4.0&flash=false' failed: Error in connection establishment: net::ERR_SSL_PROTOCOL_ERROR @ http://[::1]:5173/node_modules/.vite/deps/pusher-js.js?v=78e615f6:3255
[211842063ms] [ERROR] WebSocket connection to 'wss://localhost:8081/app/app-key?protocol=7&client=js&version=8.4.0&flash=false' failed: Error in connection establishment: net::ERR_SSL_PROTOCOL_ERROR @ http://[::1]:5173/node_modules/.vite/deps/pusher-js.js?v=78e615f6:3255
[211902058ms] [ERROR] WebSocket connection to 'wss://localhost:8081/app/app-key?protocol=7&client=js&version=8.4.0&flash=false' failed: Error in connection establishment: net::ERR_SSL_PROTOCOL_ERROR @ http://[::1]:5173/node_modules/.vite/deps/pusher-js.js?v=78e615f6:3255
[211962065ms] [ERROR] WebSocket connection to 'wss://localhost:8081/app/app-key?protocol=7&client=js&version=8.4.0&flash=false' failed: Error in connection establishment: net::ERR_SSL_PROTOCOL_ERROR @ http://[::1]:5173/node_modules/.vite/deps/pusher-js.js?v=78e615f6:3255
[212022070ms] [ERROR] WebSocket connection to 'wss://localhost:8081/app/app-key?protocol=7&client=js&version=8.4.0&flash=false' failed: Error in connection establishment: net::ERR_SSL_PROTOCOL_ERROR @ http://[::1]:5173/node_modules/.vite/deps/pusher-js.js?v=78e615f6:3255
[212082078ms] [ERROR] WebSocket connection to 'wss://localhost:8081/app/app-key?protocol=7&client=js&version=8.4.0&flash=false' failed: Error in connection establishment: net::ERR_SSL_PROTOCOL_ERROR @ http://[::1]:5173/node_modules/.vite/deps/pusher-js.js?v=78e615f6:3255
[212142075ms] [ERROR] WebSocket connection to 'wss://localhost:8081/app/app-key?protocol=7&client=js&version=8.4.0&flash=false' failed: Error in connection establishment: net::ERR_SSL_PROTOCOL_ERROR @ http://[::1]:5173/node_modules/.vite/deps/pusher-js.js?v=78e615f6:3255
[212202078ms] [ERROR] WebSocket connection to 'wss://localhost:8081/app/app-key?protocol=7&client=js&version=8.4.0&flash=false' failed: Error in connection establishment: net::ERR_SSL_PROTOCOL_ERROR @ http://[::1]:5173/node_modules/.vite/deps/pusher-js.js?v=78e615f6:3255
[212262077ms] [ERROR] WebSocket connection to 'wss://localhost:8081/app/app-key?protocol=7&client=js&version=8.4.0&flash=false' failed: Error in connection establishment: net::ERR_SSL_PROTOCOL_ERROR @ http://[::1]:5173/node_modules/.vite/deps/pusher-js.js?v=78e615f6:3255
[212322076ms] [ERROR] WebSocket connection to 'wss://localhost:8081/app/app-key?protocol=7&client=js&version=8.4.0&flash=false' failed: Error in connection establishment: net::ERR_SSL_PROTOCOL_ERROR @ http://[::1]:5173/node_modules/.vite/deps/pusher-js.js?v=78e615f6:3255
[212382080ms] [ERROR] WebSocket connection to 'wss://localhost:8081/app/app-key?protocol=7&client=js&version=8.4.0&flash=false' failed: Error in connection establishment: net::ERR_SSL_PROTOCOL_ERROR @ http://[::1]:5173/node_modules/.vite/deps/pusher-js.js?v=78e615f6:3255
[212442081ms] [ERROR] WebSocket connection to 'wss://localhost:8081/app/app-key?protocol=7&client=js&version=8.4.0&flash=false' failed: Error in connection establishment: net::ERR_SSL_PROTOCOL_ERROR @ http://[::1]:5173/node_modules/.vite/deps/pusher-js.js?v=78e615f6:3255
[212502080ms] [ERROR] WebSocket connection to 'wss://localhost:8081/app/app-key?protocol=7&client=js&version=8.4.0&flash=false' failed: Error in connection establishment: net::ERR_SSL_PROTOCOL_ERROR @ http://[::1]:5173/node_modules/.vite/deps/pusher-js.js?v=78e615f6:3255
[212562084ms] [ERROR] WebSocket connection to 'wss://localhost:8081/app/app-key?protocol=7&client=js&version=8.4.0&flash=false' failed: Error in connection establishment: net::ERR_SSL_PROTOCOL_ERROR @ http://[::1]:5173/node_modules/.vite/deps/pusher-js.js?v=78e615f6:3255
[212622087ms] [ERROR] WebSocket connection to 'wss://localhost:8081/app/app-key?protocol=7&client=js&version=8.4.0&flash=false' failed: Error in connection establishment: net::ERR_SSL_PROTOCOL_ERROR @ http://[::1]:5173/node_modules/.vite/deps/pusher-js.js?v=78e615f6:3255
[212682084ms] [ERROR] WebSocket connection to 'wss://localhost:8081/app/app-key?protocol=7&client=js&version=8.4.0&flash=false' failed: Error in connection establishment: net::ERR_SSL_PROTOCOL_ERROR @ http://[::1]:5173/node_modules/.vite/deps/pusher-js.js?v=78e615f6:3255
[212742083ms] [ERROR] WebSocket connection to 'wss://localhost:8081/app/app-key?protocol=7&client=js&version=8.4.0&flash=false' failed: Error in connection establishment: net::ERR_SSL_PROTOCOL_ERROR @ http://[::1]:5173/node_modules/.vite/deps/pusher-js.js?v=78e615f6:3255
[212802087ms] [ERROR] WebSocket connection to 'wss://localhost:8081/app/app-key?protocol=7&client=js&version=8.4.0&flash=false' failed: Error in connection establishment: net::ERR_SSL_PROTOCOL_ERROR @ http://[::1]:5173/node_modules/.vite/deps/pusher-js.js?v=78e615f6:3255
[212862090ms] [ERROR] WebSocket connection to 'wss://localhost:8081/app/app-key?protocol=7&client=js&version=8.4.0&flash=false' failed: Error in connection establishment: net::ERR_SSL_PROTOCOL_ERROR @ http://[::1]:5173/node_modules/.vite/deps/pusher-js.js?v=78e615f6:3255
[212922086ms] [ERROR] WebSocket connection to 'wss://localhost:8081/app/app-key?protocol=7&client=js&version=8.4.0&flash=false' failed: Error in connection establishment: net::ERR_SSL_PROTOCOL_ERROR @ http://[::1]:5173/node_modules/.vite/deps/pusher-js.js?v=78e615f6:3255
[212982092ms] [ERROR] WebSocket connection to 'wss://localhost:8081/app/app-key?protocol=7&client=js&version=8.4.0&flash=false' failed: Error in connection establishment: net::ERR_SSL_PROTOCOL_ERROR @ http://[::1]:5173/node_modules/.vite/deps/pusher-js.js?v=78e615f6:3255
[213042092ms] [ERROR] WebSocket connection to 'wss://localhost:8081/app/app-key?protocol=7&client=js&version=8.4.0&flash=false' failed: Error in connection establishment: net::ERR_SSL_PROTOCOL_ERROR @ http://[::1]:5173/node_modules/.vite/deps/pusher-js.js?v=78e615f6:3255
[213102090ms] [ERROR] WebSocket connection to 'wss://localhost:8081/app/app-key?protocol=7&client=js&version=8.4.0&flash=false' failed: Error in connection establishment: net::ERR_SSL_PROTOCOL_ERROR @ http://[::1]:5173/node_modules/.vite/deps/pusher-js.js?v=78e615f6:3255
[213162097ms] [ERROR] WebSocket connection to 'wss://localhost:8081/app/app-key?protocol=7&client=js&version=8.4.0&flash=false' failed: Error in connection establishment: net::ERR_SSL_PROTOCOL_ERROR @ http://[::1]:5173/node_modules/.vite/deps/pusher-js.js?v=78e615f6:3255
[213222098ms] [ERROR] WebSocket connection to 'wss://localhost:8081/app/app-key?protocol=7&client=js&version=8.4.0&flash=false' failed: Error in connection establishment: net::ERR_SSL_PROTOCOL_ERROR @ http://[::1]:5173/node_modules/.vite/deps/pusher-js.js?v=78e615f6:3255
[213282103ms] [ERROR] WebSocket connection to 'wss://localhost:8081/app/app-key?protocol=7&client=js&version=8.4.0&flash=false' failed: Error in connection establishment: net::ERR_SSL_PROTOCOL_ERROR @ http://[::1]:5173/node_modules/.vite/deps/pusher-js.js?v=78e615f6:3255
[213342101ms] [ERROR] WebSocket connection to 'wss://localhost:8081/app/app-key?protocol=7&client=js&version=8.4.0&flash=false' failed: Error in connection establishment: net::ERR_SSL_PROTOCOL_ERROR @ http://[::1]:5173/node_modules/.vite/deps/pusher-js.js?v=78e615f6:3255
[213402097ms] [ERROR] WebSocket connection to 'wss://localhost:8081/app/app-key?protocol=7&client=js&version=8.4.0&flash=false' failed: Error in connection establishment: net::ERR_SSL_PROTOCOL_ERROR @ http://[::1]:5173/node_modules/.vite/deps/pusher-js.js?v=78e615f6:3255
[213462100ms] [ERROR] WebSocket connection to 'wss://localhost:8081/app/app-key?protocol=7&client=js&version=8.4.0&flash=false' failed: Error in connection establishment: net::ERR_SSL_PROTOCOL_ERROR @ http://[::1]:5173/node_modules/.vite/deps/pusher-js.js?v=78e615f6:3255
[213522103ms] [ERROR] WebSocket connection to 'wss://localhost:8081/app/app-key?protocol=7&client=js&version=8.4.0&flash=false' failed: Error in connection establishment: net::ERR_SSL_PROTOCOL_ERROR @ http://[::1]:5173/node_modules/.vite/deps/pusher-js.js?v=78e615f6:3255
[213582114ms] [ERROR] WebSocket connection to 'wss://localhost:8081/app/app-key?protocol=7&client=js&version=8.4.0&flash=false' failed: Error in connection establishment: net::ERR_SSL_PROTOCOL_ERROR @ http://[::1]:5173/node_modules/.vite/deps/pusher-js.js?v=78e615f6:3255
[213642110ms] [ERROR] WebSocket connection to 'wss://localhost:8081/app/app-key?protocol=7&client=js&version=8.4.0&flash=false' failed: Error in connection establishment: net::ERR_SSL_PROTOCOL_ERROR @ http://[::1]:5173/node_modules/.vite/deps/pusher-js.js?v=78e615f6:3255
[213702117ms] [ERROR] WebSocket connection to 'wss://localhost:8081/app/app-key?protocol=7&client=js&version=8.4.0&flash=false' failed: Error in connection establishment: net::ERR_SSL_PROTOCOL_ERROR @ http://[::1]:5173/node_modules/.vite/deps/pusher-js.js?v=78e615f6:3255
[213762123ms] [ERROR] WebSocket connection to 'wss://localhost:8081/app/app-key?protocol=7&client=js&version=8.4.0&flash=false' failed: Error in connection establishment: net::ERR_SSL_PROTOCOL_ERROR @ http://[::1]:5173/node_modules/.vite/deps/pusher-js.js?v=78e615f6:3255
[213822120ms] [ERROR] WebSocket connection to 'wss://localhost:8081/app/app-key?protocol=7&client=js&version=8.4.0&flash=false' failed: Error in connection establishment: net::ERR_SSL_PROTOCOL_ERROR @ http://[::1]:5173/node_modules/.vite/deps/pusher-js.js?v=78e615f6:3255
[213882114ms] [ERROR] WebSocket connection to 'wss://localhost:8081/app/app-key?protocol=7&client=js&version=8.4.0&flash=false' failed: Error in connection establishment: net::ERR_SSL_PROTOCOL_ERROR @ http://[::1]:5173/node_modules/.vite/deps/pusher-js.js?v=78e615f6:3255
[213942114ms] [ERROR] WebSocket connection to 'wss://localhost:8081/app/app-key?protocol=7&client=js&version=8.4.0&flash=false' failed: Error in connection establishment: net::ERR_SSL_PROTOCOL_ERROR @ http://[::1]:5173/node_modules/.vite/deps/pusher-js.js?v=78e615f6:3255
[214002118ms] [ERROR] WebSocket connection to 'wss://localhost:8081/app/app-key?protocol=7&client=js&version=8.4.0&flash=false' failed: Error in connection establishment: net::ERR_SSL_PROTOCOL_ERROR @ http://[::1]:5173/node_modules/.vite/deps/pusher-js.js?v=78e615f6:3255
[214062119ms] [ERROR] WebSocket connection to 'wss://localhost:8081/app/app-key?protocol=7&client=js&version=8.4.0&flash=false' failed: Error in connection establishment: net::ERR_SSL_PROTOCOL_ERROR @ http://[::1]:5173/node_modules/.vite/deps/pusher-js.js?v=78e615f6:3255
[214122124ms] [ERROR] WebSocket connection to 'wss://localhost:8081/app/app-key?protocol=7&client=js&version=8.4.0&flash=false' failed: Error in connection establishment: net::ERR_SSL_PROTOCOL_ERROR @ http://[::1]:5173/node_modules/.vite/deps/pusher-js.js?v=78e615f6:3255
[214182124ms] [ERROR] WebSocket connection to 'wss://localhost:8081/app/app-key?protocol=7&client=js&version=8.4.0&flash=false' failed: Error in connection establishment: net::ERR_SSL_PROTOCOL_ERROR @ http://[::1]:5173/node_modules/.vite/deps/pusher-js.js?v=78e615f6:3255
[214242124ms] [ERROR] WebSocket connection to 'wss://localhost:8081/app/app-key?protocol=7&client=js&version=8.4.0&flash=false' failed: Error in connection establishment: net::ERR_SSL_PROTOCOL_ERROR @ http://[::1]:5173/node_modules/.vite/deps/pusher-js.js?v=78e615f6:3255
[214302127ms] [ERROR] WebSocket connection to 'wss://localhost:8081/app/app-key?protocol=7&client=js&version=8.4.0&flash=false' failed: Error in connection establishment: net::ERR_SSL_PROTOCOL_ERROR @ http://[::1]:5173/node_modules/.vite/deps/pusher-js.js?v=78e615f6:3255
[214362130ms] [ERROR] WebSocket connection to 'wss://localhost:8081/app/app-key?protocol=7&client=js&version=8.4.0&flash=false' failed: Error in connection establishment: net::ERR_SSL_PROTOCOL_ERROR @ http://[::1]:5173/node_modules/.vite/deps/pusher-js.js?v=78e615f6:3255
[214422132ms] [ERROR] WebSocket connection to 'wss://localhost:8081/app/app-key?protocol=7&client=js&version=8.4.0&flash=false' failed: Error in connection establishment: net::ERR_SSL_PROTOCOL_ERROR @ http://[::1]:5173/node_modules/.vite/deps/pusher-js.js?v=78e615f6:3255
[214482136ms] [ERROR] WebSocket connection to 'wss://localhost:8081/app/app-key?protocol=7&client=js&version=8.4.0&flash=false' failed: Error in connection establishment: net::ERR_SSL_PROTOCOL_ERROR @ http://[::1]:5173/node_modules/.vite/deps/pusher-js.js?v=78e615f6:3255
[214542133ms] [ERROR] WebSocket connection to 'wss://localhost:8081/app/app-key?protocol=7&client=js&version=8.4.0&flash=false' failed: Error in connection establishment: net::ERR_SSL_PROTOCOL_ERROR @ http://[::1]:5173/node_modules/.vite/deps/pusher-js.js?v=78e615f6:3255
[214602137ms] [ERROR] WebSocket connection to 'wss://localhost:8081/app/app-key?protocol=7&client=js&version=8.4.0&flash=false' failed: Error in connection establishment: net::ERR_SSL_PROTOCOL_ERROR @ http://[::1]:5173/node_modules/.vite/deps/pusher-js.js?v=78e615f6:3255
[214662140ms] [ERROR] WebSocket connection to 'wss://localhost:8081/app/app-key?protocol=7&client=js&version=8.4.0&flash=false' failed: Error in connection establishment: net::ERR_SSL_PROTOCOL_ERROR @ http://[::1]:5173/node_modules/.vite/deps/pusher-js.js?v=78e615f6:3255
[214722140ms] [ERROR] WebSocket connection to 'wss://localhost:8081/app/app-key?protocol=7&client=js&version=8.4.0&flash=false' failed: Error in connection establishment: net::ERR_SSL_PROTOCOL_ERROR @ http://[::1]:5173/node_modules/.vite/deps/pusher-js.js?v=78e615f6:3255
[214782144ms] [ERROR] WebSocket connection to 'wss://localhost:8081/app/app-key?protocol=7&client=js&version=8.4.0&flash=false' failed: Error in connection establishment: net::ERR_SSL_PROTOCOL_ERROR @ http://[::1]:5173/node_modules/.vite/deps/pusher-js.js?v=78e615f6:3255
[214842152ms] [ERROR] WebSocket connection to 'wss://localhost:8081/app/app-key?protocol=7&client=js&version=8.4.0&flash=false' failed: Error in connection establishment: net::ERR_SSL_PROTOCOL_ERROR @ http://[::1]:5173/node_modules/.vite/deps/pusher-js.js?v=78e615f6:3255
[214902147ms] [ERROR] WebSocket connection to 'wss://localhost:8081/app/app-key?protocol=7&client=js&version=8.4.0&flash=false' failed: Error in connection establishment: net::ERR_SSL_PROTOCOL_ERROR @ http://[::1]:5173/node_modules/.vite/deps/pusher-js.js?v=78e615f6:3255
[214962147ms] [ERROR] WebSocket connection to 'wss://localhost:8081/app/app-key?protocol=7&client=js&version=8.4.0&flash=false' failed: Error in connection establishment: net::ERR_SSL_PROTOCOL_ERROR @ http://[::1]:5173/node_modules/.vite/deps/pusher-js.js?v=78e615f6:3255
[215022148ms] [ERROR] WebSocket connection to 'wss://localhost:8081/app/app-key?protocol=7&client=js&version=8.4.0&flash=false' failed: Error in connection establishment: net::ERR_SSL_PROTOCOL_ERROR @ http://[::1]:5173/node_modules/.vite/deps/pusher-js.js?v=78e615f6:3255
[215082145ms] [ERROR] WebSocket connection to 'wss://localhost:8081/app/app-key?protocol=7&client=js&version=8.4.0&flash=false' failed: Error in connection establishment: net::ERR_SSL_PROTOCOL_ERROR @ http://[::1]:5173/node_modules/.vite/deps/pusher-js.js?v=78e615f6:3255
[215142149ms] [ERROR] WebSocket connection to 'wss://localhost:8081/app/app-key?protocol=7&client=js&version=8.4.0&flash=false' failed: Error in connection establishment: net::ERR_SSL_PROTOCOL_ERROR @ http://[::1]:5173/node_modules/.vite/deps/pusher-js.js?v=78e615f6:3255
[215202156ms] [ERROR] WebSocket connection to 'wss://localhost:8081/app/app-key?protocol=7&client=js&version=8.4.0&flash=false' failed: Error in connection establishment: net::ERR_SSL_PROTOCOL_ERROR @ http://[::1]:5173/node_modules/.vite/deps/pusher-js.js?v=78e615f6:3255
[215262151ms] [ERROR] WebSocket connection to 'wss://localhost:8081/app/app-key?protocol=7&client=js&version=8.4.0&flash=false' failed: Error in connection establishment: net::ERR_SSL_PROTOCOL_ERROR @ http://[::1]:5173/node_modules/.vite/deps/pusher-js.js?v=78e615f6:3255
[215322161ms] [ERROR] WebSocket connection to 'wss://localhost:8081/app/app-key?protocol=7&client=js&version=8.4.0&flash=false' failed: Error in connection establishment: net::ERR_SSL_PROTOCOL_ERROR @ http://[::1]:5173/node_modules/.vite/deps/pusher-js.js?v=78e615f6:3255
[215382156ms] [ERROR] WebSocket connection to 'wss://localhost:8081/app/app-key?protocol=7&client=js&version=8.4.0&flash=false' failed: Error in connection establishment: net::ERR_SSL_PROTOCOL_ERROR @ http://[::1]:5173/node_modules/.vite/deps/pusher-js.js?v=78e615f6:3255
[215442161ms] [ERROR] WebSocket connection to 'wss://localhost:8081/app/app-key?protocol=7&client=js&version=8.4.0&flash=false' failed: Error in connection establishment: net::ERR_SSL_PROTOCOL_ERROR @ http://[::1]:5173/node_modules/.vite/deps/pusher-js.js?v=78e615f6:3255
[215502160ms] [ERROR] WebSocket connection to 'wss://localhost:8081/app/app-key?protocol=7&client=js&version=8.4.0&flash=false' failed: Error in connection establishment: net::ERR_SSL_PROTOCOL_ERROR @ http://[::1]:5173/node_modules/.vite/deps/pusher-js.js?v=78e615f6:3255
[215562164ms] [ERROR] WebSocket connection to 'wss://localhost:8081/app/app-key?protocol=7&client=js&version=8.4.0&flash=false' failed: Error in connection establishment: net::ERR_SSL_PROTOCOL_ERROR @ http://[::1]:5173/node_modules/.vite/deps/pusher-js.js?v=78e615f6:3255
[215622187ms] [ERROR] WebSocket connection to 'wss://localhost:8081/app/app-key?protocol=7&client=js&version=8.4.0&flash=false' failed: Error in connection establishment: net::ERR_SSL_PROTOCOL_ERROR @ http://[::1]:5173/node_modules/.vite/deps/pusher-js.js?v=78e615f6:3255
[215682160ms] [ERROR] WebSocket connection to 'wss://localhost:8081/app/app-key?protocol=7&client=js&version=8.4.0&flash=false' failed: Error in connection establishment: net::ERR_SSL_PROTOCOL_ERROR @ http://[::1]:5173/node_modules/.vite/deps/pusher-js.js?v=78e615f6:3255
[215742165ms] [ERROR] WebSocket connection to 'wss://localhost:8081/app/app-key?protocol=7&client=js&version=8.4.0&flash=false' failed: Error in connection establishment: net::ERR_SSL_PROTOCOL_ERROR @ http://[::1]:5173/node_modules/.vite/deps/pusher-js.js?v=78e615f6:3255
[215802171ms] [ERROR] WebSocket connection to 'wss://localhost:8081/app/app-key?protocol=7&client=js&version=8.4.0&flash=false' failed: Error in connection establishment: net::ERR_SSL_PROTOCOL_ERROR @ http://[::1]:5173/node_modules/.vite/deps/pusher-js.js?v=78e615f6:3255
[215862133ms] [ERROR] WebSocket connection to 'wss://localhost:8081/app/app-key?protocol=7&client=js&version=8.4.0&flash=false' failed: Error in connection establishment: net::ERR_SSL_PROTOCOL_ERROR @ http://[::1]:5173/node_modules/.vite/deps/pusher-js.js?v=78e615f6:3255
[215922131ms] [ERROR] WebSocket connection to 'wss://localhost:8081/app/app-key?protocol=7&client=js&version=8.4.0&flash=false' failed: Error in connection establishment: net::ERR_SSL_PROTOCOL_ERROR @ http://[::1]:5173/node_modules/.vite/deps/pusher-js.js?v=78e615f6:3255
[215982128ms] [ERROR] WebSocket connection to 'wss://localhost:8081/app/app-key?protocol=7&client=js&version=8.4.0&flash=false' failed: Error in connection establishment: net::ERR_SSL_PROTOCOL_ERROR @ http://[::1]:5173/node_modules/.vite/deps/pusher-js.js?v=78e615f6:3255
[216042134ms] [ERROR] WebSocket connection to 'wss://localhost:8081/app/app-key?protocol=7&client=js&version=8.4.0&flash=false' failed: Error in connection establishment: net::ERR_SSL_PROTOCOL_ERROR @ http://[::1]:5173/node_modules/.vite/deps/pusher-js.js?v=78e615f6:3255
[216102135ms] [ERROR] WebSocket connection to 'wss://localhost:8081/app/app-key?protocol=7&client=js&version=8.4.0&flash=false' failed: Error in connection establishment: net::ERR_SSL_PROTOCOL_ERROR @ http://[::1]:5173/node_modules/.vite/deps/pusher-js.js?v=78e615f6:3255
[216162129ms] [ERROR] WebSocket connection to 'wss://localhost:8081/app/app-key?protocol=7&client=js&version=8.4.0&flash=false' failed: Error in connection establishment: net::ERR_SSL_PROTOCOL_ERROR @ http://[::1]:5173/node_modules/.vite/deps/pusher-js.js?v=78e615f6:3255
[216222141ms] [ERROR] WebSocket connection to 'wss://localhost:8081/app/app-key?protocol=7&client=js&version=8.4.0&flash=false' failed: Error in connection establishment: net::ERR_SSL_PROTOCOL_ERROR @ http://[::1]:5173/node_modules/.vite/deps/pusher-js.js?v=78e615f6:3255
[216282140ms] [ERROR] WebSocket connection to 'wss://localhost:8081/app/app-key?protocol=7&client=js&version=8.4.0&flash=false' failed: Error in connection establishment: net::ERR_SSL_PROTOCOL_ERROR @ http://[::1]:5173/node_modules/.vite/deps/pusher-js.js?v=78e615f6:3255
[216342145ms] [ERROR] WebSocket connection to 'wss://localhost:8081/app/app-key?protocol=7&client=js&version=8.4.0&flash=false' failed: Error in connection establishment: net::ERR_SSL_PROTOCOL_ERROR @ http://[::1]:5173/node_modules/.vite/deps/pusher-js.js?v=78e615f6:3255
[216402138ms] [ERROR] WebSocket connection to 'wss://localhost:8081/app/app-key?protocol=7&client=js&version=8.4.0&flash=false' failed: Error in connection establishment: net::ERR_SSL_PROTOCOL_ERROR @ http://[::1]:5173/node_modules/.vite/deps/pusher-js.js?v=78e615f6:3255
[216462143ms] [ERROR] WebSocket connection to 'wss://localhost:8081/app/app-key?protocol=7&client=js&version=8.4.0&flash=false' failed: Error in connection establishment: net::ERR_SSL_PROTOCOL_ERROR @ http://[::1]:5173/node_modules/.vite/deps/pusher-js.js?v=78e615f6:3255
[216522153ms] [ERROR] WebSocket connection to 'wss://localhost:8081/app/app-key?protocol=7&client=js&version=8.4.0&flash=false' failed: Error in connection establishment: net::ERR_SSL_PROTOCOL_ERROR @ http://[::1]:5173/node_modules/.vite/deps/pusher-js.js?v=78e615f6:3255
[216582148ms] [ERROR] WebSocket connection to 'wss://localhost:8081/app/app-key?protocol=7&client=js&version=8.4.0&flash=false' failed: Error in connection establishment: net::ERR_SSL_PROTOCOL_ERROR @ http://[::1]:5173/node_modules/.vite/deps/pusher-js.js?v=78e615f6:3255
[216642148ms] [ERROR] WebSocket connection to 'wss://localhost:8081/app/app-key?protocol=7&client=js&version=8.4.0&flash=false' failed: Error in connection establishment: net::ERR_SSL_PROTOCOL_ERROR @ http://[::1]:5173/node_modules/.vite/deps/pusher-js.js?v=78e615f6:3255
[216702153ms] [ERROR] WebSocket connection to 'wss://localhost:8081/app/app-key?protocol=7&client=js&version=8.4.0&flash=false' failed: Error in connection establishment: net::ERR_SSL_PROTOCOL_ERROR @ http://[::1]:5173/node_modules/.vite/deps/pusher-js.js?v=78e615f6:3255
[216762157ms] [ERROR] WebSocket connection to 'wss://localhost:8081/app/app-key?protocol=7&client=js&version=8.4.0&flash=false' failed: Error in connection establishment: net::ERR_SSL_PROTOCOL_ERROR @ http://[::1]:5173/node_modules/.vite/deps/pusher-js.js?v=78e615f6:3255
[216822147ms] [ERROR] WebSocket connection to 'wss://localhost:8081/app/app-key?protocol=7&client=js&version=8.4.0&flash=false' failed: Error in connection establishment: net::ERR_SSL_PROTOCOL_ERROR @ http://[::1]:5173/node_modules/.vite/deps/pusher-js.js?v=78e615f6:3255
[216882154ms] [ERROR] WebSocket connection to 'wss://localhost:8081/app/app-key?protocol=7&client=js&version=8.4.0&flash=false' failed: Error in connection establishment: net::ERR_SSL_PROTOCOL_ERROR @ http://[::1]:5173/node_modules/.vite/deps/pusher-js.js?v=78e615f6:3255
[216942155ms] [ERROR] WebSocket connection to 'wss://localhost:8081/app/app-key?protocol=7&client=js&version=8.4.0&flash=false' failed: Error in connection establishment: net::ERR_SSL_PROTOCOL_ERROR @ http://[::1]:5173/node_modules/.vite/deps/pusher-js.js?v=78e615f6:3255
[217002160ms] [ERROR] WebSocket connection to 'wss://localhost:8081/app/app-key?protocol=7&client=js&version=8.4.0&flash=false' failed: Error in connection establishment: net::ERR_SSL_PROTOCOL_ERROR @ http://[::1]:5173/node_modules/.vite/deps/pusher-js.js?v=78e615f6:3255
[217062154ms] [ERROR] WebSocket connection to 'wss://localhost:8081/app/app-key?protocol=7&client=js&version=8.4.0&flash=false' failed: Error in connection establishment: net::ERR_SSL_PROTOCOL_ERROR @ http://[::1]:5173/node_modules/.vite/deps/pusher-js.js?v=78e615f6:3255
[217122159ms] [ERROR] WebSocket connection to 'wss://localhost:8081/app/app-key?protocol=7&client=js&version=8.4.0&flash=false' failed: Error in connection establishment: net::ERR_SSL_PROTOCOL_ERROR @ http://[::1]:5173/node_modules/.vite/deps/pusher-js.js?v=78e615f6:3255
[217182151ms] [ERROR] WebSocket connection to 'wss://localhost:8081/app/app-key?protocol=7&client=js&version=8.4.0&flash=false' failed: Error in connection establishment: net::ERR_SSL_PROTOCOL_ERROR @ http://[::1]:5173/node_modules/.vite/deps/pusher-js.js?v=78e615f6:3255
[217242154ms] [ERROR] WebSocket connection to 'wss://localhost:8081/app/app-key?protocol=7&client=js&version=8.4.0&flash=false' failed: Error in connection establishment: net::ERR_SSL_PROTOCOL_ERROR @ http://[::1]:5173/node_modules/.vite/deps/pusher-js.js?v=78e615f6:3255
[217302158ms] [ERROR] WebSocket connection to 'wss://localhost:8081/app/app-key?protocol=7&client=js&version=8.4.0&flash=false' failed: Error in connection establishment: net::ERR_SSL_PROTOCOL_ERROR @ http://[::1]:5173/node_modules/.vite/deps/pusher-js.js?v=78e615f6:3255
[217362161ms] [ERROR] WebSocket connection to 'wss://localhost:8081/app/app-key?protocol=7&client=js&version=8.4.0&flash=false' failed: Error in connection establishment: net::ERR_SSL_PROTOCOL_ERROR @ http://[::1]:5173/node_modules/.vite/deps/pusher-js.js?v=78e615f6:3255
[217422162ms] [ERROR] WebSocket connection to 'wss://localhost:8081/app/app-key?protocol=7&client=js&version=8.4.0&flash=false' failed: Error in connection establishment: net::ERR_SSL_PROTOCOL_ERROR @ http://[::1]:5173/node_modules/.vite/deps/pusher-js.js?v=78e615f6:3255
[217482165ms] [ERROR] WebSocket connection to 'wss://localhost:8081/app/app-key?protocol=7&client=js&version=8.4.0&flash=false' failed: Error in connection establishment: net::ERR_SSL_PROTOCOL_ERROR @ http://[::1]:5173/node_modules/.vite/deps/pusher-js.js?v=78e615f6:3255
[217542173ms] [ERROR] WebSocket connection to 'wss://localhost:8081/app/app-key?protocol=7&client=js&version=8.4.0&flash=false' failed: Error in connection establishment: net::ERR_SSL_PROTOCOL_ERROR @ http://[::1]:5173/node_modules/.vite/deps/pusher-js.js?v=78e615f6:3255
[217602168ms] [ERROR] WebSocket connection to 'wss://localhost:8081/app/app-key?protocol=7&client=js&version=8.4.0&flash=false' failed: Error in connection establishment: net::ERR_SSL_PROTOCOL_ERROR @ http://[::1]:5173/node_modules/.vite/deps/pusher-js.js?v=78e615f6:3255
[217662169ms] [ERROR] WebSocket connection to 'wss://localhost:8081/app/app-key?protocol=7&client=js&version=8.4.0&flash=false' failed: Error in connection establishment: net::ERR_SSL_PROTOCOL_ERROR @ http://[::1]:5173/node_modules/.vite/deps/pusher-js.js?v=78e615f6:3255
[217722162ms] [ERROR] WebSocket connection to 'wss://localhost:8081/app/app-key?protocol=7&client=js&version=8.4.0&flash=false' failed: Error in connection establishment: net::ERR_SSL_PROTOCOL_ERROR @ http://[::1]:5173/node_modules/.vite/deps/pusher-js.js?v=78e615f6:3255
[217782169ms] [ERROR] WebSocket connection to 'wss://localhost:8081/app/app-key?protocol=7&client=js&version=8.4.0&flash=false' failed: Error in connection establishment: net::ERR_SSL_PROTOCOL_ERROR @ http://[::1]:5173/node_modules/.vite/deps/pusher-js.js?v=78e615f6:3255
[217842197ms] [ERROR] WebSocket connection to 'wss://localhost:8081/app/app-key?protocol=7&client=js&version=8.4.0&flash=false' failed: Error in connection establishment: net::ERR_SSL_PROTOCOL_ERROR @ http://[::1]:5173/node_modules/.vite/deps/pusher-js.js?v=78e615f6:3255
[217902201ms] [ERROR] WebSocket connection to 'wss://localhost:8081/app/app-key?protocol=7&client=js&version=8.4.0&flash=false' failed: Error in connection establishment: net::ERR_SSL_PROTOCOL_ERROR @ http://[::1]:5173/node_modules/.vite/deps/pusher-js.js?v=78e615f6:3255
[217962204ms] [ERROR] WebSocket connection to 'wss://localhost:8081/app/app-key?protocol=7&client=js&version=8.4.0&flash=false' failed: Error in connection establishment: net::ERR_SSL_PROTOCOL_ERROR @ http://[::1]:5173/node_modules/.vite/deps/pusher-js.js?v=78e615f6:3255
[218022200ms] [ERROR] WebSocket connection to 'wss://localhost:8081/app/app-key?protocol=7&client=js&version=8.4.0&flash=false' failed: Error in connection establishment: net::ERR_SSL_PROTOCOL_ERROR @ http://[::1]:5173/node_modules/.vite/deps/pusher-js.js?v=78e615f6:3255
[218082205ms] [ERROR] WebSocket connection to 'wss://localhost:8081/app/app-key?protocol=7&client=js&version=8.4.0&flash=false' failed: Error in connection establishment: net::ERR_SSL_PROTOCOL_ERROR @ http://[::1]:5173/node_modules/.vite/deps/pusher-js.js?v=78e615f6:3255
[218142205ms] [ERROR] WebSocket connection to 'wss://localhost:8081/app/app-key?protocol=7&client=js&version=8.4.0&flash=false' failed: Error in connection establishment: net::ERR_SSL_PROTOCOL_ERROR @ http://[::1]:5173/node_modules/.vite/deps/pusher-js.js?v=78e615f6:3255
[218202209ms] [ERROR] WebSocket connection to 'wss://localhost:8081/app/app-key?protocol=7&client=js&version=8.4.0&flash=false' failed: Error in connection establishment: net::ERR_SSL_PROTOCOL_ERROR @ http://[::1]:5173/node_modules/.vite/deps/pusher-js.js?v=78e615f6:3255
[218262212ms] [ERROR] WebSocket connection to 'wss://localhost:8081/app/app-key?protocol=7&client=js&version=8.4.0&flash=false' failed: Error in connection establishment: net::ERR_SSL_PROTOCOL_ERROR @ http://[::1]:5173/node_modules/.vite/deps/pusher-js.js?v=78e615f6:3255
[218322212ms] [ERROR] WebSocket connection to 'wss://localhost:8081/app/app-key?protocol=7&client=js&version=8.4.0&flash=false' failed: Error in connection establishment: net::ERR_SSL_PROTOCOL_ERROR @ http://[::1]:5173/node_modules/.vite/deps/pusher-js.js?v=78e615f6:3255
[218382212ms] [ERROR] WebSocket connection to 'wss://localhost:8081/app/app-key?protocol=7&client=js&version=8.4.0&flash=false' failed: Error in connection establishment: net::ERR_SSL_PROTOCOL_ERROR @ http://[::1]:5173/node_modules/.vite/deps/pusher-js.js?v=78e615f6:3255
[218442218ms] [ERROR] WebSocket connection to 'wss://localhost:8081/app/app-key?protocol=7&client=js&version=8.4.0&flash=false' failed: Error in connection establishment: net::ERR_SSL_PROTOCOL_ERROR @ http://[::1]:5173/node_modules/.vite/deps/pusher-js.js?v=78e615f6:3255
[218502218ms] [ERROR] WebSocket connection to 'wss://localhost:8081/app/app-key?protocol=7&client=js&version=8.4.0&flash=false' failed: Error in connection establishment: net::ERR_SSL_PROTOCOL_ERROR @ http://[::1]:5173/node_modules/.vite/deps/pusher-js.js?v=78e615f6:3255
[218562226ms] [ERROR] WebSocket connection to 'wss://localhost:8081/app/app-key?protocol=7&client=js&version=8.4.0&flash=false' failed: Error in connection establishment: net::ERR_SSL_PROTOCOL_ERROR @ http://[::1]:5173/node_modules/.vite/deps/pusher-js.js?v=78e615f6:3255
[218622225ms] [ERROR] WebSocket connection to 'wss://localhost:8081/app/app-key?protocol=7&client=js&version=8.4.0&flash=false' failed: Error in connection establishment: net::ERR_SSL_PROTOCOL_ERROR @ http://[::1]:5173/node_modules/.vite/deps/pusher-js.js?v=78e615f6:3255
[218682221ms] [ERROR] WebSocket connection to 'wss://localhost:8081/app/app-key?protocol=7&client=js&version=8.4.0&flash=false' failed: Error in connection establishment: net::ERR_SSL_PROTOCOL_ERROR @ http://[::1]:5173/node_modules/.vite/deps/pusher-js.js?v=78e615f6:3255
[218742222ms] [ERROR] WebSocket connection to 'wss://localhost:8081/app/app-key?protocol=7&client=js&version=8.4.0&flash=false' failed: Error in connection establishment: net::ERR_SSL_PROTOCOL_ERROR @ http://[::1]:5173/node_modules/.vite/deps/pusher-js.js?v=78e615f6:3255
[218802223ms] [ERROR] WebSocket connection to 'wss://localhost:8081/app/app-key?protocol=7&client=js&version=8.4.0&flash=false' failed: Error in connection establishment: net::ERR_SSL_PROTOCOL_ERROR @ http://[::1]:5173/node_modules/.vite/deps/pusher-js.js?v=78e615f6:3255
[218862223ms] [ERROR] WebSocket connection to 'wss://localhost:8081/app/app-key?protocol=7&client=js&version=8.4.0&flash=false' failed: Error in connection establishment: net::ERR_SSL_PROTOCOL_ERROR @ http://[::1]:5173/node_modules/.vite/deps/pusher-js.js?v=78e615f6:3255
[218922221ms] [ERROR] WebSocket connection to 'wss://localhost:8081/app/app-key?protocol=7&client=js&version=8.4.0&flash=false' failed: Error in connection establishment: net::ERR_SSL_PROTOCOL_ERROR @ http://[::1]:5173/node_modules/.vite/deps/pusher-js.js?v=78e615f6:3255
[218982228ms] [ERROR] WebSocket connection to 'wss://localhost:8081/app/app-key?protocol=7&client=js&version=8.4.0&flash=false' failed: Error in connection establishment: net::ERR_SSL_PROTOCOL_ERROR @ http://[::1]:5173/node_modules/.vite/deps/pusher-js.js?v=78e615f6:3255
[219042227ms] [ERROR] WebSocket connection to 'wss://localhost:8081/app/app-key?protocol=7&client=js&version=8.4.0&flash=false' failed: Error in connection establishment: net::ERR_SSL_PROTOCOL_ERROR @ http://[::1]:5173/node_modules/.vite/deps/pusher-js.js?v=78e615f6:3255
[219102226ms] [ERROR] WebSocket connection to 'wss://localhost:8081/app/app-key?protocol=7&client=js&version=8.4.0&flash=false' failed: Error in connection establishment: net::ERR_SSL_PROTOCOL_ERROR @ http://[::1]:5173/node_modules/.vite/deps/pusher-js.js?v=78e615f6:3255
[219162238ms] [ERROR] WebSocket connection to 'wss://localhost:8081/app/app-key?protocol=7&client=js&version=8.4.0&flash=false' failed: Error in connection establishment: net::ERR_SSL_PROTOCOL_ERROR @ http://[::1]:5173/node_modules/.vite/deps/pusher-js.js?v=78e615f6:3255
[219222231ms] [ERROR] WebSocket connection to 'wss://localhost:8081/app/app-key?protocol=7&client=js&version=8.4.0&flash=false' failed: Error in connection establishment: net::ERR_SSL_PROTOCOL_ERROR @ http://[::1]:5173/node_modules/.vite/deps/pusher-js.js?v=78e615f6:3255
[219282235ms] [ERROR] WebSocket connection to 'wss://localhost:8081/app/app-key?protocol=7&client=js&version=8.4.0&flash=false' failed: Error in connection establishment: net::ERR_SSL_PROTOCOL_ERROR @ http://[::1]:5173/node_modules/.vite/deps/pusher-js.js?v=78e615f6:3255
[219342236ms] [ERROR] WebSocket connection to 'wss://localhost:8081/app/app-key?protocol=7&client=js&version=8.4.0&flash=false' failed: Error in connection establishment: net::ERR_SSL_PROTOCOL_ERROR @ http://[::1]:5173/node_modules/.vite/deps/pusher-js.js?v=78e615f6:3255
[219402235ms] [ERROR] WebSocket connection to 'wss://localhost:8081/app/app-key?protocol=7&client=js&version=8.4.0&flash=false' failed: Error in connection establishment: net::ERR_SSL_PROTOCOL_ERROR @ http://[::1]:5173/node_modules/.vite/deps/pusher-js.js?v=78e615f6:3255
[219462242ms] [ERROR] WebSocket connection to 'wss://localhost:8081/app/app-key?protocol=7&client=js&version=8.4.0&flash=false' failed: Error in connection establishment: net::ERR_SSL_PROTOCOL_ERROR @ http://[::1]:5173/node_modules/.vite/deps/pusher-js.js?v=78e615f6:3255
[219522239ms] [ERROR] WebSocket connection to 'wss://localhost:8081/app/app-key?protocol=7&client=js&version=8.4.0&flash=false' failed: Error in connection establishment: net::ERR_SSL_PROTOCOL_ERROR @ http://[::1]:5173/node_modules/.vite/deps/pusher-js.js?v=78e615f6:3255
[219582242ms] [ERROR] WebSocket connection to 'wss://localhost:8081/app/app-key?protocol=7&client=js&version=8.4.0&flash=false' failed: Error in connection establishment: net::ERR_SSL_PROTOCOL_ERROR @ http://[::1]:5173/node_modules/.vite/deps/pusher-js.js?v=78e615f6:3255
[219642241ms] [ERROR] WebSocket connection to 'wss://localhost:8081/app/app-key?protocol=7&client=js&version=8.4.0&flash=false' failed: Error in connection establishment: net::ERR_SSL_PROTOCOL_ERROR @ http://[::1]:5173/node_modules/.vite/deps/pusher-js.js?v=78e615f6:3255
[219702245ms] [ERROR] WebSocket connection to 'wss://localhost:8081/app/app-key?protocol=7&client=js&version=8.4.0&flash=false' failed: Error in connection establishment: net::ERR_SSL_PROTOCOL_ERROR @ http://[::1]:5173/node_modules/.vite/deps/pusher-js.js?v=78e615f6:3255
[219762250ms] [ERROR] WebSocket connection to 'wss://localhost:8081/app/app-key?protocol=7&client=js&version=8.4.0&flash=false' failed: Error in connection establishment: net::ERR_SSL_PROTOCOL_ERROR @ http://[::1]:5173/node_modules/.vite/deps/pusher-js.js?v=78e615f6:3255
[219822256ms] [ERROR] WebSocket connection to 'wss://localhost:8081/app/app-key?protocol=7&client=js&version=8.4.0&flash=false' failed: Error in connection establishment: net::ERR_SSL_PROTOCOL_ERROR @ http://[::1]:5173/node_modules/.vite/deps/pusher-js.js?v=78e615f6:3255
[219882252ms] [ERROR] WebSocket connection to 'wss://localhost:8081/app/app-key?protocol=7&client=js&version=8.4.0&flash=false' failed: Error in connection establishment: net::ERR_SSL_PROTOCOL_ERROR @ http://[::1]:5173/node_modules/.vite/deps/pusher-js.js?v=78e615f6:3255
[219942254ms] [ERROR] WebSocket connection to 'wss://localhost:8081/app/app-key?protocol=7&client=js&version=8.4.0&flash=false' failed: Error in connection establishment: net::ERR_SSL_PROTOCOL_ERROR @ http://[::1]:5173/node_modules/.vite/deps/pusher-js.js?v=78e615f6:3255
[220002256ms] [ERROR] WebSocket connection to 'wss://localhost:8081/app/app-key?protocol=7&client=js&version=8.4.0&flash=false' failed: Error in connection establishment: net::ERR_SSL_PROTOCOL_ERROR @ http://[::1]:5173/node_modules/.vite/deps/pusher-js.js?v=78e615f6:3255
[220062255ms] [ERROR] WebSocket connection to 'wss://localhost:8081/app/app-key?protocol=7&client=js&version=8.4.0&flash=false' failed: Error in connection establishment: net::ERR_SSL_PROTOCOL_ERROR @ http://[::1]:5173/node_modules/.vite/deps/pusher-js.js?v=78e615f6:3255
[220122261ms] [ERROR] WebSocket connection to 'wss://localhost:8081/app/app-key?protocol=7&client=js&version=8.4.0&flash=false' failed: Error in connection establishment: net::ERR_SSL_PROTOCOL_ERROR @ http://[::1]:5173/node_modules/.vite/deps/pusher-js.js?v=78e615f6:3255
[220182255ms] [ERROR] WebSocket connection to 'wss://localhost:8081/app/app-key?protocol=7&client=js&version=8.4.0&flash=false' failed: Error in connection establishment: net::ERR_SSL_PROTOCOL_ERROR @ http://[::1]:5173/node_modules/.vite/deps/pusher-js.js?v=78e615f6:3255
[220242259ms] [ERROR] WebSocket connection to 'wss://localhost:8081/app/app-key?protocol=7&client=js&version=8.4.0&flash=false' failed: Error in connection establishment: net::ERR_SSL_PROTOCOL_ERROR @ http://[::1]:5173/node_modules/.vite/deps/pusher-js.js?v=78e615f6:3255
[220302265ms] [ERROR] WebSocket connection to 'wss://localhost:8081/app/app-key?protocol=7&client=js&version=8.4.0&flash=false' failed: Error in connection establishment: net::ERR_SSL_PROTOCOL_ERROR @ http://[::1]:5173/node_modules/.vite/deps/pusher-js.js?v=78e615f6:3255
[220362279ms] [ERROR] WebSocket connection to 'wss://localhost:8081/app/app-key?protocol=7&client=js&version=8.4.0&flash=false' failed: Error in connection establishment: net::ERR_SSL_PROTOCOL_ERROR @ http://[::1]:5173/node_modules/.vite/deps/pusher-js.js?v=78e615f6:3255
[220422270ms] [ERROR] WebSocket connection to 'wss://localhost:8081/app/app-key?protocol=7&client=js&version=8.4.0&flash=false' failed: Error in connection establishment: net::ERR_SSL_PROTOCOL_ERROR @ http://[::1]:5173/node_modules/.vite/deps/pusher-js.js?v=78e615f6:3255
[220482267ms] [ERROR] WebSocket connection to 'wss://localhost:8081/app/app-key?protocol=7&client=js&version=8.4.0&flash=false' failed: Error in connection establishment: net::ERR_SSL_PROTOCOL_ERROR @ http://[::1]:5173/node_modules/.vite/deps/pusher-js.js?v=78e615f6:3255
[220542266ms] [ERROR] WebSocket connection to 'wss://localhost:8081/app/app-key?protocol=7&client=js&version=8.4.0&flash=false' failed: Error in connection establishment: net::ERR_SSL_PROTOCOL_ERROR @ http://[::1]:5173/node_modules/.vite/deps/pusher-js.js?v=78e615f6:3255
[220602272ms] [ERROR] WebSocket connection to 'wss://localhost:8081/app/app-key?protocol=7&client=js&version=8.4.0&flash=false' failed: Error in connection establishment: net::ERR_SSL_PROTOCOL_ERROR @ http://[::1]:5173/node_modules/.vite/deps/pusher-js.js?v=78e615f6:3255
[220662272ms] [ERROR] WebSocket connection to 'wss://localhost:8081/app/app-key?protocol=7&client=js&version=8.4.0&flash=false' failed: Error in connection establishment: net::ERR_SSL_PROTOCOL_ERROR @ http://[::1]:5173/node_modules/.vite/deps/pusher-js.js?v=78e615f6:3255
[220722271ms] [ERROR] WebSocket connection to 'wss://localhost:8081/app/app-key?protocol=7&client=js&version=8.4.0&flash=false' failed: Error in connection establishment: net::ERR_SSL_PROTOCOL_ERROR @ http://[::1]:5173/node_modules/.vite/deps/pusher-js.js?v=78e615f6:3255
[220782275ms] [ERROR] WebSocket connection to 'wss://localhost:8081/app/app-key?protocol=7&client=js&version=8.4.0&flash=false' failed: Error in connection establishment: net::ERR_SSL_PROTOCOL_ERROR @ http://[::1]:5173/node_modules/.vite/deps/pusher-js.js?v=78e615f6:3255
[220842276ms] [ERROR] WebSocket connection to 'wss://localhost:8081/app/app-key?protocol=7&client=js&version=8.4.0&flash=false' failed: Error in connection establishment: net::ERR_SSL_PROTOCOL_ERROR @ http://[::1]:5173/node_modules/.vite/deps/pusher-js.js?v=78e615f6:3255
[220902279ms] [ERROR] WebSocket connection to 'wss://localhost:8081/app/app-key?protocol=7&client=js&version=8.4.0&flash=false' failed: Error in connection establishment: net::ERR_SSL_PROTOCOL_ERROR @ http://[::1]:5173/node_modules/.vite/deps/pusher-js.js?v=78e615f6:3255
[220962279ms] [ERROR] WebSocket connection to 'wss://localhost:8081/app/app-key?protocol=7&client=js&version=8.4.0&flash=false' failed: Error in connection establishment: net::ERR_SSL_PROTOCOL_ERROR @ http://[::1]:5173/node_modules/.vite/deps/pusher-js.js?v=78e615f6:3255
[221022281ms] [ERROR] WebSocket connection to 'wss://localhost:8081/app/app-key?protocol=7&client=js&version=8.4.0&flash=false' failed: Error in connection establishment: net::ERR_SSL_PROTOCOL_ERROR @ http://[::1]:5173/node_modules/.vite/deps/pusher-js.js?v=78e615f6:3255
[221082282ms] [ERROR] WebSocket connection to 'wss://localhost:8081/app/app-key?protocol=7&client=js&version=8.4.0&flash=false' failed: Error in connection establishment: net::ERR_SSL_PROTOCOL_ERROR @ http://[::1]:5173/node_modules/.vite/deps/pusher-js.js?v=78e615f6:3255
[221142285ms] [ERROR] WebSocket connection to 'wss://localhost:8081/app/app-key?protocol=7&client=js&version=8.4.0&flash=false' failed: Error in connection establishment: net::ERR_SSL_PROTOCOL_ERROR @ http://[::1]:5173/node_modules/.vite/deps/pusher-js.js?v=78e615f6:3255
[221202291ms] [ERROR] WebSocket connection to 'wss://localhost:8081/app/app-key?protocol=7&client=js&version=8.4.0&flash=false' failed: Error in connection establishment: net::ERR_SSL_PROTOCOL_ERROR @ http://[::1]:5173/node_modules/.vite/deps/pusher-js.js?v=78e615f6:3255
[221262287ms] [ERROR] WebSocket connection to 'wss://localhost:8081/app/app-key?protocol=7&client=js&version=8.4.0&flash=false' failed: Error in connection establishment: net::ERR_SSL_PROTOCOL_ERROR @ http://[::1]:5173/node_modules/.vite/deps/pusher-js.js?v=78e615f6:3255
[221322297ms] [ERROR] WebSocket connection to 'wss://localhost:8081/app/app-key?protocol=7&client=js&version=8.4.0&flash=false' failed: Error in connection establishment: net::ERR_SSL_PROTOCOL_ERROR @ http://[::1]:5173/node_modules/.vite/deps/pusher-js.js?v=78e615f6:3255
[221382298ms] [ERROR] WebSocket connection to 'wss://localhost:8081/app/app-key?protocol=7&client=js&version=8.4.0&flash=false' failed: Error in connection establishment: net::ERR_SSL_PROTOCOL_ERROR @ http://[::1]:5173/node_modules/.vite/deps/pusher-js.js?v=78e615f6:3255
[221442290ms] [ERROR] WebSocket connection to 'wss://localhost:8081/app/app-key?protocol=7&client=js&version=8.4.0&flash=false' failed: Error in connection establishment: net::ERR_SSL_PROTOCOL_ERROR @ http://[::1]:5173/node_modules/.vite/deps/pusher-js.js?v=78e615f6:3255
[221502294ms] [ERROR] WebSocket connection to 'wss://localhost:8081/app/app-key?protocol=7&client=js&version=8.4.0&flash=false' failed: Error in connection establishment: net::ERR_SSL_PROTOCOL_ERROR @ http://[::1]:5173/node_modules/.vite/deps/pusher-js.js?v=78e615f6:3255
[221562292ms] [ERROR] WebSocket connection to 'wss://localhost:8081/app/app-key?protocol=7&client=js&version=8.4.0&flash=false' failed: Error in connection establishment: net::ERR_SSL_PROTOCOL_ERROR @ http://[::1]:5173/node_modules/.vite/deps/pusher-js.js?v=78e615f6:3255
[221622294ms] [ERROR] WebSocket connection to 'wss://localhost:8081/app/app-key?protocol=7&client=js&version=8.4.0&flash=false' failed: Error in connection establishment: net::ERR_SSL_PROTOCOL_ERROR @ http://[::1]:5173/node_modules/.vite/deps/pusher-js.js?v=78e615f6:3255
[221682291ms] [ERROR] WebSocket connection to 'wss://localhost:8081/app/app-key?protocol=7&client=js&version=8.4.0&flash=false' failed: Error in connection establishment: net::ERR_SSL_PROTOCOL_ERROR @ http://[::1]:5173/node_modules/.vite/deps/pusher-js.js?v=78e615f6:3255
[221742295ms] [ERROR] WebSocket connection to 'wss://localhost:8081/app/app-key?protocol=7&client=js&version=8.4.0&flash=false' failed: Error in connection establishment: net::ERR_SSL_PROTOCOL_ERROR @ http://[::1]:5173/node_modules/.vite/deps/pusher-js.js?v=78e615f6:3255
[221802343ms] [ERROR] WebSocket connection to 'wss://localhost:8081/app/app-key?protocol=7&client=js&version=8.4.0&flash=false' failed: Error in connection establishment: net::ERR_SSL_PROTOCOL_ERROR @ http://[::1]:5173/node_modules/.vite/deps/pusher-js.js?v=78e615f6:3255
[221862349ms] [ERROR] WebSocket connection to 'wss://localhost:8081/app/app-key?protocol=7&client=js&version=8.4.0&flash=false' failed: Error in connection establishment: net::ERR_SSL_PROTOCOL_ERROR @ http://[::1]:5173/node_modules/.vite/deps/pusher-js.js?v=78e615f6:3255
[221922351ms] [ERROR] WebSocket connection to 'wss://localhost:8081/app/app-key?protocol=7&client=js&version=8.4.0&flash=false' failed: Error in connection establishment: net::ERR_SSL_PROTOCOL_ERROR @ http://[::1]:5173/node_modules/.vite/deps/pusher-js.js?v=78e615f6:3255
[221982354ms] [ERROR] WebSocket connection to 'wss://localhost:8081/app/app-key?protocol=7&client=js&version=8.4.0&flash=false' failed: Error in connection establishment: net::ERR_SSL_PROTOCOL_ERROR @ http://[::1]:5173/node_modules/.vite/deps/pusher-js.js?v=78e615f6:3255
[222042357ms] [ERROR] WebSocket connection to 'wss://localhost:8081/app/app-key?protocol=7&client=js&version=8.4.0&flash=false' failed: Error in connection establishment: net::ERR_SSL_PROTOCOL_ERROR @ http://[::1]:5173/node_modules/.vite/deps/pusher-js.js?v=78e615f6:3255
[222102357ms] [ERROR] WebSocket connection to 'wss://localhost:8081/app/app-key?protocol=7&client=js&version=8.4.0&flash=false' failed: Error in connection establishment: net::ERR_SSL_PROTOCOL_ERROR @ http://[::1]:5173/node_modules/.vite/deps/pusher-js.js?v=78e615f6:3255
[222162360ms] [ERROR] WebSocket connection to 'wss://localhost:8081/app/app-key?protocol=7&client=js&version=8.4.0&flash=false' failed: Error in connection establishment: net::ERR_SSL_PROTOCOL_ERROR @ http://[::1]:5173/node_modules/.vite/deps/pusher-js.js?v=78e615f6:3255
[222222362ms] [ERROR] WebSocket connection to 'wss://localhost:8081/app/app-key?protocol=7&client=js&version=8.4.0&flash=false' failed: Error in connection establishment: net::ERR_SSL_PROTOCOL_ERROR @ http://[::1]:5173/node_modules/.vite/deps/pusher-js.js?v=78e615f6:3255
[222282364ms] [ERROR] WebSocket connection to 'wss://localhost:8081/app/app-key?protocol=7&client=js&version=8.4.0&flash=false' failed: Error in connection establishment: net::ERR_SSL_PROTOCOL_ERROR @ http://[::1]:5173/node_modules/.vite/deps/pusher-js.js?v=78e615f6:3255
[222342362ms] [ERROR] WebSocket connection to 'wss://localhost:8081/app/app-key?protocol=7&client=js&version=8.4.0&flash=false' failed: Error in connection establishment: net::ERR_SSL_PROTOCOL_ERROR @ http://[::1]:5173/node_modules/.vite/deps/pusher-js.js?v=78e615f6:3255
[222402369ms] [ERROR] WebSocket connection to 'wss://localhost:8081/app/app-key?protocol=7&client=js&version=8.4.0&flash=false' failed: Error in connection establishment: net::ERR_SSL_PROTOCOL_ERROR @ http://[::1]:5173/node_modules/.vite/deps/pusher-js.js?v=78e615f6:3255
[222462371ms] [ERROR] WebSocket connection to 'wss://localhost:8081/app/app-key?protocol=7&client=js&version=8.4.0&flash=false' failed: Error in connection establishment: net::ERR_SSL_PROTOCOL_ERROR @ http://[::1]:5173/node_modules/.vite/deps/pusher-js.js?v=78e615f6:3255
[222522374ms] [ERROR] WebSocket connection to 'wss://localhost:8081/app/app-key?protocol=7&client=js&version=8.4.0&flash=false' failed: Error in connection establishment: net::ERR_SSL_PROTOCOL_ERROR @ http://[::1]:5173/node_modules/.vite/deps/pusher-js.js?v=78e615f6:3255
[222582376ms] [ERROR] WebSocket connection to 'wss://localhost:8081/app/app-key?protocol=7&client=js&version=8.4.0&flash=false' failed: Error in connection establishment: net::ERR_SSL_PROTOCOL_ERROR @ http://[::1]:5173/node_modules/.vite/deps/pusher-js.js?v=78e615f6:3255
[222642379ms] [ERROR] WebSocket connection to 'wss://localhost:8081/app/app-key?protocol=7&client=js&version=8.4.0&flash=false' failed: Error in connection establishment: net::ERR_SSL_PROTOCOL_ERROR @ http://[::1]:5173/node_modules/.vite/deps/pusher-js.js?v=78e615f6:3255
[222702382ms] [ERROR] WebSocket connection to 'wss://localhost:8081/app/app-key?protocol=7&client=js&version=8.4.0&flash=false' failed: Error in connection establishment: net::ERR_SSL_PROTOCOL_ERROR @ http://[::1]:5173/node_modules/.vite/deps/pusher-js.js?v=78e615f6:3255
[222762385ms] [ERROR] WebSocket connection to 'wss://localhost:8081/app/app-key?protocol=7&client=js&version=8.4.0&flash=false' failed: Error in connection establishment: net::ERR_SSL_PROTOCOL_ERROR @ http://[::1]:5173/node_modules/.vite/deps/pusher-js.js?v=78e615f6:3255
[222822383ms] [ERROR] WebSocket connection to 'wss://localhost:8081/app/app-key?protocol=7&client=js&version=8.4.0&flash=false' failed: Error in connection establishment: net::ERR_SSL_PROTOCOL_ERROR @ http://[::1]:5173/node_modules/.vite/deps/pusher-js.js?v=78e615f6:3255
[222882388ms] [ERROR] WebSocket connection to 'wss://localhost:8081/app/app-key?protocol=7&client=js&version=8.4.0&flash=false' failed: Error in connection establishment: net::ERR_SSL_PROTOCOL_ERROR @ http://[::1]:5173/node_modules/.vite/deps/pusher-js.js?v=78e615f6:3255
[222942389ms] [ERROR] WebSocket connection to 'wss://localhost:8081/app/app-key?protocol=7&client=js&version=8.4.0&flash=false' failed: Error in connection establishment: net::ERR_SSL_PROTOCOL_ERROR @ http://[::1]:5173/node_modules/.vite/deps/pusher-js.js?v=78e615f6:3255
[223002395ms] [ERROR] WebSocket connection to 'wss://localhost:8081/app/app-key?protocol=7&client=js&version=8.4.0&flash=false' failed: Error in connection establishment: net::ERR_SSL_PROTOCOL_ERROR @ http://[::1]:5173/node_modules/.vite/deps/pusher-js.js?v=78e615f6:3255
[223062397ms] [ERROR] WebSocket connection to 'wss://localhost:8081/app/app-key?protocol=7&client=js&version=8.4.0&flash=false' failed: Error in connection establishment: net::ERR_SSL_PROTOCOL_ERROR @ http://[::1]:5173/node_modules/.vite/deps/pusher-js.js?v=78e615f6:3255
[223122396ms] [ERROR] WebSocket connection to 'wss://localhost:8081/app/app-key?protocol=7&client=js&version=8.4.0&flash=false' failed: Error in connection establishment: net::ERR_SSL_PROTOCOL_ERROR @ http://[::1]:5173/node_modules/.vite/deps/pusher-js.js?v=78e615f6:3255
[223182406ms] [ERROR] WebSocket connection to 'wss://localhost:8081/app/app-key?protocol=7&client=js&version=8.4.0&flash=false' failed: Error in connection establishment: net::ERR_SSL_PROTOCOL_ERROR @ http://[::1]:5173/node_modules/.vite/deps/pusher-js.js?v=78e615f6:3255
[223242404ms] [ERROR] WebSocket connection to 'wss://localhost:8081/app/app-key?protocol=7&client=js&version=8.4.0&flash=false' failed: Error in connection establishment: net::ERR_SSL_PROTOCOL_ERROR @ http://[::1]:5173/node_modules/.vite/deps/pusher-js.js?v=78e615f6:3255
[223302405ms] [ERROR] WebSocket connection to 'wss://localhost:8081/app/app-key?protocol=7&client=js&version=8.4.0&flash=false' failed: Error in connection establishment: net::ERR_SSL_PROTOCOL_ERROR @ http://[::1]:5173/node_modules/.vite/deps/pusher-js.js?v=78e615f6:3255
[223362403ms] [ERROR] WebSocket connection to 'wss://localhost:8081/app/app-key?protocol=7&client=js&version=8.4.0&flash=false' failed: Error in connection establishment: net::ERR_SSL_PROTOCOL_ERROR @ http://[::1]:5173/node_modules/.vite/deps/pusher-js.js?v=78e615f6:3255
[223422412ms] [ERROR] WebSocket connection to 'wss://localhost:8081/app/app-key?protocol=7&client=js&version=8.4.0&flash=false' failed: Error in connection establishment: net::ERR_SSL_PROTOCOL_ERROR @ http://[::1]:5173/node_modules/.vite/deps/pusher-js.js?v=78e615f6:3255
[223482411ms] [ERROR] WebSocket connection to 'wss://localhost:8081/app/app-key?protocol=7&client=js&version=8.4.0&flash=false' failed: Error in connection establishment: net::ERR_SSL_PROTOCOL_ERROR @ http://[::1]:5173/node_modules/.vite/deps/pusher-js.js?v=78e615f6:3255
[223542411ms] [ERROR] WebSocket connection to 'wss://localhost:8081/app/app-key?protocol=7&client=js&version=8.4.0&flash=false' failed: Error in connection establishment: net::ERR_SSL_PROTOCOL_ERROR @ http://[::1]:5173/node_modules/.vite/deps/pusher-js.js?v=78e615f6:3255
[223602416ms] [ERROR] WebSocket connection to 'wss://localhost:8081/app/app-key?protocol=7&client=js&version=8.4.0&flash=false' failed: Error in connection establishment: net::ERR_SSL_PROTOCOL_ERROR @ http://[::1]:5173/node_modules/.vite/deps/pusher-js.js?v=78e615f6:3255
[223662415ms] [ERROR] WebSocket connection to 'wss://localhost:8081/app/app-key?protocol=7&client=js&version=8.4.0&flash=false' failed: Error in connection establishment: net::ERR_SSL_PROTOCOL_ERROR @ http://[::1]:5173/node_modules/.vite/deps/pusher-js.js?v=78e615f6:3255
[223722424ms] [ERROR] WebSocket connection to 'wss://localhost:8081/app/app-key?protocol=7&client=js&version=8.4.0&flash=false' failed: Error in connection establishment: net::ERR_SSL_PROTOCOL_ERROR @ http://[::1]:5173/node_modules/.vite/deps/pusher-js.js?v=78e615f6:3255
[223782424ms] [ERROR] WebSocket connection to 'wss://localhost:8081/app/app-key?protocol=7&client=js&version=8.4.0&flash=false' failed: Error in connection establishment: net::ERR_SSL_PROTOCOL_ERROR @ http://[::1]:5173/node_modules/.vite/deps/pusher-js.js?v=78e615f6:3255
[223842384ms] [ERROR] WebSocket connection to 'wss://localhost:8081/app/app-key?protocol=7&client=js&version=8.4.0&flash=false' failed: Error in connection establishment: net::ERR_SSL_PROTOCOL_ERROR @ http://[::1]:5173/node_modules/.vite/deps/pusher-js.js?v=78e615f6:3255
[223902373ms] [ERROR] WebSocket connection to 'wss://localhost:8081/app/app-key?protocol=7&client=js&version=8.4.0&flash=false' failed: Error in connection establishment: net::ERR_SSL_PROTOCOL_ERROR @ http://[::1]:5173/node_modules/.vite/deps/pusher-js.js?v=78e615f6:3255
[223962379ms] [ERROR] WebSocket connection to 'wss://localhost:8081/app/app-key?protocol=7&client=js&version=8.4.0&flash=false' failed: Error in connection establishment: net::ERR_SSL_PROTOCOL_ERROR @ http://[::1]:5173/node_modules/.vite/deps/pusher-js.js?v=78e615f6:3255
[224022374ms] [ERROR] WebSocket connection to 'wss://localhost:8081/app/app-key?protocol=7&client=js&version=8.4.0&flash=false' failed: Error in connection establishment: net::ERR_SSL_PROTOCOL_ERROR @ http://[::1]:5173/node_modules/.vite/deps/pusher-js.js?v=78e615f6:3255
[224082376ms] [ERROR] WebSocket connection to 'wss://localhost:8081/app/app-key?protocol=7&client=js&version=8.4.0&flash=false' failed: Error in connection establishment: net::ERR_SSL_PROTOCOL_ERROR @ http://[::1]:5173/node_modules/.vite/deps/pusher-js.js?v=78e615f6:3255
[224142382ms] [ERROR] WebSocket connection to 'wss://localhost:8081/app/app-key?protocol=7&client=js&version=8.4.0&flash=false' failed: Error in connection establishment: net::ERR_SSL_PROTOCOL_ERROR @ http://[::1]:5173/node_modules/.vite/deps/pusher-js.js?v=78e615f6:3255
[224202383ms] [ERROR] WebSocket connection to 'wss://localhost:8081/app/app-key?protocol=7&client=js&version=8.4.0&flash=false' failed: Error in connection establishment: net::ERR_SSL_PROTOCOL_ERROR @ http://[::1]:5173/node_modules/.vite/deps/pusher-js.js?v=78e615f6:3255
[224262385ms] [ERROR] WebSocket connection to 'wss://localhost:8081/app/app-key?protocol=7&client=js&version=8.4.0&flash=false' failed: Error in connection establishment: net::ERR_SSL_PROTOCOL_ERROR @ http://[::1]:5173/node_modules/.vite/deps/pusher-js.js?v=78e615f6:3255
[224322386ms] [ERROR] WebSocket connection to 'wss://localhost:8081/app/app-key?protocol=7&client=js&version=8.4.0&flash=false' failed: Error in connection establishment: net::ERR_SSL_PROTOCOL_ERROR @ http://[::1]:5173/node_modules/.vite/deps/pusher-js.js?v=78e615f6:3255
[224382384ms] [ERROR] WebSocket connection to 'wss://localhost:8081/app/app-key?protocol=7&client=js&version=8.4.0&flash=false' failed: Error in connection establishment: net::ERR_SSL_PROTOCOL_ERROR @ http://[::1]:5173/node_modules/.vite/deps/pusher-js.js?v=78e615f6:3255
[224442391ms] [ERROR] WebSocket connection to 'wss://localhost:8081/app/app-key?protocol=7&client=js&version=8.4.0&flash=false' failed: Error in connection establishment: net::ERR_SSL_PROTOCOL_ERROR @ http://[::1]:5173/node_modules/.vite/deps/pusher-js.js?v=78e615f6:3255
[224502390ms] [ERROR] WebSocket connection to 'wss://localhost:8081/app/app-key?protocol=7&client=js&version=8.4.0&flash=false' failed: Error in connection establishment: net::ERR_SSL_PROTOCOL_ERROR @ http://[::1]:5173/node_modules/.vite/deps/pusher-js.js?v=78e615f6:3255
[224562400ms] [ERROR] WebSocket connection to 'wss://localhost:8081/app/app-key?protocol=7&client=js&version=8.4.0&flash=false' failed: Error in connection establishment: net::ERR_SSL_PROTOCOL_ERROR @ http://[::1]:5173/node_modules/.vite/deps/pusher-js.js?v=78e615f6:3255
[224622405ms] [ERROR] WebSocket connection to 'wss://localhost:8081/app/app-key?protocol=7&client=js&version=8.4.0&flash=false' failed: Error in connection establishment: net::ERR_SSL_PROTOCOL_ERROR @ http://[::1]:5173/node_modules/.vite/deps/pusher-js.js?v=78e615f6:3255
[224682413ms] [ERROR] WebSocket connection to 'wss://localhost:8081/app/app-key?protocol=7&client=js&version=8.4.0&flash=false' failed: Error in connection establishment: net::ERR_SSL_PROTOCOL_ERROR @ http://[::1]:5173/node_modules/.vite/deps/pusher-js.js?v=78e615f6:3255
[224742402ms] [ERROR] WebSocket connection to 'wss://localhost:8081/app/app-key?protocol=7&client=js&version=8.4.0&flash=false' failed: Error in connection establishment: net::ERR_SSL_PROTOCOL_ERROR @ http://[::1]:5173/node_modules/.vite/deps/pusher-js.js?v=78e615f6:3255
[224802400ms] [ERROR] WebSocket connection to 'wss://localhost:8081/app/app-key?protocol=7&client=js&version=8.4.0&flash=false' failed: Error in connection establishment: net::ERR_SSL_PROTOCOL_ERROR @ http://[::1]:5173/node_modules/.vite/deps/pusher-js.js?v=78e615f6:3255
[224862403ms] [ERROR] WebSocket connection to 'wss://localhost:8081/app/app-key?protocol=7&client=js&version=8.4.0&flash=false' failed: Error in connection establishment: net::ERR_SSL_PROTOCOL_ERROR @ http://[::1]:5173/node_modules/.vite/deps/pusher-js.js?v=78e615f6:3255
[224922409ms] [ERROR] WebSocket connection to 'wss://localhost:8081/app/app-key?protocol=7&client=js&version=8.4.0&flash=false' failed: Error in connection establishment: net::ERR_SSL_PROTOCOL_ERROR @ http://[::1]:5173/node_modules/.vite/deps/pusher-js.js?v=78e615f6:3255
[224982421ms] [ERROR] WebSocket connection to 'wss://localhost:8081/app/app-key?protocol=7&client=js&version=8.4.0&flash=false' failed: Error in connection establishment: net::ERR_SSL_PROTOCOL_ERROR @ http://[::1]:5173/node_modules/.vite/deps/pusher-js.js?v=78e615f6:3255
[225042414ms] [ERROR] WebSocket connection to 'wss://localhost:8081/app/app-key?protocol=7&client=js&version=8.4.0&flash=false' failed: Error in connection establishment: net::ERR_SSL_PROTOCOL_ERROR @ http://[::1]:5173/node_modules/.vite/deps/pusher-js.js?v=78e615f6:3255
[225102410ms] [ERROR] WebSocket connection to 'wss://localhost:8081/app/app-key?protocol=7&client=js&version=8.4.0&flash=false' failed: Error in connection establishment: net::ERR_SSL_PROTOCOL_ERROR @ http://[::1]:5173/node_modules/.vite/deps/pusher-js.js?v=78e615f6:3255
[225162423ms] [ERROR] WebSocket connection to 'wss://localhost:8081/app/app-key?protocol=7&client=js&version=8.4.0&flash=false' failed: Error in connection establishment: net::ERR_SSL_PROTOCOL_ERROR @ http://[::1]:5173/node_modules/.vite/deps/pusher-js.js?v=78e615f6:3255
[225222417ms] [ERROR] WebSocket connection to 'wss://localhost:8081/app/app-key?protocol=7&client=js&version=8.4.0&flash=false' failed: Error in connection establishment: net::ERR_SSL_PROTOCOL_ERROR @ http://[::1]:5173/node_modules/.vite/deps/pusher-js.js?v=78e615f6:3255
[225282416ms] [ERROR] WebSocket connection to 'wss://localhost:8081/app/app-key?protocol=7&client=js&version=8.4.0&flash=false' failed: Error in connection establishment: net::ERR_SSL_PROTOCOL_ERROR @ http://[::1]:5173/node_modules/.vite/deps/pusher-js.js?v=78e615f6:3255
[225342419ms] [ERROR] WebSocket connection to 'wss://localhost:8081/app/app-key?protocol=7&client=js&version=8.4.0&flash=false' failed: Error in connection establishment: net::ERR_SSL_PROTOCOL_ERROR @ http://[::1]:5173/node_modules/.vite/deps/pusher-js.js?v=78e615f6:3255
[225402421ms] [ERROR] WebSocket connection to 'wss://localhost:8081/app/app-key?protocol=7&client=js&version=8.4.0&flash=false' failed: Error in connection establishment: net::ERR_SSL_PROTOCOL_ERROR @ http://[::1]:5173/node_modules/.vite/deps/pusher-js.js?v=78e615f6:3255
[225462422ms] [ERROR] WebSocket connection to 'wss://localhost:8081/app/app-key?protocol=7&client=js&version=8.4.0&flash=false' failed: Error in connection establishment: net::ERR_SSL_PROTOCOL_ERROR @ http://[::1]:5173/node_modules/.vite/deps/pusher-js.js?v=78e615f6:3255
[225522419ms] [ERROR] WebSocket connection to 'wss://localhost:8081/app/app-key?protocol=7&client=js&version=8.4.0&flash=false' failed: Error in connection establishment: net::ERR_SSL_PROTOCOL_ERROR @ http://[::1]:5173/node_modules/.vite/deps/pusher-js.js?v=78e615f6:3255
[225582428ms] [ERROR] WebSocket connection to 'wss://localhost:8081/app/app-key?protocol=7&client=js&version=8.4.0&flash=false' failed: Error in connection establishment: net::ERR_SSL_PROTOCOL_ERROR @ http://[::1]:5173/node_modules/.vite/deps/pusher-js.js?v=78e615f6:3255
[225642431ms] [ERROR] WebSocket connection to 'wss://localhost:8081/app/app-key?protocol=7&client=js&version=8.4.0&flash=false' failed: Error in connection establishment: net::ERR_SSL_PROTOCOL_ERROR @ http://[::1]:5173/node_modules/.vite/deps/pusher-js.js?v=78e615f6:3255
[225702429ms] [ERROR] WebSocket connection to 'wss://localhost:8081/app/app-key?protocol=7&client=js&version=8.4.0&flash=false' failed: Error in connection establishment: net::ERR_SSL_PROTOCOL_ERROR @ http://[::1]:5173/node_modules/.vite/deps/pusher-js.js?v=78e615f6:3255
[225762428ms] [ERROR] WebSocket connection to 'wss://localhost:8081/app/app-key?protocol=7&client=js&version=8.4.0&flash=false' failed: Error in connection establishment: net::ERR_SSL_PROTOCOL_ERROR @ http://[::1]:5173/node_modules/.vite/deps/pusher-js.js?v=78e615f6:3255
[225822454ms] [ERROR] WebSocket connection to 'wss://localhost:8081/app/app-key?protocol=7&client=js&version=8.4.0&flash=false' failed: Error in connection establishment: net::ERR_SSL_PROTOCOL_ERROR @ http://[::1]:5173/node_modules/.vite/deps/pusher-js.js?v=78e615f6:3255
[225882474ms] [ERROR] WebSocket connection to 'wss://localhost:8081/app/app-key?protocol=7&client=js&version=8.4.0&flash=false' failed: Error in connection establishment: net::ERR_SSL_PROTOCOL_ERROR @ http://[::1]:5173/node_modules/.vite/deps/pusher-js.js?v=78e615f6:3255
[225942470ms] [ERROR] WebSocket connection to 'wss://localhost:8081/app/app-key?protocol=7&client=js&version=8.4.0&flash=false' failed: Error in connection establishment: net::ERR_SSL_PROTOCOL_ERROR @ http://[::1]:5173/node_modules/.vite/deps/pusher-js.js?v=78e615f6:3255
[226002472ms] [ERROR] WebSocket connection to 'wss://localhost:8081/app/app-key?protocol=7&client=js&version=8.4.0&flash=false' failed: Error in connection establishment: net::ERR_SSL_PROTOCOL_ERROR @ http://[::1]:5173/node_modules/.vite/deps/pusher-js.js?v=78e615f6:3255
[226062474ms] [ERROR] WebSocket connection to 'wss://localhost:8081/app/app-key?protocol=7&client=js&version=8.4.0&flash=false' failed: Error in connection establishment: net::ERR_SSL_PROTOCOL_ERROR @ http://[::1]:5173/node_modules/.vite/deps/pusher-js.js?v=78e615f6:3255
[226122473ms] [ERROR] WebSocket connection to 'wss://localhost:8081/app/app-key?protocol=7&client=js&version=8.4.0&flash=false' failed: Error in connection establishment: net::ERR_SSL_PROTOCOL_ERROR @ http://[::1]:5173/node_modules/.vite/deps/pusher-js.js?v=78e615f6:3255
[226182474ms] [ERROR] WebSocket connection to 'wss://localhost:8081/app/app-key?protocol=7&client=js&version=8.4.0&flash=false' failed: Error in connection establishment: net::ERR_SSL_PROTOCOL_ERROR @ http://[::1]:5173/node_modules/.vite/deps/pusher-js.js?v=78e615f6:3255
[226242479ms] [ERROR] WebSocket connection to 'wss://localhost:8081/app/app-key?protocol=7&client=js&version=8.4.0&flash=false' failed: Error in connection establishment: net::ERR_SSL_PROTOCOL_ERROR @ http://[::1]:5173/node_modules/.vite/deps/pusher-js.js?v=78e615f6:3255
[226302484ms] [ERROR] WebSocket connection to 'wss://localhost:8081/app/app-key?protocol=7&client=js&version=8.4.0&flash=false' failed: Error in connection establishment: net::ERR_SSL_PROTOCOL_ERROR @ http://[::1]:5173/node_modules/.vite/deps/pusher-js.js?v=78e615f6:3255
[226362487ms] [ERROR] WebSocket connection to 'wss://localhost:8081/app/app-key?protocol=7&client=js&version=8.4.0&flash=false' failed: Error in connection establishment: net::ERR_SSL_PROTOCOL_ERROR @ http://[::1]:5173/node_modules/.vite/deps/pusher-js.js?v=78e615f6:3255
[226422496ms] [ERROR] WebSocket connection to 'wss://localhost:8081/app/app-key?protocol=7&client=js&version=8.4.0&flash=false' failed: Error in connection establishment: net::ERR_SSL_PROTOCOL_ERROR @ http://[::1]:5173/node_modules/.vite/deps/pusher-js.js?v=78e615f6:3255
[226482493ms] [ERROR] WebSocket connection to 'wss://localhost:8081/app/app-key?protocol=7&client=js&version=8.4.0&flash=false' failed: Error in connection establishment: net::ERR_SSL_PROTOCOL_ERROR @ http://[::1]:5173/node_modules/.vite/deps/pusher-js.js?v=78e615f6:3255
[226542486ms] [ERROR] WebSocket connection to 'wss://localhost:8081/app/app-key?protocol=7&client=js&version=8.4.0&flash=false' failed: Error in connection establishment: net::ERR_SSL_PROTOCOL_ERROR @ http://[::1]:5173/node_modules/.vite/deps/pusher-js.js?v=78e615f6:3255
[226602493ms] [ERROR] WebSocket connection to 'wss://localhost:8081/app/app-key?protocol=7&client=js&version=8.4.0&flash=false' failed: Error in connection establishment: net::ERR_SSL_PROTOCOL_ERROR @ http://[::1]:5173/node_modules/.vite/deps/pusher-js.js?v=78e615f6:3255
[226662495ms] [ERROR] WebSocket connection to 'wss://localhost:8081/app/app-key?protocol=7&client=js&version=8.4.0&flash=false' failed: Error in connection establishment: net::ERR_SSL_PROTOCOL_ERROR @ http://[::1]:5173/node_modules/.vite/deps/pusher-js.js?v=78e615f6:3255
[226722498ms] [ERROR] WebSocket connection to 'wss://localhost:8081/app/app-key?protocol=7&client=js&version=8.4.0&flash=false' failed: Error in connection establishment: net::ERR_SSL_PROTOCOL_ERROR @ http://[::1]:5173/node_modules/.vite/deps/pusher-js.js?v=78e615f6:3255
[226782499ms] [ERROR] WebSocket connection to 'wss://localhost:8081/app/app-key?protocol=7&client=js&version=8.4.0&flash=false' failed: Error in connection establishment: net::ERR_SSL_PROTOCOL_ERROR @ http://[::1]:5173/node_modules/.vite/deps/pusher-js.js?v=78e615f6:3255
[226842500ms] [ERROR] WebSocket connection to 'wss://localhost:8081/app/app-key?protocol=7&client=js&version=8.4.0&flash=false' failed: Error in connection establishment: net::ERR_SSL_PROTOCOL_ERROR @ http://[::1]:5173/node_modules/.vite/deps/pusher-js.js?v=78e615f6:3255
[226902505ms] [ERROR] WebSocket connection to 'wss://localhost:8081/app/app-key?protocol=7&client=js&version=8.4.0&flash=false' failed: Error in connection establishment: net::ERR_SSL_PROTOCOL_ERROR @ http://[::1]:5173/node_modules/.vite/deps/pusher-js.js?v=78e615f6:3255
[226962508ms] [ERROR] WebSocket connection to 'wss://localhost:8081/app/app-key?protocol=7&client=js&version=8.4.0&flash=false' failed: Error in connection establishment: net::ERR_SSL_PROTOCOL_ERROR @ http://[::1]:5173/node_modules/.vite/deps/pusher-js.js?v=78e615f6:3255
[227022508ms] [ERROR] WebSocket connection to 'wss://localhost:8081/app/app-key?protocol=7&client=js&version=8.4.0&flash=false' failed: Error in connection establishment: net::ERR_SSL_PROTOCOL_ERROR @ http://[::1]:5173/node_modules/.vite/deps/pusher-js.js?v=78e615f6:3255
[227082511ms] [ERROR] WebSocket connection to 'wss://localhost:8081/app/app-key?protocol=7&client=js&version=8.4.0&flash=false' failed: Error in connection establishment: net::ERR_SSL_PROTOCOL_ERROR @ http://[::1]:5173/node_modules/.vite/deps/pusher-js.js?v=78e615f6:3255
[227142513ms] [ERROR] WebSocket connection to 'wss://localhost:8081/app/app-key?protocol=7&client=js&version=8.4.0&flash=false' failed: Error in connection establishment: net::ERR_SSL_PROTOCOL_ERROR @ http://[::1]:5173/node_modules/.vite/deps/pusher-js.js?v=78e615f6:3255
[227202516ms] [ERROR] WebSocket connection to 'wss://localhost:8081/app/app-key?protocol=7&client=js&version=8.4.0&flash=false' failed: Error in connection establishment: net::ERR_SSL_PROTOCOL_ERROR @ http://[::1]:5173/node_modules/.vite/deps/pusher-js.js?v=78e615f6:3255
[227262512ms] [ERROR] WebSocket connection to 'wss://localhost:8081/app/app-key?protocol=7&client=js&version=8.4.0&flash=false' failed: Error in connection establishment: net::ERR_SSL_PROTOCOL_ERROR @ http://[::1]:5173/node_modules/.vite/deps/pusher-js.js?v=78e615f6:3255
[227322513ms] [ERROR] WebSocket connection to 'wss://localhost:8081/app/app-key?protocol=7&client=js&version=8.4.0&flash=false' failed: Error in connection establishment: net::ERR_SSL_PROTOCOL_ERROR @ http://[::1]:5173/node_modules/.vite/deps/pusher-js.js?v=78e615f6:3255
[227382530ms] [ERROR] WebSocket connection to 'wss://localhost:8081/app/app-key?protocol=7&client=js&version=8.4.0&flash=false' failed: Error in connection establishment: net::ERR_SSL_PROTOCOL_ERROR @ http://[::1]:5173/node_modules/.vite/deps/pusher-js.js?v=78e615f6:3255
[227442523ms] [ERROR] WebSocket connection to 'wss://localhost:8081/app/app-key?protocol=7&client=js&version=8.4.0&flash=false' failed: Error in connection establishment: net::ERR_SSL_PROTOCOL_ERROR @ http://[::1]:5173/node_modules/.vite/deps/pusher-js.js?v=78e615f6:3255
[227502515ms] [ERROR] WebSocket connection to 'wss://localhost:8081/app/app-key?protocol=7&client=js&version=8.4.0&flash=false' failed: Error in connection establishment: net::ERR_SSL_PROTOCOL_ERROR @ http://[::1]:5173/node_modules/.vite/deps/pusher-js.js?v=78e615f6:3255
[227562521ms] [ERROR] WebSocket connection to 'wss://localhost:8081/app/app-key?protocol=7&client=js&version=8.4.0&flash=false' failed: Error in connection establishment: net::ERR_SSL_PROTOCOL_ERROR @ http://[::1]:5173/node_modules/.vite/deps/pusher-js.js?v=78e615f6:3255
[227622529ms] [ERROR] WebSocket connection to 'wss://localhost:8081/app/app-key?protocol=7&client=js&version=8.4.0&flash=false' failed: Error in connection establishment: net::ERR_SSL_PROTOCOL_ERROR @ http://[::1]:5173/node_modules/.vite/deps/pusher-js.js?v=78e615f6:3255
[227682531ms] [ERROR] WebSocket connection to 'wss://localhost:8081/app/app-key?protocol=7&client=js&version=8.4.0&flash=false' failed: Error in connection establishment: net::ERR_SSL_PROTOCOL_ERROR @ http://[::1]:5173/node_modules/.vite/deps/pusher-js.js?v=78e615f6:3255
[227742533ms] [ERROR] WebSocket connection to 'wss://localhost:8081/app/app-key?protocol=7&client=js&version=8.4.0&flash=false' failed: Error in connection establishment: net::ERR_SSL_PROTOCOL_ERROR @ http://[::1]:5173/node_modules/.vite/deps/pusher-js.js?v=78e615f6:3255
[227802507ms] [ERROR] WebSocket connection to 'wss://localhost:8081/app/app-key?protocol=7&client=js&version=8.4.0&flash=false' failed: Error in connection establishment: net::ERR_SSL_PROTOCOL_ERROR @ http://[::1]:5173/node_modules/.vite/deps/pusher-js.js?v=78e615f6:3255
[227862507ms] [ERROR] WebSocket connection to 'wss://localhost:8081/app/app-key?protocol=7&client=js&version=8.4.0&flash=false' failed: Error in connection establishment: net::ERR_SSL_PROTOCOL_ERROR @ http://[::1]:5173/node_modules/.vite/deps/pusher-js.js?v=78e615f6:3255
[227922512ms] [ERROR] WebSocket connection to 'wss://localhost:8081/app/app-key?protocol=7&client=js&version=8.4.0&flash=false' failed: Error in connection establishment: net::ERR_SSL_PROTOCOL_ERROR @ http://[::1]:5173/node_modules/.vite/deps/pusher-js.js?v=78e615f6:3255
[227982514ms] [ERROR] WebSocket connection to 'wss://localhost:8081/app/app-key?protocol=7&client=js&version=8.4.0&flash=false' failed: Error in connection establishment: net::ERR_SSL_PROTOCOL_ERROR @ http://[::1]:5173/node_modules/.vite/deps/pusher-js.js?v=78e615f6:3255
[228042513ms] [ERROR] WebSocket connection to 'wss://localhost:8081/app/app-key?protocol=7&client=js&version=8.4.0&flash=false' failed: Error in connection establishment: net::ERR_SSL_PROTOCOL_ERROR @ http://[::1]:5173/node_modules/.vite/deps/pusher-js.js?v=78e615f6:3255
[228102528ms] [ERROR] WebSocket connection to 'wss://localhost:8081/app/app-key?protocol=7&client=js&version=8.4.0&flash=false' failed: Error in connection establishment: net::ERR_SSL_PROTOCOL_ERROR @ http://[::1]:5173/node_modules/.vite/deps/pusher-js.js?v=78e615f6:3255
[228162517ms] [ERROR] WebSocket connection to 'wss://localhost:8081/app/app-key?protocol=7&client=js&version=8.4.0&flash=false' failed: Error in connection establishment: net::ERR_SSL_PROTOCOL_ERROR @ http://[::1]:5173/node_modules/.vite/deps/pusher-js.js?v=78e615f6:3255
[228222514ms] [ERROR] WebSocket connection to 'wss://localhost:8081/app/app-key?protocol=7&client=js&version=8.4.0&flash=false' failed: Error in connection establishment: net::ERR_SSL_PROTOCOL_ERROR @ http://[::1]:5173/node_modules/.vite/deps/pusher-js.js?v=78e615f6:3255
[228282528ms] [ERROR] WebSocket connection to 'wss://localhost:8081/app/app-key?protocol=7&client=js&version=8.4.0&flash=false' failed: Error in connection establishment: net::ERR_SSL_PROTOCOL_ERROR @ http://[::1]:5173/node_modules/.vite/deps/pusher-js.js?v=78e615f6:3255
[228342522ms] [ERROR] WebSocket connection to 'wss://localhost:8081/app/app-key?protocol=7&client=js&version=8.4.0&flash=false' failed: Error in connection establishment: net::ERR_SSL_PROTOCOL_ERROR @ http://[::1]:5173/node_modules/.vite/deps/pusher-js.js?v=78e615f6:3255
[228402522ms] [ERROR] WebSocket connection to 'wss://localhost:8081/app/app-key?protocol=7&client=js&version=8.4.0&flash=false' failed: Error in connection establishment: net::ERR_SSL_PROTOCOL_ERROR @ http://[::1]:5173/node_modules/.vite/deps/pusher-js.js?v=78e615f6:3255
[228462523ms] [ERROR] WebSocket connection to 'wss://localhost:8081/app/app-key?protocol=7&client=js&version=8.4.0&flash=false' failed: Error in connection establishment: net::ERR_SSL_PROTOCOL_ERROR @ http://[::1]:5173/node_modules/.vite/deps/pusher-js.js?v=78e615f6:3255
[228522522ms] [ERROR] WebSocket connection to 'wss://localhost:8081/app/app-key?protocol=7&client=js&version=8.4.0&flash=false' failed: Error in connection establishment: net::ERR_SSL_PROTOCOL_ERROR @ http://[::1]:5173/node_modules/.vite/deps/pusher-js.js?v=78e615f6:3255
[228582525ms] [ERROR] WebSocket connection to 'wss://localhost:8081/app/app-key?protocol=7&client=js&version=8.4.0&flash=false' failed: Error in connection establishment: net::ERR_SSL_PROTOCOL_ERROR @ http://[::1]:5173/node_modules/.vite/deps/pusher-js.js?v=78e615f6:3255
[228642536ms] [ERROR] WebSocket connection to 'wss://localhost:8081/app/app-key?protocol=7&client=js&version=8.4.0&flash=false' failed: Error in connection establishment: net::ERR_SSL_PROTOCOL_ERROR @ http://[::1]:5173/node_modules/.vite/deps/pusher-js.js?v=78e615f6:3255
[228702534ms] [ERROR] WebSocket connection to 'wss://localhost:8081/app/app-key?protocol=7&client=js&version=8.4.0&flash=false' failed: Error in connection establishment: net::ERR_SSL_PROTOCOL_ERROR @ http://[::1]:5173/node_modules/.vite/deps/pusher-js.js?v=78e615f6:3255
[228762533ms] [ERROR] WebSocket connection to 'wss://localhost:8081/app/app-key?protocol=7&client=js&version=8.4.0&flash=false' failed: Error in connection establishment: net::ERR_SSL_PROTOCOL_ERROR @ http://[::1]:5173/node_modules/.vite/deps/pusher-js.js?v=78e615f6:3255
[228822534ms] [ERROR] WebSocket connection to 'wss://localhost:8081/app/app-key?protocol=7&client=js&version=8.4.0&flash=false' failed: Error in connection establishment: net::ERR_SSL_PROTOCOL_ERROR @ http://[::1]:5173/node_modules/.vite/deps/pusher-js.js?v=78e615f6:3255
[228882534ms] [ERROR] WebSocket connection to 'wss://localhost:8081/app/app-key?protocol=7&client=js&version=8.4.0&flash=false' failed: Error in connection establishment: net::ERR_SSL_PROTOCOL_ERROR @ http://[::1]:5173/node_modules/.vite/deps/pusher-js.js?v=78e615f6:3255
[228942530ms] [ERROR] WebSocket connection to 'wss://localhost:8081/app/app-key?protocol=7&client=js&version=8.4.0&flash=false' failed: Error in connection establishment: net::ERR_SSL_PROTOCOL_ERROR @ http://[::1]:5173/node_modules/.vite/deps/pusher-js.js?v=78e615f6:3255
[229002537ms] [ERROR] WebSocket connection to 'wss://localhost:8081/app/app-key?protocol=7&client=js&version=8.4.0&flash=false' failed: Error in connection establishment: net::ERR_SSL_PROTOCOL_ERROR @ http://[::1]:5173/node_modules/.vite/deps/pusher-js.js?v=78e615f6:3255
[229062539ms] [ERROR] WebSocket connection to 'wss://localhost:8081/app/app-key?protocol=7&client=js&version=8.4.0&flash=false' failed: Error in connection establishment: net::ERR_SSL_PROTOCOL_ERROR @ http://[::1]:5173/node_modules/.vite/deps/pusher-js.js?v=78e615f6:3255
[229122542ms] [ERROR] WebSocket connection to 'wss://localhost:8081/app/app-key?protocol=7&client=js&version=8.4.0&flash=false' failed: Error in connection establishment: net::ERR_SSL_PROTOCOL_ERROR @ http://[::1]:5173/node_modules/.vite/deps/pusher-js.js?v=78e615f6:3255
[229182538ms] [ERROR] WebSocket connection to 'wss://localhost:8081/app/app-key?protocol=7&client=js&version=8.4.0&flash=false' failed: Error in connection establishment: net::ERR_SSL_PROTOCOL_ERROR @ http://[::1]:5173/node_modules/.vite/deps/pusher-js.js?v=78e615f6:3255
[229242544ms] [ERROR] WebSocket connection to 'wss://localhost:8081/app/app-key?protocol=7&client=js&version=8.4.0&flash=false' failed: Error in connection establishment: net::ERR_SSL_PROTOCOL_ERROR @ http://[::1]:5173/node_modules/.vite/deps/pusher-js.js?v=78e615f6:3255
[229302544ms] [ERROR] WebSocket connection to 'wss://localhost:8081/app/app-key?protocol=7&client=js&version=8.4.0&flash=false' failed: Error in connection establishment: net::ERR_SSL_PROTOCOL_ERROR @ http://[::1]:5173/node_modules/.vite/deps/pusher-js.js?v=78e615f6:3255
[229362545ms] [ERROR] WebSocket connection to 'wss://localhost:8081/app/app-key?protocol=7&client=js&version=8.4.0&flash=false' failed: Error in connection establishment: net::ERR_SSL_PROTOCOL_ERROR @ http://[::1]:5173/node_modules/.vite/deps/pusher-js.js?v=78e615f6:3255
[229422543ms] [ERROR] WebSocket connection to 'wss://localhost:8081/app/app-key?protocol=7&client=js&version=8.4.0&flash=false' failed: Error in connection establishment: net::ERR_SSL_PROTOCOL_ERROR @ http://[::1]:5173/node_modules/.vite/deps/pusher-js.js?v=78e615f6:3255
[229482546ms] [ERROR] WebSocket connection to 'wss://localhost:8081/app/app-key?protocol=7&client=js&version=8.4.0&flash=false' failed: Error in connection establishment: net::ERR_SSL_PROTOCOL_ERROR @ http://[::1]:5173/node_modules/.vite/deps/pusher-js.js?v=78e615f6:3255
[229542546ms] [ERROR] WebSocket connection to 'wss://localhost:8081/app/app-key?protocol=7&client=js&version=8.4.0&flash=false' failed: Error in connection establishment: net::ERR_SSL_PROTOCOL_ERROR @ http://[::1]:5173/node_modules/.vite/deps/pusher-js.js?v=78e615f6:3255
[229602546ms] [ERROR] WebSocket connection to 'wss://localhost:8081/app/app-key?protocol=7&client=js&version=8.4.0&flash=false' failed: Error in connection establishment: net::ERR_SSL_PROTOCOL_ERROR @ http://[::1]:5173/node_modules/.vite/deps/pusher-js.js?v=78e615f6:3255
[229662550ms] [ERROR] WebSocket connection to 'wss://localhost:8081/app/app-key?protocol=7&client=js&version=8.4.0&flash=false' failed: Error in connection establishment: net::ERR_SSL_PROTOCOL_ERROR @ http://[::1]:5173/node_modules/.vite/deps/pusher-js.js?v=78e615f6:3255
[229722556ms] [ERROR] WebSocket connection to 'wss://localhost:8081/app/app-key?protocol=7&client=js&version=8.4.0&flash=false' failed: Error in connection establishment: net::ERR_SSL_PROTOCOL_ERROR @ http://[::1]:5173/node_modules/.vite/deps/pusher-js.js?v=78e615f6:3255
[229782561ms] [ERROR] WebSocket connection to 'wss://localhost:8081/app/app-key?protocol=7&client=js&version=8.4.0&flash=false' failed: Error in connection establishment: net::ERR_SSL_PROTOCOL_ERROR @ http://[::1]:5173/node_modules/.vite/deps/pusher-js.js?v=78e615f6:3255
[229842572ms] [ERROR] WebSocket connection to 'wss://localhost:8081/app/app-key?protocol=7&client=js&version=8.4.0&flash=false' failed: Error in connection establishment: net::ERR_SSL_PROTOCOL_ERROR @ http://[::1]:5173/node_modules/.vite/deps/pusher-js.js?v=78e615f6:3255
[229902564ms] [ERROR] WebSocket connection to 'wss://localhost:8081/app/app-key?protocol=7&client=js&version=8.4.0&flash=false' failed: Error in connection establishment: net::ERR_SSL_PROTOCOL_ERROR @ http://[::1]:5173/node_modules/.vite/deps/pusher-js.js?v=78e615f6:3255
[229962572ms] [ERROR] WebSocket connection to 'wss://localhost:8081/app/app-key?protocol=7&client=js&version=8.4.0&flash=false' failed: Error in connection establishment: net::ERR_SSL_PROTOCOL_ERROR @ http://[::1]:5173/node_modules/.vite/deps/pusher-js.js?v=78e615f6:3255
[230022569ms] [ERROR] WebSocket connection to 'wss://localhost:8081/app/app-key?protocol=7&client=js&version=8.4.0&flash=false' failed: Error in connection establishment: net::ERR_SSL_PROTOCOL_ERROR @ http://[::1]:5173/node_modules/.vite/deps/pusher-js.js?v=78e615f6:3255
[230082578ms] [ERROR] WebSocket connection to 'wss://localhost:8081/app/app-key?protocol=7&client=js&version=8.4.0&flash=false' failed: Error in connection establishment: net::ERR_SSL_PROTOCOL_ERROR @ http://[::1]:5173/node_modules/.vite/deps/pusher-js.js?v=78e615f6:3255
[230142592ms] [ERROR] WebSocket connection to 'wss://localhost:8081/app/app-key?protocol=7&client=js&version=8.4.0&flash=false' failed: Error in connection establishment: net::ERR_SSL_PROTOCOL_ERROR @ http://[::1]:5173/node_modules/.vite/deps/pusher-js.js?v=78e615f6:3255
[230202576ms] [ERROR] WebSocket connection to 'wss://localhost:8081/app/app-key?protocol=7&client=js&version=8.4.0&flash=false' failed: Error in connection establishment: net::ERR_SSL_PROTOCOL_ERROR @ http://[::1]:5173/node_modules/.vite/deps/pusher-js.js?v=78e615f6:3255
[230262580ms] [ERROR] WebSocket connection to 'wss://localhost:8081/app/app-key?protocol=7&client=js&version=8.4.0&flash=false' failed: Error in connection establishment: net::ERR_SSL_PROTOCOL_ERROR @ http://[::1]:5173/node_modules/.vite/deps/pusher-js.js?v=78e615f6:3255
[230322583ms] [ERROR] WebSocket connection to 'wss://localhost:8081/app/app-key?protocol=7&client=js&version=8.4.0&flash=false' failed: Error in connection establishment: net::ERR_SSL_PROTOCOL_ERROR @ http://[::1]:5173/node_modules/.vite/deps/pusher-js.js?v=78e615f6:3255
[230382584ms] [ERROR] WebSocket connection to 'wss://localhost:8081/app/app-key?protocol=7&client=js&version=8.4.0&flash=false' failed: Error in connection establishment: net::ERR_SSL_PROTOCOL_ERROR @ http://[::1]:5173/node_modules/.vite/deps/pusher-js.js?v=78e615f6:3255
[230442584ms] [ERROR] WebSocket connection to 'wss://localhost:8081/app/app-key?protocol=7&client=js&version=8.4.0&flash=false' failed: Error in connection establishment: net::ERR_SSL_PROTOCOL_ERROR @ http://[::1]:5173/node_modules/.vite/deps/pusher-js.js?v=78e615f6:3255
[230502588ms] [ERROR] WebSocket connection to 'wss://localhost:8081/app/app-key?protocol=7&client=js&version=8.4.0&flash=false' failed: Error in connection establishment: net::ERR_SSL_PROTOCOL_ERROR @ http://[::1]:5173/node_modules/.vite/deps/pusher-js.js?v=78e615f6:3255
[230562590ms] [ERROR] WebSocket connection to 'wss://localhost:8081/app/app-key?protocol=7&client=js&version=8.4.0&flash=false' failed: Error in connection establishment: net::ERR_SSL_PROTOCOL_ERROR @ http://[::1]:5173/node_modules/.vite/deps/pusher-js.js?v=78e615f6:3255
[230622584ms] [ERROR] WebSocket connection to 'wss://localhost:8081/app/app-key?protocol=7&client=js&version=8.4.0&flash=false' failed: Error in connection establishment: net::ERR_SSL_PROTOCOL_ERROR @ http://[::1]:5173/node_modules/.vite/deps/pusher-js.js?v=78e615f6:3255
[230682587ms] [ERROR] WebSocket connection to 'wss://localhost:8081/app/app-key?protocol=7&client=js&version=8.4.0&flash=false' failed: Error in connection establishment: net::ERR_SSL_PROTOCOL_ERROR @ http://[::1]:5173/node_modules/.vite/deps/pusher-js.js?v=78e615f6:3255
[230742595ms] [ERROR] WebSocket connection to 'wss://localhost:8081/app/app-key?protocol=7&client=js&version=8.4.0&flash=false' failed: Error in connection establishment: net::ERR_SSL_PROTOCOL_ERROR @ http://[::1]:5173/node_modules/.vite/deps/pusher-js.js?v=78e615f6:3255
[230802594ms] [ERROR] WebSocket connection to 'wss://localhost:8081/app/app-key?protocol=7&client=js&version=8.4.0&flash=false' failed: Error in connection establishment: net::ERR_SSL_PROTOCOL_ERROR @ http://[::1]:5173/node_modules/.vite/deps/pusher-js.js?v=78e615f6:3255
[230862597ms] [ERROR] WebSocket connection to 'wss://localhost:8081/app/app-key?protocol=7&client=js&version=8.4.0&flash=false' failed: Error in connection establishment: net::ERR_SSL_PROTOCOL_ERROR @ http://[::1]:5173/node_modules/.vite/deps/pusher-js.js?v=78e615f6:3255
[230922595ms] [ERROR] WebSocket connection to 'wss://localhost:8081/app/app-key?protocol=7&client=js&version=8.4.0&flash=false' failed: Error in connection establishment: net::ERR_SSL_PROTOCOL_ERROR @ http://[::1]:5173/node_modules/.vite/deps/pusher-js.js?v=78e615f6:3255
[230982600ms] [ERROR] WebSocket connection to 'wss://localhost:8081/app/app-key?protocol=7&client=js&version=8.4.0&flash=false' failed: Error in connection establishment: net::ERR_SSL_PROTOCOL_ERROR @ http://[::1]:5173/node_modules/.vite/deps/pusher-js.js?v=78e615f6:3255
[231042602ms] [ERROR] WebSocket connection to 'wss://localhost:8081/app/app-key?protocol=7&client=js&version=8.4.0&flash=false' failed: Error in connection establishment: net::ERR_SSL_PROTOCOL_ERROR @ http://[::1]:5173/node_modules/.vite/deps/pusher-js.js?v=78e615f6:3255
[231102605ms] [ERROR] WebSocket connection to 'wss://localhost:8081/app/app-key?protocol=7&client=js&version=8.4.0&flash=false' failed: Error in connection establishment: net::ERR_SSL_PROTOCOL_ERROR @ http://[::1]:5173/node_modules/.vite/deps/pusher-js.js?v=78e615f6:3255
[231162611ms] [ERROR] WebSocket connection to 'wss://localhost:8081/app/app-key?protocol=7&client=js&version=8.4.0&flash=false' failed: Error in connection establishment: net::ERR_SSL_PROTOCOL_ERROR @ http://[::1]:5173/node_modules/.vite/deps/pusher-js.js?v=78e615f6:3255
[231222607ms] [ERROR] WebSocket connection to 'wss://localhost:8081/app/app-key?protocol=7&client=js&version=8.4.0&flash=false' failed: Error in connection establishment: net::ERR_SSL_PROTOCOL_ERROR @ http://[::1]:5173/node_modules/.vite/deps/pusher-js.js?v=78e615f6:3255
[231282610ms] [ERROR] WebSocket connection to 'wss://localhost:8081/app/app-key?protocol=7&client=js&version=8.4.0&flash=false' failed: Error in connection establishment: net::ERR_SSL_PROTOCOL_ERROR @ http://[::1]:5173/node_modules/.vite/deps/pusher-js.js?v=78e615f6:3255
[231342609ms] [ERROR] WebSocket connection to 'wss://localhost:8081/app/app-key?protocol=7&client=js&version=8.4.0&flash=false' failed: Error in connection establishment: net::ERR_SSL_PROTOCOL_ERROR @ http://[::1]:5173/node_modules/.vite/deps/pusher-js.js?v=78e615f6:3255
[231402613ms] [ERROR] WebSocket connection to 'wss://localhost:8081/app/app-key?protocol=7&client=js&version=8.4.0&flash=false' failed: Error in connection establishment: net::ERR_SSL_PROTOCOL_ERROR @ http://[::1]:5173/node_modules/.vite/deps/pusher-js.js?v=78e615f6:3255
[231462611ms] [ERROR] WebSocket connection to 'wss://localhost:8081/app/app-key?protocol=7&client=js&version=8.4.0&flash=false' failed: Error in connection establishment: net::ERR_SSL_PROTOCOL_ERROR @ http://[::1]:5173/node_modules/.vite/deps/pusher-js.js?v=78e615f6:3255
[231522621ms] [ERROR] WebSocket connection to 'wss://localhost:8081/app/app-key?protocol=7&client=js&version=8.4.0&flash=false' failed: Error in connection establishment: net::ERR_SSL_PROTOCOL_ERROR @ http://[::1]:5173/node_modules/.vite/deps/pusher-js.js?v=78e615f6:3255
[231582619ms] [ERROR] WebSocket connection to 'wss://localhost:8081/app/app-key?protocol=7&client=js&version=8.4.0&flash=false' failed: Error in connection establishment: net::ERR_SSL_PROTOCOL_ERROR @ http://[::1]:5173/node_modules/.vite/deps/pusher-js.js?v=78e615f6:3255
[231642620ms] [ERROR] WebSocket connection to 'wss://localhost:8081/app/app-key?protocol=7&client=js&version=8.4.0&flash=false' failed: Error in connection establishment: net::ERR_SSL_PROTOCOL_ERROR @ http://[::1]:5173/node_modules/.vite/deps/pusher-js.js?v=78e615f6:3255
[231702619ms] [ERROR] WebSocket connection to 'wss://localhost:8081/app/app-key?protocol=7&client=js&version=8.4.0&flash=false' failed: Error in connection establishment: net::ERR_SSL_PROTOCOL_ERROR @ http://[::1]:5173/node_modules/.vite/deps/pusher-js.js?v=78e615f6:3255
[231762626ms] [ERROR] WebSocket connection to 'wss://localhost:8081/app/app-key?protocol=7&client=js&version=8.4.0&flash=false' failed: Error in connection establishment: net::ERR_SSL_PROTOCOL_ERROR @ http://[::1]:5173/node_modules/.vite/deps/pusher-js.js?v=78e615f6:3255
[231822624ms] [ERROR] WebSocket connection to 'wss://localhost:8081/app/app-key?protocol=7&client=js&version=8.4.0&flash=false' failed: Error in connection establishment: net::ERR_SSL_PROTOCOL_ERROR @ http://[::1]:5173/node_modules/.vite/deps/pusher-js.js?v=78e615f6:3255
[231882629ms] [ERROR] WebSocket connection to 'wss://localhost:8081/app/app-key?protocol=7&client=js&version=8.4.0&flash=false' failed: Error in connection establishment: net::ERR_SSL_PROTOCOL_ERROR @ http://[::1]:5173/node_modules/.vite/deps/pusher-js.js?v=78e615f6:3255
[231942625ms] [ERROR] WebSocket connection to 'wss://localhost:8081/app/app-key?protocol=7&client=js&version=8.4.0&flash=false' failed: Error in connection establishment: net::ERR_SSL_PROTOCOL_ERROR @ http://[::1]:5173/node_modules/.vite/deps/pusher-js.js?v=78e615f6:3255
[232002631ms] [ERROR] WebSocket connection to 'wss://localhost:8081/app/app-key?protocol=7&client=js&version=8.4.0&flash=false' failed: Error in connection establishment: net::ERR_SSL_PROTOCOL_ERROR @ http://[::1]:5173/node_modules/.vite/deps/pusher-js.js?v=78e615f6:3255
[232062634ms] [ERROR] WebSocket connection to 'wss://localhost:8081/app/app-key?protocol=7&client=js&version=8.4.0&flash=false' failed: Error in connection establishment: net::ERR_SSL_PROTOCOL_ERROR @ http://[::1]:5173/node_modules/.vite/deps/pusher-js.js?v=78e615f6:3255
[232122640ms] [ERROR] WebSocket connection to 'wss://localhost:8081/app/app-key?protocol=7&client=js&version=8.4.0&flash=false' failed: Error in connection establishment: net::ERR_SSL_PROTOCOL_ERROR @ http://[::1]:5173/node_modules/.vite/deps/pusher-js.js?v=78e615f6:3255
[232182638ms] [ERROR] WebSocket connection to 'wss://localhost:8081/app/app-key?protocol=7&client=js&version=8.4.0&flash=false' failed: Error in connection establishment: net::ERR_SSL_PROTOCOL_ERROR @ http://[::1]:5173/node_modules/.vite/deps/pusher-js.js?v=78e615f6:3255
[232242635ms] [ERROR] WebSocket connection to 'wss://localhost:8081/app/app-key?protocol=7&client=js&version=8.4.0&flash=false' failed: Error in connection establishment: net::ERR_SSL_PROTOCOL_ERROR @ http://[::1]:5173/node_modules/.vite/deps/pusher-js.js?v=78e615f6:3255
[232302638ms] [ERROR] WebSocket connection to 'wss://localhost:8081/app/app-key?protocol=7&client=js&version=8.4.0&flash=false' failed: Error in connection establishment: net::ERR_SSL_PROTOCOL_ERROR @ http://[::1]:5173/node_modules/.vite/deps/pusher-js.js?v=78e615f6:3255
[232362648ms] [ERROR] WebSocket connection to 'wss://localhost:8081/app/app-key?protocol=7&client=js&version=8.4.0&flash=false' failed: Error in connection establishment: net::ERR_SSL_PROTOCOL_ERROR @ http://[::1]:5173/node_modules/.vite/deps/pusher-js.js?v=78e615f6:3255
[232422640ms] [ERROR] WebSocket connection to 'wss://localhost:8081/app/app-key?protocol=7&client=js&version=8.4.0&flash=false' failed: Error in connection establishment: net::ERR_SSL_PROTOCOL_ERROR @ http://[::1]:5173/node_modules/.vite/deps/pusher-js.js?v=78e615f6:3255
[232482638ms] [ERROR] WebSocket connection to 'wss://localhost:8081/app/app-key?protocol=7&client=js&version=8.4.0&flash=false' failed: Error in connection establishment: net::ERR_SSL_PROTOCOL_ERROR @ http://[::1]:5173/node_modules/.vite/deps/pusher-js.js?v=78e615f6:3255
[232542644ms] [ERROR] WebSocket connection to 'wss://localhost:8081/app/app-key?protocol=7&client=js&version=8.4.0&flash=false' failed: Error in connection establishment: net::ERR_SSL_PROTOCOL_ERROR @ http://[::1]:5173/node_modules/.vite/deps/pusher-js.js?v=78e615f6:3255
[232602649ms] [ERROR] WebSocket connection to 'wss://localhost:8081/app/app-key?protocol=7&client=js&version=8.4.0&flash=false' failed: Error in connection establishment: net::ERR_SSL_PROTOCOL_ERROR @ http://[::1]:5173/node_modules/.vite/deps/pusher-js.js?v=78e615f6:3255
[232662645ms] [ERROR] WebSocket connection to 'wss://localhost:8081/app/app-key?protocol=7&client=js&version=8.4.0&flash=false' failed: Error in connection establishment: net::ERR_SSL_PROTOCOL_ERROR @ http://[::1]:5173/node_modules/.vite/deps/pusher-js.js?v=78e615f6:3255
[232722652ms] [ERROR] WebSocket connection to 'wss://localhost:8081/app/app-key?protocol=7&client=js&version=8.4.0&flash=false' failed: Error in connection establishment: net::ERR_SSL_PROTOCOL_ERROR @ http://[::1]:5173/node_modules/.vite/deps/pusher-js.js?v=78e615f6:3255
[232782653ms] [ERROR] WebSocket connection to 'wss://localhost:8081/app/app-key?protocol=7&client=js&version=8.4.0&flash=false' failed: Error in connection establishment: net::ERR_SSL_PROTOCOL_ERROR @ http://[::1]:5173/node_modules/.vite/deps/pusher-js.js?v=78e615f6:3255
[232842655ms] [ERROR] WebSocket connection to 'wss://localhost:8081/app/app-key?protocol=7&client=js&version=8.4.0&flash=false' failed: Error in connection establishment: net::ERR_SSL_PROTOCOL_ERROR @ http://[::1]:5173/node_modules/.vite/deps/pusher-js.js?v=78e615f6:3255
[232902654ms] [ERROR] WebSocket connection to 'wss://localhost:8081/app/app-key?protocol=7&client=js&version=8.4.0&flash=false' failed: Error in connection establishment: net::ERR_SSL_PROTOCOL_ERROR @ http://[::1]:5173/node_modules/.vite/deps/pusher-js.js?v=78e615f6:3255
[232962663ms] [ERROR] WebSocket connection to 'wss://localhost:8081/app/app-key?protocol=7&client=js&version=8.4.0&flash=false' failed: Error in connection establishment: net::ERR_SSL_PROTOCOL_ERROR @ http://[::1]:5173/node_modules/.vite/deps/pusher-js.js?v=78e615f6:3255
[233022660ms] [ERROR] WebSocket connection to 'wss://localhost:8081/app/app-key?protocol=7&client=js&version=8.4.0&flash=false' failed: Error in connection establishment: net::ERR_SSL_PROTOCOL_ERROR @ http://[::1]:5173/node_modules/.vite/deps/pusher-js.js?v=78e615f6:3255
[233082672ms] [ERROR] WebSocket connection to 'wss://localhost:8081/app/app-key?protocol=7&client=js&version=8.4.0&flash=false' failed: Error in connection establishment: net::ERR_SSL_PROTOCOL_ERROR @ http://[::1]:5173/node_modules/.vite/deps/pusher-js.js?v=78e615f6:3255
[233142663ms] [ERROR] WebSocket connection to 'wss://localhost:8081/app/app-key?protocol=7&client=js&version=8.4.0&flash=false' failed: Error in connection establishment: net::ERR_SSL_PROTOCOL_ERROR @ http://[::1]:5173/node_modules/.vite/deps/pusher-js.js?v=78e615f6:3255
[233202668ms] [ERROR] WebSocket connection to 'wss://localhost:8081/app/app-key?protocol=7&client=js&version=8.4.0&flash=false' failed: Error in connection establishment: net::ERR_SSL_PROTOCOL_ERROR @ http://[::1]:5173/node_modules/.vite/deps/pusher-js.js?v=78e615f6:3255
[233262667ms] [ERROR] WebSocket connection to 'wss://localhost:8081/app/app-key?protocol=7&client=js&version=8.4.0&flash=false' failed: Error in connection establishment: net::ERR_SSL_PROTOCOL_ERROR @ http://[::1]:5173/node_modules/.vite/deps/pusher-js.js?v=78e615f6:3255
[233322670ms] [ERROR] WebSocket connection to 'wss://localhost:8081/app/app-key?protocol=7&client=js&version=8.4.0&flash=false' failed: Error in connection establishment: net::ERR_SSL_PROTOCOL_ERROR @ http://[::1]:5173/node_modules/.vite/deps/pusher-js.js?v=78e615f6:3255
[233382678ms] [ERROR] WebSocket connection to 'wss://localhost:8081/app/app-key?protocol=7&client=js&version=8.4.0&flash=false' failed: Error in connection establishment: net::ERR_SSL_PROTOCOL_ERROR @ http://[::1]:5173/node_modules/.vite/deps/pusher-js.js?v=78e615f6:3255
[233442675ms] [ERROR] WebSocket connection to 'wss://localhost:8081/app/app-key?protocol=7&client=js&version=8.4.0&flash=false' failed: Error in connection establishment: net::ERR_SSL_PROTOCOL_ERROR @ http://[::1]:5173/node_modules/.vite/deps/pusher-js.js?v=78e615f6:3255
[233502675ms] [ERROR] WebSocket connection to 'wss://localhost:8081/app/app-key?protocol=7&client=js&version=8.4.0&flash=false' failed: Error in connection establishment: net::ERR_SSL_PROTOCOL_ERROR @ http://[::1]:5173/node_modules/.vite/deps/pusher-js.js?v=78e615f6:3255
[233562675ms] [ERROR] WebSocket connection to 'wss://localhost:8081/app/app-key?protocol=7&client=js&version=8.4.0&flash=false' failed: Error in connection establishment: net::ERR_SSL_PROTOCOL_ERROR @ http://[::1]:5173/node_modules/.vite/deps/pusher-js.js?v=78e615f6:3255
[233622676ms] [ERROR] WebSocket connection to 'wss://localhost:8081/app/app-key?protocol=7&client=js&version=8.4.0&flash=false' failed: Error in connection establishment: net::ERR_SSL_PROTOCOL_ERROR @ http://[::1]:5173/node_modules/.vite/deps/pusher-js.js?v=78e615f6:3255
[233682680ms] [ERROR] WebSocket connection to 'wss://localhost:8081/app/app-key?protocol=7&client=js&version=8.4.0&flash=false' failed: Error in connection establishment: net::ERR_SSL_PROTOCOL_ERROR @ http://[::1]:5173/node_modules/.vite/deps/pusher-js.js?v=78e615f6:3255
[233742688ms] [ERROR] WebSocket connection to 'wss://localhost:8081/app/app-key?protocol=7&client=js&version=8.4.0&flash=false' failed: Error in connection establishment: net::ERR_SSL_PROTOCOL_ERROR @ http://[::1]:5173/node_modules/.vite/deps/pusher-js.js?v=78e615f6:3255
[233802684ms] [ERROR] WebSocket connection to 'wss://localhost:8081/app/app-key?protocol=7&client=js&version=8.4.0&flash=false' failed: Error in connection establishment: net::ERR_SSL_PROTOCOL_ERROR @ http://[::1]:5173/node_modules/.vite/deps/pusher-js.js?v=78e615f6:3255
[233862688ms] [ERROR] WebSocket connection to 'wss://localhost:8081/app/app-key?protocol=7&client=js&version=8.4.0&flash=false' failed: Error in connection establishment: net::ERR_SSL_PROTOCOL_ERROR @ http://[::1]:5173/node_modules/.vite/deps/pusher-js.js?v=78e615f6:3255
[233922699ms] [ERROR] WebSocket connection to 'wss://localhost:8081/app/app-key?protocol=7&client=js&version=8.4.0&flash=false' failed: Error in connection establishment: net::ERR_SSL_PROTOCOL_ERROR @ http://[::1]:5173/node_modules/.vite/deps/pusher-js.js?v=78e615f6:3255
[233982696ms] [ERROR] WebSocket connection to 'wss://localhost:8081/app/app-key?protocol=7&client=js&version=8.4.0&flash=false' failed: Error in connection establishment: net::ERR_SSL_PROTOCOL_ERROR @ http://[::1]:5173/node_modules/.vite/deps/pusher-js.js?v=78e615f6:3255
[234042691ms] [ERROR] WebSocket connection to 'wss://localhost:8081/app/app-key?protocol=7&client=js&version=8.4.0&flash=false' failed: Error in connection establishment: net::ERR_SSL_PROTOCOL_ERROR @ http://[::1]:5173/node_modules/.vite/deps/pusher-js.js?v=78e615f6:3255
[234102693ms] [ERROR] WebSocket connection to 'wss://localhost:8081/app/app-key?protocol=7&client=js&version=8.4.0&flash=false' failed: Error in connection establishment: net::ERR_SSL_PROTOCOL_ERROR @ http://[::1]:5173/node_modules/.vite/deps/pusher-js.js?v=78e615f6:3255
[234162694ms] [ERROR] WebSocket connection to 'wss://localhost:8081/app/app-key?protocol=7&client=js&version=8.4.0&flash=false' failed: Error in connection establishment: net::ERR_SSL_PROTOCOL_ERROR @ http://[::1]:5173/node_modules/.vite/deps/pusher-js.js?v=78e615f6:3255
[234222688ms] [ERROR] WebSocket connection to 'wss://localhost:8081/app/app-key?protocol=7&client=js&version=8.4.0&flash=false' failed: Error in connection establishment: net::ERR_SSL_PROTOCOL_ERROR @ http://[::1]:5173/node_modules/.vite/deps/pusher-js.js?v=78e615f6:3255
[234282697ms] [ERROR] WebSocket connection to 'wss://localhost:8081/app/app-key?protocol=7&client=js&version=8.4.0&flash=false' failed: Error in connection establishment: net::ERR_SSL_PROTOCOL_ERROR @ http://[::1]:5173/node_modules/.vite/deps/pusher-js.js?v=78e615f6:3255
[234342698ms] [ERROR] WebSocket connection to 'wss://localhost:8081/app/app-key?protocol=7&client=js&version=8.4.0&flash=false' failed: Error in connection establishment: net::ERR_SSL_PROTOCOL_ERROR @ http://[::1]:5173/node_modules/.vite/deps/pusher-js.js?v=78e615f6:3255
[234402702ms] [ERROR] WebSocket connection to 'wss://localhost:8081/app/app-key?protocol=7&client=js&version=8.4.0&flash=false' failed: Error in connection establishment: net::ERR_SSL_PROTOCOL_ERROR @ http://[::1]:5173/node_modules/.vite/deps/pusher-js.js?v=78e615f6:3255
[234462708ms] [ERROR] WebSocket connection to 'wss://localhost:8081/app/app-key?protocol=7&client=js&version=8.4.0&flash=false' failed: Error in connection establishment: net::ERR_SSL_PROTOCOL_ERROR @ http://[::1]:5173/node_modules/.vite/deps/pusher-js.js?v=78e615f6:3255
[234522711ms] [ERROR] WebSocket connection to 'wss://localhost:8081/app/app-key?protocol=7&client=js&version=8.4.0&flash=false' failed: Error in connection establishment: net::ERR_SSL_PROTOCOL_ERROR @ http://[::1]:5173/node_modules/.vite/deps/pusher-js.js?v=78e615f6:3255
[234582716ms] [ERROR] WebSocket connection to 'wss://localhost:8081/app/app-key?protocol=7&client=js&version=8.4.0&flash=false' failed: Error in connection establishment: net::ERR_SSL_PROTOCOL_ERROR @ http://[::1]:5173/node_modules/.vite/deps/pusher-js.js?v=78e615f6:3255
[234642613ms] [ERROR] WebSocket connection to 'wss://localhost:8081/app/app-key?protocol=7&client=js&version=8.4.0&flash=false' failed: Error in connection establishment: net::ERR_SSL_PROTOCOL_ERROR @ http://[::1]:5173/node_modules/.vite/deps/pusher-js.js?v=78e615f6:3255
[234702615ms] [ERROR] WebSocket connection to 'wss://localhost:8081/app/app-key?protocol=7&client=js&version=8.4.0&flash=false' failed: Error in connection establishment: net::ERR_SSL_PROTOCOL_ERROR @ http://[::1]:5173/node_modules/.vite/deps/pusher-js.js?v=78e615f6:3255
[234762614ms] [ERROR] WebSocket connection to 'wss://localhost:8081/app/app-key?protocol=7&client=js&version=8.4.0&flash=false' failed: Error in connection establishment: net::ERR_SSL_PROTOCOL_ERROR @ http://[::1]:5173/node_modules/.vite/deps/pusher-js.js?v=78e615f6:3255
[234822615ms] [ERROR] WebSocket connection to 'wss://localhost:8081/app/app-key?protocol=7&client=js&version=8.4.0&flash=false' failed: Error in connection establishment: net::ERR_SSL_PROTOCOL_ERROR @ http://[::1]:5173/node_modules/.vite/deps/pusher-js.js?v=78e615f6:3255
[234882613ms] [ERROR] WebSocket connection to 'wss://localhost:8081/app/app-key?protocol=7&client=js&version=8.4.0&flash=false' failed: Error in connection establishment: net::ERR_SSL_PROTOCOL_ERROR @ http://[::1]:5173/node_modules/.vite/deps/pusher-js.js?v=78e615f6:3255
[234942614ms] [ERROR] WebSocket connection to 'wss://localhost:8081/app/app-key?protocol=7&client=js&version=8.4.0&flash=false' failed: Error in connection establishment: net::ERR_SSL_PROTOCOL_ERROR @ http://[::1]:5173/node_modules/.vite/deps/pusher-js.js?v=78e615f6:3255
[235002612ms] [ERROR] WebSocket connection to 'wss://localhost:8081/app/app-key?protocol=7&client=js&version=8.4.0&flash=false' failed: Error in connection establishment: net::ERR_SSL_PROTOCOL_ERROR @ http://[::1]:5173/node_modules/.vite/deps/pusher-js.js?v=78e615f6:3255
[235062611ms] [ERROR] WebSocket connection to 'wss://localhost:8081/app/app-key?protocol=7&client=js&version=8.4.0&flash=false' failed: Error in connection establishment: net::ERR_SSL_PROTOCOL_ERROR @ http://[::1]:5173/node_modules/.vite/deps/pusher-js.js?v=78e615f6:3255
[235122612ms] [ERROR] WebSocket connection to 'wss://localhost:8081/app/app-key?protocol=7&client=js&version=8.4.0&flash=false' failed: Error in connection establishment: net::ERR_SSL_PROTOCOL_ERROR @ http://[::1]:5173/node_modules/.vite/deps/pusher-js.js?v=78e615f6:3255
[235182612ms] [ERROR] WebSocket connection to 'wss://localhost:8081/app/app-key?protocol=7&client=js&version=8.4.0&flash=false' failed: Error in connection establishment: net::ERR_SSL_PROTOCOL_ERROR @ http://[::1]:5173/node_modules/.vite/deps/pusher-js.js?v=78e615f6:3255
[235242630ms] [ERROR] WebSocket connection to 'wss://localhost:8081/app/app-key?protocol=7&client=js&version=8.4.0&flash=false' failed: Error in connection establishment: net::ERR_SSL_PROTOCOL_ERROR @ http://[::1]:5173/node_modules/.vite/deps/pusher-js.js?v=78e615f6:3255
[235302611ms] [ERROR] WebSocket connection to 'wss://localhost:8081/app/app-key?protocol=7&client=js&version=8.4.0&flash=false' failed: Error in connection establishment: net::ERR_SSL_PROTOCOL_ERROR @ http://[::1]:5173/node_modules/.vite/deps/pusher-js.js?v=78e615f6:3255
[235362618ms] [ERROR] WebSocket connection to 'wss://localhost:8081/app/app-key?protocol=7&client=js&version=8.4.0&flash=false' failed: Error in connection establishment: net::ERR_SSL_PROTOCOL_ERROR @ http://[::1]:5173/node_modules/.vite/deps/pusher-js.js?v=78e615f6:3255
[235422610ms] [ERROR] WebSocket connection to 'wss://localhost:8081/app/app-key?protocol=7&client=js&version=8.4.0&flash=false' failed: Error in connection establishment: net::ERR_SSL_PROTOCOL_ERROR @ http://[::1]:5173/node_modules/.vite/deps/pusher-js.js?v=78e615f6:3255
[235482617ms] [ERROR] WebSocket connection to 'wss://localhost:8081/app/app-key?protocol=7&client=js&version=8.4.0&flash=false' failed: Error in connection establishment: net::ERR_SSL_PROTOCOL_ERROR @ http://[::1]:5173/node_modules/.vite/deps/pusher-js.js?v=78e615f6:3255
[235542612ms] [ERROR] WebSocket connection to 'wss://localhost:8081/app/app-key?protocol=7&client=js&version=8.4.0&flash=false' failed: Error in connection establishment: net::ERR_SSL_PROTOCOL_ERROR @ http://[::1]:5173/node_modules/.vite/deps/pusher-js.js?v=78e615f6:3255
[235602616ms] [ERROR] WebSocket connection to 'wss://localhost:8081/app/app-key?protocol=7&client=js&version=8.4.0&flash=false' failed: Error in connection establishment: net::ERR_SSL_PROTOCOL_ERROR @ http://[::1]:5173/node_modules/.vite/deps/pusher-js.js?v=78e615f6:3255
[235662613ms] [ERROR] WebSocket connection to 'wss://localhost:8081/app/app-key?protocol=7&client=js&version=8.4.0&flash=false' failed: Error in connection establishment: net::ERR_SSL_PROTOCOL_ERROR @ http://[::1]:5173/node_modules/.vite/deps/pusher-js.js?v=78e615f6:3255
[235722618ms] [ERROR] WebSocket connection to 'wss://localhost:8081/app/app-key?protocol=7&client=js&version=8.4.0&flash=false' failed: Error in connection establishment: net::ERR_SSL_PROTOCOL_ERROR @ http://[::1]:5173/node_modules/.vite/deps/pusher-js.js?v=78e615f6:3255
[235782619ms] [ERROR] WebSocket connection to 'wss://localhost:8081/app/app-key?protocol=7&client=js&version=8.4.0&flash=false' failed: Error in connection establishment: net::ERR_SSL_PROTOCOL_ERROR @ http://[::1]:5173/node_modules/.vite/deps/pusher-js.js?v=78e615f6:3255
[235842616ms] [ERROR] WebSocket connection to 'wss://localhost:8081/app/app-key?protocol=7&client=js&version=8.4.0&flash=false' failed: Error in connection establishment: net::ERR_SSL_PROTOCOL_ERROR @ http://[::1]:5173/node_modules/.vite/deps/pusher-js.js?v=78e615f6:3255
[235902618ms] [ERROR] WebSocket connection to 'wss://localhost:8081/app/app-key?protocol=7&client=js&version=8.4.0&flash=false' failed: Error in connection establishment: net::ERR_SSL_PROTOCOL_ERROR @ http://[::1]:5173/node_modules/.vite/deps/pusher-js.js?v=78e615f6:3255
[235962614ms] [ERROR] WebSocket connection to 'wss://localhost:8081/app/app-key?protocol=7&client=js&version=8.4.0&flash=false' failed: Error in connection establishment: net::ERR_SSL_PROTOCOL_ERROR @ http://[::1]:5173/node_modules/.vite/deps/pusher-js.js?v=78e615f6:3255
[236022614ms] [ERROR] WebSocket connection to 'wss://localhost:8081/app/app-key?protocol=7&client=js&version=8.4.0&flash=false' failed: Error in connection establishment: net::ERR_SSL_PROTOCOL_ERROR @ http://[::1]:5173/node_modules/.vite/deps/pusher-js.js?v=78e615f6:3255
[236082618ms] [ERROR] WebSocket connection to 'wss://localhost:8081/app/app-key?protocol=7&client=js&version=8.4.0&flash=false' failed: Error in connection establishment: net::ERR_SSL_PROTOCOL_ERROR @ http://[::1]:5173/node_modules/.vite/deps/pusher-js.js?v=78e615f6:3255
[236142617ms] [ERROR] WebSocket connection to 'wss://localhost:8081/app/app-key?protocol=7&client=js&version=8.4.0&flash=false' failed: Error in connection establishment: net::ERR_SSL_PROTOCOL_ERROR @ http://[::1]:5173/node_modules/.vite/deps/pusher-js.js?v=78e615f6:3255
[236202624ms] [ERROR] WebSocket connection to 'wss://localhost:8081/app/app-key?protocol=7&client=js&version=8.4.0&flash=false' failed: Error in connection establishment: net::ERR_SSL_PROTOCOL_ERROR @ http://[::1]:5173/node_modules/.vite/deps/pusher-js.js?v=78e615f6:3255
[236262638ms] [ERROR] WebSocket connection to 'wss://localhost:8081/app/app-key?protocol=7&client=js&version=8.4.0&flash=false' failed: Error in connection establishment: net::ERR_SSL_PROTOCOL_ERROR @ http://[::1]:5173/node_modules/.vite/deps/pusher-js.js?v=78e615f6:3255
[236322632ms] [ERROR] WebSocket connection to 'wss://localhost:8081/app/app-key?protocol=7&client=js&version=8.4.0&flash=false' failed: Error in connection establishment: net::ERR_SSL_PROTOCOL_ERROR @ http://[::1]:5173/node_modules/.vite/deps/pusher-js.js?v=78e615f6:3255
[236382628ms] [ERROR] WebSocket connection to 'wss://localhost:8081/app/app-key?protocol=7&client=js&version=8.4.0&flash=false' failed: Error in connection establishment: net::ERR_SSL_PROTOCOL_ERROR @ http://[::1]:5173/node_modules/.vite/deps/pusher-js.js?v=78e615f6:3255
[236442632ms] [ERROR] WebSocket connection to 'wss://localhost:8081/app/app-key?protocol=7&client=js&version=8.4.0&flash=false' failed: Error in connection establishment: net::ERR_SSL_PROTOCOL_ERROR @ http://[::1]:5173/node_modules/.vite/deps/pusher-js.js?v=78e615f6:3255
[236502722ms] [ERROR] WebSocket connection to 'wss://localhost:8081/app/app-key?protocol=7&client=js&version=8.4.0&flash=false' failed: Error in connection establishment: net::ERR_SSL_PROTOCOL_ERROR @ http://[::1]:5173/node_modules/.vite/deps/pusher-js.js?v=78e615f6:3255
[236562732ms] [ERROR] WebSocket connection to 'wss://localhost:8081/app/app-key?protocol=7&client=js&version=8.4.0&flash=false' failed: Error in connection establishment: net::ERR_SSL_PROTOCOL_ERROR @ http://[::1]:5173/node_modules/.vite/deps/pusher-js.js?v=78e615f6:3255
[236622734ms] [ERROR] WebSocket connection to 'wss://localhost:8081/app/app-key?protocol=7&client=js&version=8.4.0&flash=false' failed: Error in connection establishment: net::ERR_SSL_PROTOCOL_ERROR @ http://[::1]:5173/node_modules/.vite/deps/pusher-js.js?v=78e615f6:3255
[236682734ms] [ERROR] WebSocket connection to 'wss://localhost:8081/app/app-key?protocol=7&client=js&version=8.4.0&flash=false' failed: Error in connection establishment: net::ERR_SSL_PROTOCOL_ERROR @ http://[::1]:5173/node_modules/.vite/deps/pusher-js.js?v=78e615f6:3255
[236742737ms] [ERROR] WebSocket connection to 'wss://localhost:8081/app/app-key?protocol=7&client=js&version=8.4.0&flash=false' failed: Error in connection establishment: net::ERR_SSL_PROTOCOL_ERROR @ http://[::1]:5173/node_modules/.vite/deps/pusher-js.js?v=78e615f6:3255
[236802742ms] [ERROR] WebSocket connection to 'wss://localhost:8081/app/app-key?protocol=7&client=js&version=8.4.0&flash=false' failed: Error in connection establishment: net::ERR_SSL_PROTOCOL_ERROR @ http://[::1]:5173/node_modules/.vite/deps/pusher-js.js?v=78e615f6:3255
[236862761ms] [ERROR] WebSocket connection to 'wss://localhost:8081/app/app-key?protocol=7&client=js&version=8.4.0&flash=false' failed: Error in connection establishment: net::ERR_SSL_PROTOCOL_ERROR @ http://[::1]:5173/node_modules/.vite/deps/pusher-js.js?v=78e615f6:3255
[236922753ms] [ERROR] WebSocket connection to 'wss://localhost:8081/app/app-key?protocol=7&client=js&version=8.4.0&flash=false' failed: Error in connection establishment: net::ERR_SSL_PROTOCOL_ERROR @ http://[::1]:5173/node_modules/.vite/deps/pusher-js.js?v=78e615f6:3255
[236982754ms] [ERROR] WebSocket connection to 'wss://localhost:8081/app/app-key?protocol=7&client=js&version=8.4.0&flash=false' failed: Error in connection establishment: net::ERR_SSL_PROTOCOL_ERROR @ http://[::1]:5173/node_modules/.vite/deps/pusher-js.js?v=78e615f6:3255
[237042755ms] [ERROR] WebSocket connection to 'wss://localhost:8081/app/app-key?protocol=7&client=js&version=8.4.0&flash=false' failed: Error in connection establishment: net::ERR_SSL_PROTOCOL_ERROR @ http://[::1]:5173/node_modules/.vite/deps/pusher-js.js?v=78e615f6:3255
[237102758ms] [ERROR] WebSocket connection to 'wss://localhost:8081/app/app-key?protocol=7&client=js&version=8.4.0&flash=false' failed: Error in connection establishment: net::ERR_SSL_PROTOCOL_ERROR @ http://[::1]:5173/node_modules/.vite/deps/pusher-js.js?v=78e615f6:3255
[237162760ms] [ERROR] WebSocket connection to 'wss://localhost:8081/app/app-key?protocol=7&client=js&version=8.4.0&flash=false' failed: Error in connection establishment: net::ERR_SSL_PROTOCOL_ERROR @ http://[::1]:5173/node_modules/.vite/deps/pusher-js.js?v=78e615f6:3255
[237222772ms] [ERROR] WebSocket connection to 'wss://localhost:8081/app/app-key?protocol=7&client=js&version=8.4.0&flash=false' failed: Error in connection establishment: net::ERR_SSL_PROTOCOL_ERROR @ http://[::1]:5173/node_modules/.vite/deps/pusher-js.js?v=78e615f6:3255
[237282767ms] [ERROR] WebSocket connection to 'wss://localhost:8081/app/app-key?protocol=7&client=js&version=8.4.0&flash=false' failed: Error in connection establishment: net::ERR_SSL_PROTOCOL_ERROR @ http://[::1]:5173/node_modules/.vite/deps/pusher-js.js?v=78e615f6:3255
[237342771ms] [ERROR] WebSocket connection to 'wss://localhost:8081/app/app-key?protocol=7&client=js&version=8.4.0&flash=false' failed: Error in connection establishment: net::ERR_SSL_PROTOCOL_ERROR @ http://[::1]:5173/node_modules/.vite/deps/pusher-js.js?v=78e615f6:3255
[237402774ms] [ERROR] WebSocket connection to 'wss://localhost:8081/app/app-key?protocol=7&client=js&version=8.4.0&flash=false' failed: Error in connection establishment: net::ERR_SSL_PROTOCOL_ERROR @ http://[::1]:5173/node_modules/.vite/deps/pusher-js.js?v=78e615f6:3255
[237462782ms] [ERROR] WebSocket connection to 'wss://localhost:8081/app/app-key?protocol=7&client=js&version=8.4.0&flash=false' failed: Error in connection establishment: net::ERR_SSL_PROTOCOL_ERROR @ http://[::1]:5173/node_modules/.vite/deps/pusher-js.js?v=78e615f6:3255
[237522785ms] [ERROR] WebSocket connection to 'wss://localhost:8081/app/app-key?protocol=7&client=js&version=8.4.0&flash=false' failed: Error in connection establishment: net::ERR_SSL_PROTOCOL_ERROR @ http://[::1]:5173/node_modules/.vite/deps/pusher-js.js?v=78e615f6:3255
[237582790ms] [ERROR] WebSocket connection to 'wss://localhost:8081/app/app-key?protocol=7&client=js&version=8.4.0&flash=false' failed: Error in connection establishment: net::ERR_SSL_PROTOCOL_ERROR @ http://[::1]:5173/node_modules/.vite/deps/pusher-js.js?v=78e615f6:3255
[237642793ms] [ERROR] WebSocket connection to 'wss://localhost:8081/app/app-key?protocol=7&client=js&version=8.4.0&flash=false' failed: Error in connection establishment: net::ERR_SSL_PROTOCOL_ERROR @ http://[::1]:5173/node_modules/.vite/deps/pusher-js.js?v=78e615f6:3255
[237702797ms] [ERROR] WebSocket connection to 'wss://localhost:8081/app/app-key?protocol=7&client=js&version=8.4.0&flash=false' failed: Error in connection establishment: net::ERR_SSL_PROTOCOL_ERROR @ http://[::1]:5173/node_modules/.vite/deps/pusher-js.js?v=78e615f6:3255
[237762793ms] [ERROR] WebSocket connection to 'wss://localhost:8081/app/app-key?protocol=7&client=js&version=8.4.0&flash=false' failed: Error in connection establishment: net::ERR_SSL_PROTOCOL_ERROR @ http://[::1]:5173/node_modules/.vite/deps/pusher-js.js?v=78e615f6:3255
[237822811ms] [ERROR] WebSocket connection to 'wss://localhost:8081/app/app-key?protocol=7&client=js&version=8.4.0&flash=false' failed: Error in connection establishment: net::ERR_SSL_PROTOCOL_ERROR @ http://[::1]:5173/node_modules/.vite/deps/pusher-js.js?v=78e615f6:3255
[237882800ms] [ERROR] WebSocket connection to 'wss://localhost:8081/app/app-key?protocol=7&client=js&version=8.4.0&flash=false' failed: Error in connection establishment: net::ERR_SSL_PROTOCOL_ERROR @ http://[::1]:5173/node_modules/.vite/deps/pusher-js.js?v=78e615f6:3255
[237942811ms] [ERROR] WebSocket connection to 'wss://localhost:8081/app/app-key?protocol=7&client=js&version=8.4.0&flash=false' failed: Error in connection establishment: net::ERR_SSL_PROTOCOL_ERROR @ http://[::1]:5173/node_modules/.vite/deps/pusher-js.js?v=78e615f6:3255
[238002812ms] [ERROR] WebSocket connection to 'wss://localhost:8081/app/app-key?protocol=7&client=js&version=8.4.0&flash=false' failed: Error in connection establishment: net::ERR_SSL_PROTOCOL_ERROR @ http://[::1]:5173/node_modules/.vite/deps/pusher-js.js?v=78e615f6:3255
[238062817ms] [ERROR] WebSocket connection to 'wss://localhost:8081/app/app-key?protocol=7&client=js&version=8.4.0&flash=false' failed: Error in connection establishment: net::ERR_SSL_PROTOCOL_ERROR @ http://[::1]:5173/node_modules/.vite/deps/pusher-js.js?v=78e615f6:3255
[238122820ms] [ERROR] WebSocket connection to 'wss://localhost:8081/app/app-key?protocol=7&client=js&version=8.4.0&flash=false' failed: Error in connection establishment: net::ERR_SSL_PROTOCOL_ERROR @ http://[::1]:5173/node_modules/.vite/deps/pusher-js.js?v=78e615f6:3255
[238182825ms] [ERROR] WebSocket connection to 'wss://localhost:8081/app/app-key?protocol=7&client=js&version=8.4.0&flash=false' failed: Error in connection establishment: net::ERR_SSL_PROTOCOL_ERROR @ http://[::1]:5173/node_modules/.vite/deps/pusher-js.js?v=78e615f6:3255
[238242824ms] [ERROR] WebSocket connection to 'wss://localhost:8081/app/app-key?protocol=7&client=js&version=8.4.0&flash=false' failed: Error in connection establishment: net::ERR_SSL_PROTOCOL_ERROR @ http://[::1]:5173/node_modules/.vite/deps/pusher-js.js?v=78e615f6:3255
[238302825ms] [ERROR] WebSocket connection to 'wss://localhost:8081/app/app-key?protocol=7&client=js&version=8.4.0&flash=false' failed: Error in connection establishment: net::ERR_SSL_PROTOCOL_ERROR @ http://[::1]:5173/node_modules/.vite/deps/pusher-js.js?v=78e615f6:3255
[238362830ms] [ERROR] WebSocket connection to 'wss://localhost:8081/app/app-key?protocol=7&client=js&version=8.4.0&flash=false' failed: Error in connection establishment: net::ERR_SSL_PROTOCOL_ERROR @ http://[::1]:5173/node_modules/.vite/deps/pusher-js.js?v=78e615f6:3255
[238422834ms] [ERROR] WebSocket connection to 'wss://localhost:8081/app/app-key?protocol=7&client=js&version=8.4.0&flash=false' failed: Error in connection establishment: net::ERR_SSL_PROTOCOL_ERROR @ http://[::1]:5173/node_modules/.vite/deps/pusher-js.js?v=78e615f6:3255
[238482883ms] [ERROR] WebSocket connection to 'wss://localhost:8081/app/app-key?protocol=7&client=js&version=8.4.0&flash=false' failed: Error in connection establishment: net::ERR_SSL_PROTOCOL_ERROR @ http://[::1]:5173/node_modules/.vite/deps/pusher-js.js?v=78e615f6:3255
[238542890ms] [ERROR] WebSocket connection to 'wss://localhost:8081/app/app-key?protocol=7&client=js&version=8.4.0&flash=false' failed: Error in connection establishment: net::ERR_SSL_PROTOCOL_ERROR @ http://[::1]:5173/node_modules/.vite/deps/pusher-js.js?v=78e615f6:3255
[238602896ms] [ERROR] WebSocket connection to 'wss://localhost:8081/app/app-key?protocol=7&client=js&version=8.4.0&flash=false' failed: Error in connection establishment: net::ERR_SSL_PROTOCOL_ERROR @ http://[::1]:5173/node_modules/.vite/deps/pusher-js.js?v=78e615f6:3255
[238662899ms] [ERROR] WebSocket connection to 'wss://localhost:8081/app/app-key?protocol=7&client=js&version=8.4.0&flash=false' failed: Error in connection establishment: net::ERR_SSL_PROTOCOL_ERROR @ http://[::1]:5173/node_modules/.vite/deps/pusher-js.js?v=78e615f6:3255
[238722903ms] [ERROR] WebSocket connection to 'wss://localhost:8081/app/app-key?protocol=7&client=js&version=8.4.0&flash=false' failed: Error in connection establishment: net::ERR_SSL_PROTOCOL_ERROR @ http://[::1]:5173/node_modules/.vite/deps/pusher-js.js?v=78e615f6:3255
[238782915ms] [ERROR] WebSocket connection to 'wss://localhost:8081/app/app-key?protocol=7&client=js&version=8.4.0&flash=false' failed: Error in connection establishment: net::ERR_SSL_PROTOCOL_ERROR @ http://[::1]:5173/node_modules/.vite/deps/pusher-js.js?v=78e615f6:3255
[238842919ms] [ERROR] WebSocket connection to 'wss://localhost:8081/app/app-key?protocol=7&client=js&version=8.4.0&flash=false' failed: Error in connection establishment: net::ERR_SSL_PROTOCOL_ERROR @ http://[::1]:5173/node_modules/.vite/deps/pusher-js.js?v=78e615f6:3255
[238902914ms] [ERROR] WebSocket connection to 'wss://localhost:8081/app/app-key?protocol=7&client=js&version=8.4.0&flash=false' failed: Error in connection establishment: net::ERR_SSL_PROTOCOL_ERROR @ http://[::1]:5173/node_modules/.vite/deps/pusher-js.js?v=78e615f6:3255
[238962920ms] [ERROR] WebSocket connection to 'wss://localhost:8081/app/app-key?protocol=7&client=js&version=8.4.0&flash=false' failed: Error in connection establishment: net::ERR_SSL_PROTOCOL_ERROR @ http://[::1]:5173/node_modules/.vite/deps/pusher-js.js?v=78e615f6:3255
[239022927ms] [ERROR] WebSocket connection to 'wss://localhost:8081/app/app-key?protocol=7&client=js&version=8.4.0&flash=false' failed: Error in connection establishment: net::ERR_SSL_PROTOCOL_ERROR @ http://[::1]:5173/node_modules/.vite/deps/pusher-js.js?v=78e615f6:3255
[239082930ms] [ERROR] WebSocket connection to 'wss://localhost:8081/app/app-key?protocol=7&client=js&version=8.4.0&flash=false' failed: Error in connection establishment: net::ERR_SSL_PROTOCOL_ERROR @ http://[::1]:5173/node_modules/.vite/deps/pusher-js.js?v=78e615f6:3255
[239142928ms] [ERROR] WebSocket connection to 'wss://localhost:8081/app/app-key?protocol=7&client=js&version=8.4.0&flash=false' failed: Error in connection establishment: net::ERR_SSL_PROTOCOL_ERROR @ http://[::1]:5173/node_modules/.vite/deps/pusher-js.js?v=78e615f6:3255
[239202933ms] [ERROR] WebSocket connection to 'wss://localhost:8081/app/app-key?protocol=7&client=js&version=8.4.0&flash=false' failed: Error in connection establishment: net::ERR_SSL_PROTOCOL_ERROR @ http://[::1]:5173/node_modules/.vite/deps/pusher-js.js?v=78e615f6:3255
[239262935ms] [ERROR] WebSocket connection to 'wss://localhost:8081/app/app-key?protocol=7&client=js&version=8.4.0&flash=false' failed: Error in connection establishment: net::ERR_SSL_PROTOCOL_ERROR @ http://[::1]:5173/node_modules/.vite/deps/pusher-js.js?v=78e615f6:3255
[239322940ms] [ERROR] WebSocket connection to 'wss://localhost:8081/app/app-key?protocol=7&client=js&version=8.4.0&flash=false' failed: Error in connection establishment: net::ERR_SSL_PROTOCOL_ERROR @ http://[::1]:5173/node_modules/.vite/deps/pusher-js.js?v=78e615f6:3255
[239382942ms] [ERROR] WebSocket connection to 'wss://localhost:8081/app/app-key?protocol=7&client=js&version=8.4.0&flash=false' failed: Error in connection establishment: net::ERR_SSL_PROTOCOL_ERROR @ http://[::1]:5173/node_modules/.vite/deps/pusher-js.js?v=78e615f6:3255
[239442943ms] [ERROR] WebSocket connection to 'wss://localhost:8081/app/app-key?protocol=7&client=js&version=8.4.0&flash=false' failed: Error in connection establishment: net::ERR_SSL_PROTOCOL_ERROR @ http://[::1]:5173/node_modules/.vite/deps/pusher-js.js?v=78e615f6:3255
[239502945ms] [ERROR] WebSocket connection to 'wss://localhost:8081/app/app-key?protocol=7&client=js&version=8.4.0&flash=false' failed: Error in connection establishment: net::ERR_SSL_PROTOCOL_ERROR @ http://[::1]:5173/node_modules/.vite/deps/pusher-js.js?v=78e615f6:3255
[239562945ms] [ERROR] WebSocket connection to 'wss://localhost:8081/app/app-key?protocol=7&client=js&version=8.4.0&flash=false' failed: Error in connection establishment: net::ERR_SSL_PROTOCOL_ERROR @ http://[::1]:5173/node_modules/.vite/deps/pusher-js.js?v=78e615f6:3255
[239622952ms] [ERROR] WebSocket connection to 'wss://localhost:8081/app/app-key?protocol=7&client=js&version=8.4.0&flash=false' failed: Error in connection establishment: net::ERR_SSL_PROTOCOL_ERROR @ http://[::1]:5173/node_modules/.vite/deps/pusher-js.js?v=78e615f6:3255
[239682961ms] [ERROR] WebSocket connection to 'wss://localhost:8081/app/app-key?protocol=7&client=js&version=8.4.0&flash=false' failed: Error in connection establishment: net::ERR_SSL_PROTOCOL_ERROR @ http://[::1]:5173/node_modules/.vite/deps/pusher-js.js?v=78e615f6:3255
[239742954ms] [ERROR] WebSocket connection to 'wss://localhost:8081/app/app-key?protocol=7&client=js&version=8.4.0&flash=false' failed: Error in connection establishment: net::ERR_SSL_PROTOCOL_ERROR @ http://[::1]:5173/node_modules/.vite/deps/pusher-js.js?v=78e615f6:3255
[239802962ms] [ERROR] WebSocket connection to 'wss://localhost:8081/app/app-key?protocol=7&client=js&version=8.4.0&flash=false' failed: Error in connection establishment: net::ERR_SSL_PROTOCOL_ERROR @ http://[::1]:5173/node_modules/.vite/deps/pusher-js.js?v=78e615f6:3255
[239862964ms] [ERROR] WebSocket connection to 'wss://localhost:8081/app/app-key?protocol=7&client=js&version=8.4.0&flash=false' failed: Error in connection establishment: net::ERR_SSL_PROTOCOL_ERROR @ http://[::1]:5173/node_modules/.vite/deps/pusher-js.js?v=78e615f6:3255
[239922964ms] [ERROR] WebSocket connection to 'wss://localhost:8081/app/app-key?protocol=7&client=js&version=8.4.0&flash=false' failed: Error in connection establishment: net::ERR_SSL_PROTOCOL_ERROR @ http://[::1]:5173/node_modules/.vite/deps/pusher-js.js?v=78e615f6:3255
[239982964ms] [ERROR] WebSocket connection to 'wss://localhost:8081/app/app-key?protocol=7&client=js&version=8.4.0&flash=false' failed: Error in connection establishment: net::ERR_SSL_PROTOCOL_ERROR @ http://[::1]:5173/node_modules/.vite/deps/pusher-js.js?v=78e615f6:3255
[240042972ms] [ERROR] WebSocket connection to 'wss://localhost:8081/app/app-key?protocol=7&client=js&version=8.4.0&flash=false' failed: Error in connection establishment: net::ERR_SSL_PROTOCOL_ERROR @ http://[::1]:5173/node_modules/.vite/deps/pusher-js.js?v=78e615f6:3255
[240102969ms] [ERROR] WebSocket connection to 'wss://localhost:8081/app/app-key?protocol=7&client=js&version=8.4.0&flash=false' failed: Error in connection establishment: net::ERR_SSL_PROTOCOL_ERROR @ http://[::1]:5173/node_modules/.vite/deps/pusher-js.js?v=78e615f6:3255
[240162976ms] [ERROR] WebSocket connection to 'wss://localhost:8081/app/app-key?protocol=7&client=js&version=8.4.0&flash=false' failed: Error in connection establishment: net::ERR_SSL_PROTOCOL_ERROR @ http://[::1]:5173/node_modules/.vite/deps/pusher-js.js?v=78e615f6:3255
[240222978ms] [ERROR] WebSocket connection to 'wss://localhost:8081/app/app-key?protocol=7&client=js&version=8.4.0&flash=false' failed: Error in connection establishment: net::ERR_SSL_PROTOCOL_ERROR @ http://[::1]:5173/node_modules/.vite/deps/pusher-js.js?v=78e615f6:3255
[240282983ms] [ERROR] WebSocket connection to 'wss://localhost:8081/app/app-key?protocol=7&client=js&version=8.4.0&flash=false' failed: Error in connection establishment: net::ERR_SSL_PROTOCOL_ERROR @ http://[::1]:5173/node_modules/.vite/deps/pusher-js.js?v=78e615f6:3255
[240342984ms] [ERROR] WebSocket connection to 'wss://localhost:8081/app/app-key?protocol=7&client=js&version=8.4.0&flash=false' failed: Error in connection establishment: net::ERR_SSL_PROTOCOL_ERROR @ http://[::1]:5173/node_modules/.vite/deps/pusher-js.js?v=78e615f6:3255
